{
  "format_version": "1.8.0",
  "animations": {
    "animation.wooly_cow.walk": {
      "loop": true,
      "bones": {
        "face": {
          "position": {
            "0": [ 0, 0, 0 ],
            "1.3": [ 0, 0, 0 ]
          },
          "rotation": {
            "0": [ 0, 0, 0 ],
            "1.3": [ 0, 0, 0 ]
          },
          "scale": {
            "0": [ 1, 1, 1 ],
            "1.3": [ 1, 1, 1 ]
          }
        },
        "head": {
          "position": {
            "0": [ 0, 0.15985, 0 ],
            "0.06666667": [ 0, 0.15985, 0 ],
            "0.4": [ 0, 0.002495888, 0 ],
            "0.6333333": [ 0, -0.1325531, 0 ],
            "1.3": [ 0, 0.157924, 0 ]
          },
          "rotation": {
            "0": [ -0.5256613, 0, 0 ],
            "0.06666667": [ -0.5256613, 0, 0 ],
            "0.4": [ 0.06982246, 0.05526976, 0 ],
            "0.6333333": [ 1.666394, 0.07018501, 0 ],
            "1.3": [ -0.4764788, 0.0004622919, 0 ]
          },
          "scale": {
            "0": [ 1, 1, 1 ],
            "1.3": [ 1, 1, 1 ]
          }
        },
        "leg0": {
          "position": {
            "0": [ 0, 0, 0 ],
            "1.3": [ 0, 0, 0 ]
          },
          "rotation": {
            "0": [ -10.84805, 0, 0 ],
            "0.6333333": [ 11.31365, 0, 0 ],
            "1.3": [ -10.84805, 0, 0 ]
          },
          
          "scale": {
            "0": [ 1, 1, 1 ],
            "1.3": [ 1, 1, 1 ]
          }
        },
        "leg1": {
          "position": {
            "0": [ 0, 0, 0 ],
            "1.3": [ 0, 0, 0 ]
          },
          "rotation": {
            "0": [ 11.09721, 0, 0 ],
            "0.6333333": [ -8.766518, 0, 0 ],
            "1.3": [ 11.09721, 0, 0 ]
          },
          "scale": {
            "0": [ 1, 1, 1 ],
            "1.3": [ 1, 1, 1 ]
          }
        },
        "leg2": {
          "position": {
            "0": [ 0, 0, 0 ],
            "1.3": [ 0, 0, 0 ]
          },
          "rotation": {
            "0": [ 10.81533, 0, 0 ],
            "0.6333333": [ -7.884601, 0, 0 ],
            "1.3": [ 10.81533, 0, 0 ]
          },
          "scale": {
            "0": [ 1, 1, 1 ],
            "1.3": [ 1, 1, 1 ]
          }
        },
        "leg3": {
          "position": {
            "0": [ 0, 0, 0 ],
            "1.3": [ 0, 0, 0 ]
          },
          "rotation": {
            "0": [ -9.004322, 0, 0 ],
            "0.6333333": [ 10.36894, 0, 0 ],
            "1.3": [ -9.004322, 0, 0 ]
          },
          "scale": {
            "0": [ 1, 1, 1 ],
            "1.3": [ 1, 1, 1 ]
          }
        },
        "body": {
          "position": {
            "0": [ 0, 0, 0 ],
            "1.3": [ 0, 0, 0 ]
          },
          "rotation": {
            "0": [ 0, 0, 0 ],
            "1.3": [ 0, 0, 0 ]
          },
          "scale": {
            "0": [ 1, 1, 1 ],
            "1.3": [ 1, 1, 1 ]
          }
        },
        "root": {
          "position": {
            "0": [ 0, 0, 0 ],
            "1.3": [ 0, 0, 0 ]
          },
          "rotation": {
            "0": [ 0, 0, 0 ],
            "1.3": [ 0, 0, 0 ]
          },
          "scale": {
            "0": [ 1, 1, 1 ],
            "1.3": [ 1, 1, 1 ]
          }
        }
      }
    }
  }
}