{
  "format_version": "1.8.0",
  "animations": {
    "animation.wooly_cow.shake": {
      "loop": true,
      "sound_effects": {
        "0.0": { "effect": "shake" }
      },
      "bones": {
        "face": {
          "position": {
            "0": [ 0, 0, 0 ],
            "4.433333": [ 0, 0, 0 ]
          },
          "rotation": {
            "0": [ 0, 0, 0 ],
            "4.433333": [ 0, 0, 0 ]
          },
          "scale": {
            "0": [ 1, 1, 1 ],
            "4.433333": [ 1, 1, 1 ]
          }
        },
        "head": {
          "position": {
            "0": [ 0, 0, 0 ],
            "2.333333": [ 0, 0, 0 ],
            "2.666667": [ -0.0884813, -0.7638922, -0.07068356 ],
            "3.2": [ 0.01779188, -0.7638922, -0.0246702 ],
            "3.5": [ -0.06729835, -0.7638922, -0.001869489 ],
            "3.8": [ 0.07964404, -0.7638922, -0.001032584 ],
            "4.066667": [ -0.06729835, -0.7638922, -0.001869489 ],
            "4.566667": [ 0, 0, 0 ]
          },
          "rotation": {
            "0": [ 0, 0, 0 ],
            "0.4333333": [ 17.51863, -7.396643, -1.362315 ],
            "0.6": [ 20.08796, -8.316417, -1.701442 ],
            "0.7": [ 5.892961, -5.268796, -7.433426 ],
            "0.8": [ -18.53834, 5.562719, -9.017077 ],
            "1": [ -20.71211, 5.901253, -8.036854 ],
            "1.366667": [ -1.301752, 0, 0 ],
            "1.666667": [ -0.382381, 0, 0 ],
            "2": [ -1.199992, 0, 0 ],
            "2.333333": [ 0, 0, 0 ],
            "2.666667": [ 31.74697, -2.697299, 4.515589 ],
            "2.9": [ 28.07757, -7.437243, 12.91056 ],
            "3.2": [ 28.38837, 4.111411, -11.08082 ],
            "3.5": [ 28.01735, -7.679035, 13.36837 ],
            "3.8": [ 28.31016, 4.661471, -12.10326 ],
            "4.066667": [ 27.81356, -6.580027, 11.3539 ],
            "4.566667": [ 0, 0, 0 ]
          },
          "scale": {
            "0": [ 1, 1, 1 ],
            "4.566667": [ 1, 1, 1 ]
          }
        },
        "leg0": {
          "position": {
            "0": [ 0, 0, 0 ],
            "2.2": [ 0, 0, 0 ],
            "2.6": [ 0, 0.1564142, 0 ],
            "2.733333": [ 0, 0.1564142, 0 ],
            "2.933333": [ 0.3034401, 0.1089858, 0 ],
            "3.066667": [ 0.3034401, 0.1089858, 0 ],
            "3.3": [ -0.3003202, 0.7022929, 0 ],
            "3.333333": [ -0.3003202, 0.7022929, 0 ],
            "3.6": [ 0.3034401, 0.1089858, 0 ],
            "3.633333": [ 0.3034401, 0.1089858, 0 ],
            "3.866667": [ -0.3003202, 0.7022929, 0 ],
            "3.9": [ -0.3003202, 0.7022929, 0 ],
            "4.166667": [ 0.3034401, 0.1089858, 0 ],
            "4.433333": [ 0, 0, 0 ]
          },
          "rotation": {
            "0": [ 0, 0, 0 ],
            "2.733333": [ 0, 0, 0 ],
            "2.933333": [ 0, 0, -3.386343 ],
            "3.066667": [ 0, 0, -3.386343 ],
            "3.3": [ 0, 0, 3.981904 ],
            "3.333333": [ 0, 0, 3.981904 ],
            "3.6": [ 0, 0, -3.386343 ],
            "3.633333": [ 0, 0, -3.386343 ],
            "3.866667": [ 0, 0, 3.981904 ],
            "3.9": [ 0, 0, 3.981904 ],
            "4.166667": [ 0, 0, -3.386343 ],
            "4.433333": [ 0, 0, 0 ]
          },
          "scale": {
            "0": [ 1, 1, 1 ],
            "4.433333": [ 1, 1, 1 ]
          }
        },
        "leg1": {
          "position": {
            "0": [ 0, 0, 0 ],
            "2.2": [ 0, 0, 0 ],
            "2.6": [ 0, 0.1564142, 0 ],
            "2.733333": [ 0, 0.1564142, 0 ],
            "2.933333": [ 0.2831964, 0.4705769, 0 ],
            "3.066667": [ 0.2831964, 0.4705769, 0 ],
            "3.3": [ -0.3301494, 0.2818777, 0 ],
            "3.333333": [ -0.3301494, 0.2818777, 0 ],
            "3.6": [ 0.2831964, 0.4705769, 0 ],
            "3.633333": [ 0.2831964, 0.4705769, 0 ],
            "3.866667": [ -0.3301494, 0.2818777, 0 ],
            "3.9": [ -0.3301494, 0.2818777, 0 ],
            "4.166667": [ 0.2831964, 0.4705769, 0 ],
            "4.433333": [ 0, 0, 0 ]
          },
          "rotation": {
            "0": [ 0, 0, 0 ],
            "2.733333": [ 0, 0, 0 ],
            "2.933333": [ 0, 0, -3.386343 ],
            "3.066667": [ 0, 0, -3.386343 ],
            "3.3": [ 0, 0, 3.981904 ],
            "3.333333": [ 0, 0, 3.981904 ],
            "3.6": [ 0, 0, -3.386343 ],
            "3.633333": [ 0, 0, -3.386343 ],
            "3.866667": [ 0, 0, 3.981904 ],
            "3.9": [ 0, 0, 3.981904 ],
            "4.166667": [ 0, 0, -3.386343 ],
            "4.433333": [ 0, 0, 0 ]
          },
          "scale": {
            "0": [ 1, 1, 1 ],
            "4.433333": [ 1, 1, 1 ]
          }
        },
        "leg2": {
          "position": {
            "0": [ 0, 0, 0 ],
            "2.2": [ 0, 0, 0 ],
            "2.6": [ 0, 0.1564142, 0 ],
            "2.733333": [ 0, 0.1564142, 0 ],
            "2.933333": [ 0.3034401, 0.1089858, 0 ],
            "3.066667": [ 0.3034401, 0.1089858, 0 ],
            "3.3": [ -0.3003202, 0.7022929, 0 ],
            "3.333333": [ -0.3003202, 0.7022929, 0 ],
            "3.6": [ 0.3034401, 0.1089858, 0 ],
            "3.633333": [ 0.3034401, 0.1089858, 0 ],
            "3.866667": [ -0.3003202, 0.7022929, 0 ],
            "3.9": [ -0.3003202, 0.7022929, 0 ],
            "4.166667": [ 0.3034401, 0.1089858, 0 ],
            "4.433333": [ 0, 0, 0 ]
          },
          "rotation": {
            "0": [ 0, 0, 0 ],
            "2.733333": [ 0, 0, 0 ],
            "2.933333": [ 0, 0, -3.386343 ],
            "3.066667": [ 0, 0, -3.386343 ],
            "3.3": [ 0, 0, 3.981904 ],
            "3.333333": [ 0, 0, 3.981904 ],
            "3.6": [ 0, 0, -3.386343 ],
            "3.633333": [ 0, 0, -3.386343 ],
            "3.866667": [ 0, 0, 3.981904 ],
            "3.9": [ 0, 0, 3.981904 ],
            "4.166667": [ 0, 0, -3.386343 ],
            "4.433333": [ 0, 0, 0 ]
          },
          "scale": {
            "0": [ 1, 1, 1 ],
            "4.433333": [ 1, 1, 1 ]
          }
        },
        "leg3": {
          "position": {
            "0": [ 0, 0, 0 ],
            "2.2": [ 0, 0, 0 ],
            "2.6": [ 0, 0.1564142, 0 ],
            "2.733333": [ 0, 0.1564142, 0 ],
            "2.933333": [ 0.2831964, 0.4705769, 0 ],
            "3.066667": [ 0.2831964, 0.4705769, 0 ],
            "3.3": [ -0.3301494, 0.2818777, 0 ],
            "3.333333": [ -0.3301494, 0.2818777, 0 ],
            "3.6": [ 0.2831964, 0.4705769, 0 ],
            "3.633333": [ 0.2831964, 0.4705769, 0 ],
            "3.866667": [ -0.3301494, 0.2818777, 0 ],
            "3.9": [ -0.3301494, 0.2818777, 0 ],
            "4.166667": [ 0.2831964, 0.4705769, 0 ],
            "4.433333": [ 0, 0, 0 ]
          },
          "rotation": {
            "0": [ 0, 0, 0 ],
            "2.733333": [ 0, 0, 0 ],
            "2.933333": [ 0, 0, -3.386343 ],
            "3.066667": [ 0, 0, -3.386343 ],
            "3.3": [ 0, 0, 3.981904 ],
            "3.333333": [ 0, 0, 3.981904 ],
            "3.6": [ 0, 0, -3.386343 ],
            "3.633333": [ 0, 0, -3.386343 ],
            "3.866667": [ 0, 0, 3.981904 ],
            "3.9": [ 0, 0, 3.981904 ],
            "4.166667": [ 0, 0, -3.386343 ],
            "4.433333": [ 0, 0, 0 ]
          },
          "scale": {
            "0": [ 1, 1, 1 ],
            "4.433333": [ 1, 1, 1 ]
          }
        },
        "body": {
          "position": {
            "0": [ 0, 0, 0 ],
            "2.2": [ 0, 0, 0 ],
            "2.6": [ 0, -0.1564142, 0 ],
            "2.733333": [ 0, -0.1564142, 0 ],
            "2.933333": [ -0.01287054, -0.2704675, 0 ],
            "3.066667": [ -0.01287054, -0.2704675, 0 ],
            "3.3": [ 0.00451833, -0.476724, 0 ],
            "3.333333": [ 0.00451833, -0.476724, 0 ],
            "3.6": [ -0.01287054, -0.2704675, 0 ],
            "3.633333": [ -0.01287054, -0.2704675, 0 ],
            "3.866667": [ 0.00451833, -0.476724, 0 ],
            "3.9": [ 0.00451833, -0.476724, 0 ],