{
  "format_version": "1.8.0",
  "animations": {
    "animation.wooly_cow.prep": {
      "loop": false,
      "bones": {
        "head": {
          "position": {
            "0": [ 0, 0, 0 ],
            "0.8": [ 0, 0, 0 ]
          },
          "rotation": {
            "0": [ 0, 0, 0 ],
            "0.15": [ 3.471087, 0, 0 ],
            "0.55": [ 3.471087, 0, 0 ],
            "0.65": [ -1.248561, 0, 0 ],
            "0.8": [ 0, 0, 0 ]
          },
          "scale": {
            "0": [ 1, 1, 1 ],
            "0.8": [ 1, 1, 1 ]
          }
        },
        "leg0": {
          "position": {
            "0": [ 0, 0, 0 ],
            "0.1": [ 0, 0.1853739, 0 ],
            "0.2": [ 0, 0.2657566, 0 ],
            "0.25": [ 0, 0.4032224, 0 ],
            "0.3": [ 0, 0.3110124, 0 ],
            "0.4": [ 0, 0.4778414, 0 ],
            "0.45": [ 0, 0.3531433, 0 ],
            "0.5": [ 0, 0.4668844, 0 ],
            "0.55": [ 0, 0.4215615, 0 ],
            "0.6": [ 0, 0.376101, 0 ],
            "0.65": [ 0, 0.3909315, 0 ],
            "0.7": [ 0, 0.1701927, 0 ],
            "0.75": [ 0, 0, 0 ]
          },
          "rotation": {
            "0": [ 0, 0, 0 ],
            "0.75": [ 0, 0, 0 ]
          },
          "scale": {
            "0": [ 1, 1, 1 ],
            "0.75": [ 1, 1, 1 ]
          }
        },
        "leg1": {
          "position": {
            "0": [ 0, 0, 0 ],
            "0.1": [ 0, 0.1853739, 0 ],
            "0.2": [ 0, 0.2657566, 0 ],
            "0.25": [ 0, 0.4032224, 0 ],
            "0.3": [ 0, 0.3110124, 0 ],
            "0.4": [ 0, 0.4778414, 0 ],
            "0.45": [ 0, 0.3531433, 0 ],
            "0.5": [ 0, 0.4668844, 0 ],
            "0.55": [ 0, 0.4215615, 0 ],
            "0.6": [ 0, 0.376101, 0 ],
            "0.65": [ 0, 0.3909315, 0 ],
            "0.7": [ 0, 0.1701927, 0 ],
            "0.75": [ 0, 0, 0 ]
          },
          "rotation": {
            "0": [ 0, 0, 0 ],
            "0.75": [ 0, 0, 0 ]
          },
          "scale": {
            "0": [ 1, 1, 1 ],
            "0.75": [ 1, 1, 1 ]
          }
        },
        "leg2": {
          "position": {
            "0": [ 0, 0, 0 ],
            "0.1": [ 0, 0.1853739, 0 ],
            "0.2": [ 0, 0.2657566, 0 ],
            "0.25": [ 0, 0.4032224, 0 ],
            "0.3": [ 0, 0.3110124, 0 ],
            "0.4": [ 0, 0.4778414, 0 ],
            "0.45": [ 0, 0.3531433, 0 ],
            "0.5": [ 0, 0.4668844, 0 ],
            "0.55": [ 0, 0.4215615, 0 ],
            "0.6": [ 0, 0.376101, 0 ],
            "0.65": [ 0, 0.3909315, 0 ],
            "0.7": [ 0, 0.1701927, 0 ],
            "0.75": [ 0, 0, 0 ]
          },
          "rotation": {
            "0": [ 0, 0, 0 ],
            "0.75": [ 0, 0, 0 ]
          },
          "scale": {
            "0": [ 1, 1, 1 ],
            "0.75": [ 1, 1, 1 ]
          }
        },
        "leg3": {
          "position": {
            "0": [ 0, 0, 0 ],
            "0.1": [ 0, 0.1853739, 0 ],
            "0.2": [ 0, 0.2657566, 0 ],
            "0.25": [ 0, 0.4032224, 0 ],
            "0.3": [ 0, 0.3110124, 0 ],
            "0.4": [ 0, 0.4778414, 0 ],
            "0.45": [ 0, 0.3531433, 0 ],
            "0.5": [ 0, 0.4668844, 0 ],
            "0.55": [ 0, 0.4215615, 0 ],
            "0.6": [ 0, 0.376101, 0 ],
            "0.65": [ 0, 0.3909315, 0 ],
            "0.7": [ 0, 0.1701927, 0 ],
            "0.75": [ 0, 0, 0 ]
          },
          "rotation": {
            "0": [ 0, 0, 0 ],
            "0.75": [ 0, 0, 0 ]
          },
          "scale": {
            "0": [ 1, 1, 1 ],
            "0.75": [ 1, 1, 1 ]
          }
        },
        "body": {
          "position": {
            "0": [ 0, 0, 0 ],
            "0.1": [ 0, -0.1964873, 0 ],
            "0.2": [ 0, -0.2753326, 0 ],
            "0.25": [ 0, -0.4217485, 0 ],
            "0.3": [ 0, -0.3186818, 0 ],
            "0.4": [ 0, -0.4768132, 0 ],
            "0.45": [ 0, -0.3538772, 0 ],
            "0.5": [ 0, -0.4648911, 0 ],
            "0.55": [ 0, -0.4207012, 0 ],
            "0.6": [ 0, -0.4207012, 0 ],
            "0.65": [ 0, -0.3889865, 0 ],
            "0.75": [ 0, 0, 0 ]
          },
          "rotation": {
            "0": [ 0, 0, 0 ],
            "0.75": [ 0, 0, 0 ]
          },
          "scale": {
            "0": [ 1, 1, 1 ],
            "0.75": [ 1, 1, 1 ]
          }
        },
        "root": {
          "position": {
            "0.5": [ 0, 0, 0 ],
            "0.55": [ 0, 1.038207, 0 ],
            "0.65": [ 0, 0, 0 ]
          },
          "rotation": {
            "0.5": [ 0, 0, 0 ],
            "0.65": [ 0, 0, 0 ]
          },
          "scale": {
            "0.5": [ 1, 1, 1 ],
            "0.65": [ 1, 1, 1 ]
          }
        }
      }
    }
  }
}