{
  "format_version": "1.8.0",
  "animations": {
    "animation.horned_sheep.ramming": {
      "loop": false,
      "sound_effects": {
        "0.0": { "effect": "ram" },
        "0.0": { "effect": "impact"}
      },
      "bones": {
        "head": {
          "position": {
            "0": [ 0, -3.01651, -1.592228 ],
            "0.2333333": [ 0, -2.030794, -1.918756 ],
            "0.5": [ 0, -3.130247, 0.9094365 ],
            "0.5666667": [ 0, -2.357457, -2.254003 ],
            "0.6": [ 0, 0.4325064, -4.642809 ],
            "0.7": [ 0, 0, 1.160748 ],
            "0.7666667": [ 0, 0, 0.4703328 ],
            "0.8333333": [ 0, 0, 0 ]
          },
          "rotation": {
            "0": [ 56.97743, 0, 0 ],
            "0.2333333": [ 53.39837, 0, 0 ],
            "0.4": [ 58.32143, 0, 15.32208 ],
            "0.5": [ 68.39754, 0, 22.41401 ],
            "0.5666667": [ 80.10761, 0, 0 ],
            "0.6": [ 52.77956, 0, 0 ],
            "0.7": [ -16.84327, 0, 0 ],
            "0.7666667": [ -11.88109, 0, 0 ],
            "0.8333333": [ 5.36367, 0, 0 ]
          },
          "scale": {
            "0": [ 1, 1, 1 ],
            "0.5": [ 1, 1, 1 ],
            "0.5666667": [ 1, 1.171521, 1 ],
            "0.6": [ 1, 1.177244, 1 ],
            "0.7": [ 1, 1, 1 ],
            "0.8333333": [ 1, 1, 1 ]
          }
        },
        "leg0": {
          "position": {
            "0.6": [ 0, 0, 0 ],
            "0.7": [ 0, 1.599237, -0.1150554 ],
            "0.7666667": [ 0, 1.283877, -0.04049952 ],
            "0.8333333": [ 0, 0, 0 ]
          },
          "rotation": {
            "0.6": [ 0, 0, 0 ],
            "0.7": [ 14.11557, 0, 0 ],
            "0.7666667": [ 14.40913, 0, 0 ],
            "0.8333333": [ 0, 0, 0 ]
          },
          "scale": {
            "0.6": [ 1, 1, 1 ],
            "0.8333333": [ 1, 1, 1 ]
          }
        },
        "leg1": {
          "position": {
            "0.5666667": [ 0, 0, 0 ],
            "0.7": [ 0, 1.599237, -0.1150554 ],
            "0.7666667": [ 0, 1.058416, -0.09591214 ],
            "0.8666667": [ 0, 0, 0 ]
          },
          "rotation": {
            "0.5666667": [ 0, 0, 0 ],
            "0.7": [ 26.2438, 0, 0 ],
            "0.7666667": [ -11.83512, 0, 0 ],
            "0.8666667": [ 0, 0, 0 ]
          },
          "scale": {
            "0.5666667": [ 1, 1, 1 ],
            "0.8666667": [ 1, 1, 1 ]
          }
        },
        "leg2": {
          "position": {
            "0.5333334": [ 0, 0, 0 ],
            "0.6": [ 0, 1.184297, -0.3251029 ],
            "0.6666667": [ 0, 1.184297, -0.3251029 ],
            "0.7333333": [ 0, 0, 0 ],
            "0.8": [ 0, 0, 0 ]
          },
          "rotation": {
            "0.5333334": [ 0, 0, 0 ],
            "0.6": [ 27.52514, 0, 0 ],
            "0.6666667": [ -2.041226, 0, 0 ],
            "0.7333333": [ -18.65441, 0, 0 ],
            "0.8": [ 0, 0, 0 ]
          },
          "scale": {
            "0.5333334": [ 1, 1, 1 ],
            "0.8": [ 1, 1, 1 ]
          }
        },
        "leg3": {
          "position": {
            "0.5333334": [ 0, 0, 0 ],
            "0.6": [ 0, 1.184297, -0.3251029 ],
            "0.6666667": [ 0, 1.184297, -0.3251029 ],
            "0.7666667": [ 0, 0, 0 ]
          },
          "rotation": {
            "0.5333334": [ 0, 0, 0 ],
            "0.6": [ 20.01862, 0, 0 ],
            "0.6666667": [ -2.041226, 0, 0 ],
            "0.7": [ -14.2826, 0, 0 ],
            "0.7333333": [ -12.53372, 0, 0 ],
            "0.7666667": [ 0, 0, 0 ]
          },
          "scale": {
            "0.5333334": [ 1, 1, 1 ],
            "0.7666667": [ 1, 1, 1 ]
          }
        },
        "body_floof": {
          "position": {
            "0": [ 0, 0, 0 ],
            "0.2333333": [ 0, 0, 0 ],
            "0.5": [ 0, 0.1776974, 1.618145 ],
            "0.5666667": [ 0, 0, 0.2375086 ],
            "0.6333333": [ 0, 0.03264235, 0.01655586 ],
            "0.6666667": [ 0, 0.01811578, 0.2086318 ],
            "0.7333333": [ 0, 0, 0.8723547 ],
            "0.8666667": [ 0, 0, 0 ]
          },
          "rotation": {
            "0": [ 3.393911, 0, 0 ],
            "0.2333333": [ 6.624393, 0, 0 ],
            "0.4": [ 9.129827, 0, 0 ],
            "0.5": [ 11.64756, 0, 0 ],
            "0.5666667": [ 1.207564, 0, 0 ],
            "0.6333333": [ -4.252144, 0, 0 ],
            "0.6666667": [ -3.809921, 0, 0 ],
            "0.7333333": [ 0, 0, 0 ],
            "0.8666667": [ 0, 0, 0 ]
          },
          "scale": {
            "0": [ 1, 1, 1 ],
            "0.8666667": [ 1, 1, 1 ]
          }
        }
      }
    }
  }
}