{
  "format_version": "1.8.0",
  "animations": {
    "animation.horned_sheep.prep_transition": {
      "loop": false,
      "sound_effects": {
        "0.0": { "effect": "prep.transition" }
      },
      "bones": {
        "head": {
          "position": {
            "0": [ 0, 0, 0 ],
            "0.03333334": [ 0, 0.2611642, 0.05593323 ],
            "0.06666667": [ 0, 0.837538, 0.1771585 ],
            "0.1": [ 0, 1.418443, 0.2938141 ],
            "0.1333333": [ 0, 1.918447, 0.3643344 ],
            "0.1666667": [ 0, 2.827132, 0.3692687 ],
            "0.2": [ 0, 3.404765, 0.3699736 ],
            "0.2333333": [ 0, 2.661206, 0.3577314 ],
            "0.2666667": [ 0, 1.035692, 0.272036 ],
            "0.3": [ 0, -0.5640368, 0.03943429 ],
            "0.3333333": [ 0, -2.111337, -0.8590316 ],
            "0.3666667": [ 0, -3.01651, -1.592228 ]
          },
          "rotation": {
            "0": [ 0, 0, 0 ],
            "0.03333334": [ -4.937437, 0, 0 ],
            "0.06666667": [ -14.10696, 0, 0 ],
            "0.1": [ -19.0444, 0, 0 ],
            "0.1333333": [ -18.83662, 0, 0 ],
            "0.1666667": [ -17.92123, 0, 0 ],
            "0.2": [ -15.86014, 0, 0 ],
            "0.2333333": [ -12.21526, 0, 0 ],
            "0.2666667": [ -6.548507, 0, 0 ],
            "0.3": [ 1.578211, 0, 0 ],
            "0.3333333": [ 31.6535, 0, 0 ],
            "0.3666667": [ 56.97743, 0, 0 ]
          },
          "scale": {
            "0": [ 1, 1, 1 ],
            "0.3666667": [ 1, 1, 1 ]
          }
        },
        "leg0": {
          "position": {
            "0": [ 0, 0, 0 ],
            "0.2": [ 0, 0, 0 ],
            "0.2333333": [ 0, 0.1397596, -0.0058328 ],
            "0.2666667": [ 0, 0.2795192, -0.0116656 ],
            "0.3": [ 0, 0.1397596, -0.0058328 ],
            "0.3333333": [ 0, 0, 0 ],
            "0.3666667": [ 0, 0, 0 ]
          },
          "rotation": {
            "0": [ 0, 0, 0 ],
            "0.2": [ 0, 0, 0 ],
            "0.2333333": [ 1.194912, 0, 0 ],
            "0.2666667": [ 2.389825, 0, 0 ],
            "0.3": [ 1.194912, 0, 0 ],
            "0.3333333": [ 0, 0, 0 ],
            "0.3666667": [ 0, 0, 0 ]
          },
          "scale": {
            "0": [ 1, 1, 1 ],
            "0.3666667": [ 1, 1, 1 ]
          }
        },
        "leg1": {
          "position": {
            "0": [ 0, 0, 0 ],
            "0.2": [ 0, 0, 0 ],
            "0.2333333": [ 0, 0.005353444, -0.00182275 ],
            "0.2666667": [ 0, 0.01713102, -0.0058328 ],
            "0.3": [ 0, 0.0289086, -0.009842849 ],
            "0.3333333": [ 0, 0.03426205, -0.0116656 ],
            "0.3666667": [ 0, 0, 0 ]
          },
          "rotation": {
            "0": [ 0, 0, 0 ],
            "0.2": [ 0, 0, 0 ],
            "0.2333333": [ 0.5049387, 0, 0 ],
            "0.2666667": [ 1.615804, 0, 0 ],
            "0.3": [ 2.726669, 0, 0 ],
            "0.3333333": [ 3.231607, 0, 0 ],
            "0.3666667": [ 0, 0, 0 ]
          },
          "scale": {
            "0": [ 1, 1, 1 ],
            "0.3666667": [ 1, 1, 1 ]
          }
        },
        "leg2": {
          "position": {
            "0": [ 0, 0, 0 ],
            "0.06666667": [ 0, 0, 0 ],
            "0.1": [ 0, 0.4987693, -0.178128 ],
            "0.1333333": [ 0, 1.596062, -0.5700095 ],
            "0.1666667": [ 0, 2.693354, -0.9618911 ],
            "0.2": [ 0, 3.192124, -1.140019 ],
            "0.2333333": [ 0, 2.364536, -0.8444586 ],
            "0.2666667": [ 0, 0.8275876, -0.2955605 ],
            "0.3": [ 0, 0, 0 ],
            "0.3666667": [ 0, 0, 0 ]
          },
          "rotation": {
            "0": [ 0, 0, 0 ],
            "0.06666667": [ 0, 0, 0 ],
            "0.1": [ 0.2562538, 0, 0 ],
            "0.1333333": [ 0.8200122, 0, 0 ],
            "0.1666667": [ 1.383771, 0, 0 ],
            "0.2": [ 1.640024, 0, 0 ],
            "0.2333333": [ 1.214833, 0, 0 ],
            "0.2666667": [ 0.4251915, 0, 0 ],
            "0.3": [ 0, 0, 0 ],
            "0.3666667": [ 0, 0, 0 ]
          },
          "scale": {
            "0": [ 1, 1, 1 ],
            "0.3666667": [ 1, 1, 1 ]
          }
        },
        "leg3": {
          "position": {
            "0": [ 0, 0, 0 ],
            "0.06666667": [ 0, 0, 0 ],
            "0.1": [ 0, 0.5286933, -0.1823463 ],
            "0.1333333": [ 0, 1.691819, -0.583508 ],
            "0.1666667": [ 0, 2.854944, -0.9846697 ],
            "0.2": [ 0, 3.383637, -1.167016 ],
            "0.2333333": [ 0, 1.691819, -0.583508 ],
            "0.2666667": [ 0, 0, 0 ],
            "0.3666667": [ 0, 0, 0 ]
          },
          "rotation": {
            "0": [ 0, 0, 0 ],
            "0.06666667": [ 0, 0, 0 ],
            "0.1": [ 0.3792518, 0, 0 ],
            "0.1333333": [ 1.213606, 0, 0 ],
            "0.1666667": [ 2.04796, 0, 0 ],
            "0.2": [ 2.427212, 0, 0 ],
            "0.2333333": [ 1.213606, 0, 0 ],
            "0.2666667": [ 0, 0, 0 ],
            "0.3666667": [ 0, 0, 0 ]
          },
          "scale": {
            "0": [ 1, 1, 1 ],
            "0.3666667": [ 1, 1, 1 ]
          }
        },
        "body_floof": {
          "position": {
            "0": [ 0, 0, 0 ],
            "0.3666667": [ 0, 0, 0 ]
          },
          "rotation": {
            "0": [ 0, 0, 0 ],
            "0.03333334": [ -0.7290001, 0, 0 ],
            "0.06666667": [ -2.538772, 0, 0 ],
            "0.1": [ -4.863472, 0, 0 ],
            "0.1333333": [ -7.137259, 0, 0 ],
            "0.1666667": [ -10.2627, 0, 0 ],
            "0.2": [ -12.35829, 0, 0 ],
            "0.2333333": [ -12.0703, 0, 0 ],
            "0.2666667": [ -5.810716, 0, 0 ],
            "0.3": [ 1.464176, 0, 0 ],
            "0.3333333": [ 2.957613, 0, 0 ],
            "0.3666667": [ 3.393911, 0, 0 ]
          },
          "scale": {
            "0": [ 1, 1, 1 ],
            "0.3666667": [ 1, 1, 1 ]
          }
        },
        "body": {
          "position": {
            "0": [ 0, 0, 0 ],
            "0.3666667": [ 0, 0, 0 ]
          },
          "rotation": {
            "0": [ 0, 0, 0 ],
            "0.3666667": [ 0, 0, 0 ]
          },
          "scale": {
            "0": [ 1, 1, 1 ],
            "0.3666667": [ 1, 1, 1 ]
          }
        }
      }
    }
  }
}