{
  "format_version": "1.8.0",
  "animations": {
    "animation.horned_sheep.charge": {
      "loop": true,
      "sound_effects": {
        "0.0": { "effect": "charge" }
      },
      "bones": {
        "head": {
          "position": {
            "0": [ 0, -3.01651, -1.592228 ],
            "0.03333334": [ 0, 0.3795327, -1.414854 ],
            "0.06666667": [ 0, 2.265263, -1.782143 ],
            "0.1": [ 0, 3.127064, -2.357448 ],
            "0.1333333": [ 0, 2.844504, -2.822229 ],
            "0.1666667": [ 0, 1.677709, -3.078992 ],
            "0.2": [ 0, -1.576673, -2.877365 ],
            "0.2333333": [ 0, -3.946819, -2.675737 ],
            "0.2666667": [ 0, -3.705627, -2.675737 ],
            "0.3": [ 0, -3.283543, -2.159177 ]
          },
          "rotation": {
            "0": [ 56.97743, 0, 0 ],
            "0.03333334": [ 28.92729, 0, 0 ],
            "0.06666667": [ 22.71542, 0, 0 ],
            "0.1": [ 21.61588, 0, 0 ],
            "0.1333333": [ 21.18276, 0, 0 ],
            "0.1666667": [ 21.12088, 0, 0 ],
            "0.2": [ 34.9817, 0, 0 ],
            "0.2333333": [ 56.97743, 0, 0 ],
            "0.2666667": [ 69.93036, 0, 0 ],
            "0.3": [ 63.4539, 0, 0 ]
          },
          "scale": {
            "0": [ 1, 1, 1 ],
            "0.3": [ 1, 1, 1 ]
          }
        },
        "leg0": {
          "position": {
            "0": [ 0, 0, 0 ],
            "0.1333333": [ 0, 0, 0 ],
            "0.1666667": [ 0, 1.226149, -0.02041504 ],
            "0.2": [ 0, 2.58242, -0.04083008 ],
            "0.2333333": [ 0, 2.73423, 0.043028 ],
            "0.2666667": [ 0, 2.755918, 0.1268861 ],
            "0.3": [ 0, 0.3354836, -0.1065204 ]
          },
          "rotation": {
            "0": [ 0, 0, 0 ],
            "0.03333334": [ 6.079064, 0, 0 ],
            "0.06666667": [ 19.45301, 0, 0 ],
            "0.1": [ 32.82695, 0, 0 ],
            "0.1333333": [ 38.90601, 0, 0 ],
            "0.1666667": [ 23.29876, 0, 0 ],
            "0.2": [ -1.696512, 0, 0 ],
            "0.2333333": [ -23.64135, 0, 0 ],
            "0.2666667": [ -36.19817, 0, 0 ],
            "0.3": [ -9.259936, 0, 0 ]
          },
          "scale": {
            "0": [ 1, 1, 1 ],
            "0.3": [ 1, 1, 1 ]
          }
        },
        "leg1": {
          "position": {
            "0": [ 0, 0, 0 ],
            "0.1333333": [ 0, 0, 0 ],
            "0.1666667": [ 0, 1.226149, -0.02041504 ],
            "0.2": [ 0, 2.58242, -0.04083008 ],
            "0.2333333": [ 0, 2.73423, 0.043028 ],
            "0.2666667": [ 0, 2.755918, 0.1268861 ],
            "0.3": [ 0, 0.3354836, -0.1065204 ]
          },
          "rotation": {
            "0": [ 0, 0, 0 ],
            "0.03333334": [ 6.079064, 0, 0 ],
            "0.06666667": [ 19.45301, 0, 0 ],
            "0.1": [ 32.82695, 0, 0 ],
            "0.1333333": [ 38.90601, 0, 0 ],
            "0.1666667": [ 23.29876, 0, 0 ],
            "0.2": [ -1.696512, 0, 0 ],
            "0.2333333": [ -23.64135, 0, 0 ],
            "0.2666667": [ -36.19817, 0, 0 ],
            "0.3": [ -9.259936, 0, 0 ]
          },
          "scale": {
            "0": [ 1, 1, 1 ],
            "0.3": [ 1, 1, 1 ]
          }
        },
        "leg2": {
          "position": {
            "0": [ 0, 0, 0 ],
            "0.03333334": [ 0, 0, 0 ],
            "0.06666667": [ 0, 2.00871, 0 ],
            "0.1": [ 0, 3.123861, -0.5013659 ],
            "0.1333333": [ 0, 2.690501, -0.8575901 ],
            "0.1666667": [ 0, 1.866658, -1.040412 ],
            "0.2": [ 0, 0.7380877, -0.5202061 ],
            "0.2333333": [ 0, 0, 0 ],
            "0.3": [ 0, 0, 0 ]
          },
          "rotation": {
            "0": [ 0, 0, 0 ],
            "0.03333334": [ 9.610498, 0, 0 ],
            "0.06666667": [ 25.28123, 0, 0 ],
            "0.1": [ -10.89332, 0, 0 ],
            "0.1333333": [ -32.99715, 0, 0 ],
            "0.1666667": [ -43.61781, 0, 0 ],
            "0.2": [ -36.49221, 0, 0 ],
            "0.2333333": [ -24.01735, 0, 0 ],
            "0.2666667": [ -10.36375, 0, 0 ],
            "0.3": [ -0.8237674, 0, 0 ]
          },
          "scale": {
            "0": [ 1, 1, 1 ],
            "0.3": [ 1, 1, 1 ]
          }
        },
        "leg3": {
          "position": {
            "0": [ 0, 0, 0 ],
            "0.03333334": [ 0, 0, 0 ],
            "0.06666667": [ 0, 2.00871, 0 ],
            "0.1": [ 0, 3.123861, -0.5013659 ],
            "0.1333333": [ 0, 2.690501, -0.8575901 ],
            "0.1666667": [ 0, 1.866658, -1.040412 ],
            "0.2": [ 0, 0.7380877, -0.5202061 ],
            "0.2333333": [ 0, 0, 0 ],
            "0.3": [ 0, 0, 0 ]
          },
          "rotation": {
            "0": [ 0, 0, 0 ],
            "0.03333334": [ 9.610498, 0, 0 ],
            "0.06666667": [ 25.28123, 0, 0 ],
            "0.1": [ -10.89332, 0, 0 ],
            "0.1333333": [ -32.99715, 0, 0 ],
            "0.1666667": [ -43.61781, 0, 0 ],
            "0.2": [ -36.49221, 0, 0 ],
            "0.2333333": [ -24.01735, 0, 0 ],
            "0.2666667": [ -10.36375, 0, 0 ],
            "0.3": [ -0.8237674, 0, 0 ]
          },
          "scale": {
            "0": [ 1, 1, 1 ],
            "0.03333334": [ 1, 1, 1 ],
            "0.06666667": [ 1, 0.9447132, 1 ],
            "0.1": [ 1, 0.958023, 1 ],
            "0.1333333": [ 1, 0.9774757, 1 ],
            "0.1666667": [ 1, 0.9723566, 1 ],
            "0.2": [ 1, 0.9792674, 1 ],
            "0.2333333": [ 1, 1, 1 ],
            "0.3": [ 1, 1, 1 ]
          }
        },
        "body_floof": {
          "position": {
            "0": [ 0, 0, 0 ],
            "0.1333333": [ 0, 0, 0 ],
            "0.1666667": [ 0, 0.3486041, 0.1106089 ],
            "0.2": [ 0, 0.8646894, 0.2212177 ],
            "0.2333333": [ 0, 1.18601, 0.1466237 ],
            "0.2666667": [ 0, 1.339849, 0.07202963 ],
            "0.3": [ 0, 1.048808, 0.03915406 ]
          },
          "rotation": {
            "0": [ 3.393911, 0, 0 ],
            "0.06666667": [ 3.393911, 0, 0 ],
            "0.1": [ -0.2957784, 0, 0 ],
            "0.1333333": [ -4.038856, 0, 0 ],
            "0.1666667": [ -5.36118, 0, 0 ],
            "0.2": [ -5.563793, 0, 0 ],
            "0.2333333": [ -5.362542, 0, 0 ],
            "0.2666667": [ -3.953788, 0, 0 ],
            "0.3": [ 1.342701, 0, 0 ]
          },
          "scale": {
            "0": [ 1, 1, 1 ],
            "0.3": [ 1, 1, 1 ]
          }
        }
      }
    }
  }
}