{
  "format_version": "1.8.0",
  "animations": {
    "animation.horned_sheep.prep_to_ram": {
      "loop": true,
      "sound_effects": {
        "0.0": { "effect": "prep" }
      },
      "bones": {
        "head": {
          "position": {
            "0": [ 0, -2.950379, -1.592063 ],
            "0.03333334": [ 0, -2.827564, -1.591729 ],
            "0.06666667": [ 0, -2.761433, -1.591472 ],
            "0.1": [ 0, -2.797954, -1.591339 ],
            "0.1333333": [ 0, -2.889256, -1.591222 ],
            "0.1666667": [ 0, -3.007948, -1.591123 ],
            "0.2": [ 0, -3.126641, -1.591047 ],
            "0.2333333": [ 0, -3.217943, -1.590998 ],
            "0.2666667": [ 0, -3.254464, -1.590981 ],
            "0.3": [ 0, -3.073716, -1.590981 ],
            "0.3333333": [ 0, -2.738041, -1.590981 ],
            "0.3666667": [ 0, -2.557293, -1.590981 ],
            "0.4": [ 0, -2.603028, -1.590981 ],
            "0.4333333": [ 0, -2.717365, -1.590981 ],
            "0.4666667": [ 0, -2.866003, -1.590981 ],
            "0.5": [ 0, -3.014641, -1.590981 ],
            "0.5333334": [ 0, -3.128978, -1.590981 ],
            "0.5666667": [ 0, -3.174713, -1.590981 ],
            "0.6": [ 0, -3.085102, -1.590981 ],
            "0.6333333": [ 0, -2.887958, -1.590981 ],
            "0.6666667": [ 0, -2.690813, -1.590981 ],
            "0.7": [ 0, -2.601202, -1.590981 ],
            "0.7333333": [ 0, -2.74989, -1.590981 ],
            "0.7666667": [ 0, -3.026025, -1.590981 ],
            "0.8": [ 0, -3.174713, -1.590981 ],
            "0.8333333": [ 0, -3.084029, -1.590981 ],
            "0.8666667": [ 0, -2.884526, -1.590981 ],
            "0.9": [ 0, -2.685022, -1.590981 ],
            "0.9333333": [ 0, -2.594339, -1.590981 ],
            "0.9666666": [ 0, -2.685022, -1.590981 ],
            "1": [ 0, -2.884526, -1.590981 ],
            "1.033333": [ 0, -3.084029, -1.590981 ],
            "1.066667": [ 0, -3.174713, -1.590981 ],
            "1.1": [ 0, -3.024245, -1.590981 ],
            "1.133333": [ 0, -2.744806, -1.590981 ],
            "1.166667": [ 0, -2.594339, -1.590981 ],
            "1.2": [ 0, -2.685022, -1.590981 ],
            "1.233333": [ 0, -2.884526, -1.590981 ],
            "1.266667": [ 0, -3.084029, -1.590981 ],
            "1.3": [ 0, -3.174713, -1.590981 ],
            "1.333333": [ 0, -3.084029, -1.590981 ],
            "1.366667": [ 0, -2.884526, -1.590981 ],
            "1.4": [ 0, -2.685022, -1.590981 ],
            "1.433333": [ 0, -2.594339, -1.590981 ],
            "1.466667": [ 0, -2.682245, -1.590981 ],
            "1.5": [ 0, -2.875639, -1.590981 ],
            "1.533333": [ 0, -3.069033, -1.590981 ],
            "1.566667": [ 0, -3.156939, -1.590981 ],
            "1.6": [ 0, -3.130886, -1.590981 ],
            "1.633333": [ 0, -3.082503, -1.590981 ],
            "1.666667": [ 0, -3.05645, -1.590981 ],
            "1.7": [ 0, -3.064071, -1.590981 ],
            "1.733333": [ 0, -3.078224, -1.590981 ],
            "1.766667": [ 0, -3.085845, -1.590981 ],
            "1.8": [ 0, -3.077178, -1.591604 ]
          },
          "rotation": {
            "0": [ 56.78727, 0, 0 ],
            "0.03333334": [ 56.40374, 0, 0 ],
            "0.06666667": [ 56.10729, 0, 0 ],
            "0.1": [ 55.95473, 0, 0 ],
            "0.1333333": [ 55.81915, 0, 0 ],
            "0.1666667": [ 55.70533, 0, 0 ],
            "0.2": [ 55.61809, 0, 0 ],
            "0.2333333": [ 55.56222, 0, 0 ],
            "0.2666667": [ 55.54253, 0, 0 ],
            "0.3": [ 56.37256, 0, 0 ],
            "0.3333333": [ 57.91404, 0, 0 ],
            "0.3666667": [ 58.74407, 0, 0 ],
            "0.4": [ 58.38329, 0, 0 ],
            "0.4333333": [ 57.48133, 0, 0 ],
            "0.4666667": [ 56.3088, 0, 0 ],
            "0.5": [ 55.13626, 0, 0 ],
            "0.5333334": [ 54.23431, 0, 0 ],
            "0.5666667": [ 53.87353, 0, 0 ],
            "0.6": [ 54.35473, 0, 0 ],
            "0.6333333": [ 55.41338, 0, 0 ],
            "0.6666667": [ 56.47203, 0, 0 ],
            "0.7": [ 56.95323, 0, 0 ],
            "0.7333333": [ 56.38697, 0, 0 ],
            "0.7666667": [ 55.33535, 0, 0 ],
            "0.8": [ 54.7691, 0, 0 ],
            "0.8333333": [ 55.16057, 0, 0 ],
            "0.8666667": [ 56.02182, 0, 0 ],
            "0.9": [ 56.88306, 0, 0 ],
            "0.9333333": [ 57.27453, 0, 0 ],
            "0.9666666": [ 56.74313, 0, 0 ],
            "1": [ 55.57403, 0, 0 ],
            "1.033333": [ 54.40494, 0, 0 ],
            "1.066667": [ 53.87353, 0, 0 ],
            "1.1": [ 54.67197, 0, 0 ],
            "1.133333": [ 56.15479, 0, 0 ],
            "1.166667": [ 56.95323, 0, 0 ],
            "1.2": [ 56.61196, 0, 0 ],
            "1.233333": [ 55.86116, 0, 0 ],
            "1.266667": [ 55.11037, 0, 0 ],
            "1.3": [ 54.7691, 0, 0 ],
            "1.333333": [ 55.16057, 0, 0 ],
            "1.366667": [ 56.02182, 0, 0 ],
            "1.4": [ 56.88306, 0, 0 ],
            "1.433333": [ 57.27453, 0, 0 ],
            "1.466667": [ 56.74313, 0, 0 ],
            "1.5": [ 55.57403, 0, 0 ],
            "1.533333": [ 54.40494, 0, 0 ],
            "1.566667": [ 53.87353, 0, 0 ],
            "1.6": [ 54.28231, 0, 0 ],
            "1.633333": [ 55.14944, 0, 0 ],
            "1.666667": [ 55.93615, 0, 0 ],
            "1.7": [ 56.53517, 0, 0 ],
            "1.733333": [ 57.05376, 0, 0 ],
            "1.766667": [ 57.27486, 0, 0 ],
            "1.8": [ 57.23768, 0, 0 ]
          },
          "scale": {
            "0": [ 1, 1, 1 ],
            "1.8": [ 1, 1, 1 ]
          }
        },
        "leg0": {
          "position": {
            "0": [ 0, 0, 0 ],
            "0.3": [ 0, 0, 0 ],
            "0.3333333": [ 0, 0.1342421, 0 ],
            "0.3666667": [ 0, 0.4295748, 0 ],
            "0.4": [ 0, 0.7249075, 0 ],
            "0.4333333": [ 0, 0.8591496, 0 ],
            "0.4666667": [ 0, 0.7249075, 0 ],
            "0.5": [ 0, 0.4295748, 0 ],
            "0.5333334": [ 0, 0.1342421, 0 ],
            "0.5666667": [ 0, 0, 0 ],
            "0.6": [ 0, 0.000139705, 0 ],
            "0.6333333": [ 0, 0.000447056, 0 ],
            "0.6666667": [ 0, 0.000754407, 0 ],
            "0.7": [ 0, 0.000894112, 0 ],
            "0.7333333": [ 0, 0.0006623052, 0 ],
            "0.7666667": [ 0, 0.0002318068, 0 ],
            "0.8": [ 0, 0, 0 ],
            "0.8333333": [ 0, 0.06693885, 0 ],
            "0.8666667": [ 0, 0.2142043, 0 ],
            "0.9": [ 0, 0.3614697, 0 ],
            "0.9333333": [ 0, 0.4284086, 0 ],
            "0.9666666": [ 0, 0.3614697, 0 ],
            "1": [ 0, 0.2142043, 0 ],
            "1.033333": [ 0, 0.06693885, 0 ],
            "1.066667": [ 0, 0, 0 ],
            "1.3": [ 0, 0, 0 ],
            "1.333333": [ 0, 0.08385335, 0 ],
            "1.366667": [ 0, 0.2683307, 0 ],
            "1.4": [ 0, 0.4528081, 0 ],
            "1.433333": [ 0, 0.5366614, 0 ],
            "1.466667": [ 0, 0.4528081, 0 ],
            "1.5": [ 0, 0.2683307, 0 ],
            "1.533333": [ 0, 0.08385335, 0 ],
            "1.566667": [ 0, 0, 0 ],
            "1.8": [ 0, 0, 0 ]
          },
          "rotation": {
            "0": [ 0, 0, 0 ],
            "1.8": [ 0, 0, 0 ]
          },
          "scale": {
            "0": [ 1, 1, 1 ],
            "1.8": [ 1, 1, 1 ]
          }
        },
        "leg1": {
          "position": {
            "0": [ 0, 0, 0 ],
            "0.1333333": [ 0, 0, 0 ],
            "0.1666667": [ 0, 0.03643038, 0 ],
            "0.2": [ 0, 0.1040868, 0 ],
            "0.2333333": [ 0, 0.1405172, 0 ],
            "0.2666667": [ 0, 0.0702586, 0 ],
            "0.3": [ 0, 0, 0 ],
            "0.5666667": [ 0, 0, 0 ],
            "0.6": [ 0, 0.01210001, 0 ],
            "0.6333333": [ 0, 0.03872002, 0 ],
            "0.6666667": [ 0, 0.06534003, 0 ],
            "0.7": [ 0, 0.07744004, 0 ],
            "0.7333333": [ 0, 0.05736299, 0 ],
            "0.7666667": [ 0, 0.02007705, 0 ],
            "0.8": [ 0, 0, 0 ],
            "1.066667": [ 0, 0, 0 ],