{
  "format_version": "1.8.0",
  "animations": {
    "animation.sand_mound_tappable_award": {
      "loop": false,
      "bones": {
        "root": {
          "position": {
            "0": [ -1.176552, 0, -1.17896 ],
            "0.03333334": [ -1.176552, 0, -1.17896 ],
            "0.06666667": [ -1.176552, 0, -1.17896 ],
            "0.1": [ -1.176552, 0, -1.17896 ],
            "0.1333333": [ -1.176552, 0, -1.17896 ],
            "0.1666667": [ -1.176552, 0, -1.17896 ],
            "0.2": [ -1.176552, 0, -1.17896 ],
            "0.2333333": [ -1.176552, 0, -1.17896 ],
            "0.2666667": [ -1.176552, 0, -1.17896 ],
            "0.3": [ -1.176552, 0, -1.17896 ]
          },
          "rotation": {
            "0": [ 0, 0, 0 ],
            "0.03333334": [ 0, 0, 0 ],
            "0.06666667": [ 0, 0, 0 ],
            "0.1": [ 0, 0, 0 ],
            "0.1333333": [ 0, 0, 0 ],
            "0.1666667": [ 0, 0, 0 ],
            "0.2": [ 0, 0, 0 ],
            "0.2333333": [ 0, 0, 0 ],
            "0.2666667": [ 0, 0, 0 ],
            "0.3": [ 0, 0, 0 ]
          },
          "scale": {
            "0": [ 0.6077088, 0.4678021, 0.6077088 ],
            "0.03333334": [ 0.5455086, 0.3759269, 0.5455084 ],
            "0.06666667": [ 0.5365434, 0.3496965, 0.5365434 ],
            "0.1": [ 1.288951, 1.244093, 1.27009 ],
            "0.1333333": [ 1.599201, 1.599201, 1.599201 ],
            "0.1666667": [ 1.658005, 1.658005, 1.658005 ],
            "0.2": [ 1.599201, 1.599201, 1.599201 ],
            "0.2333333": [ 1.398342, 1.398342, 1.398342 ],
            "0.2666667": [ 1.132285, 1.132285, 1.132285 ],
            "0.3": [ 1, 1, 1 ]
          }
        }
      }
    }
  }
}