{
  "format_version": "1.8.0",
  "animations": {
    "animation.sand_mound_tappable_award_loop": {
      "loop": true,
      "bones": {
        "root": {
          "position": {
            "0": [ -3.971105, 0, -3.973981 ],
            "0.03333334": [ -2.636547, 0, -0.2705452 ],
            "0.06666667": [ -1.164234, 0, 4.3872 ],
            "0.1": [ -1.902988, 0, -1.361288 ],
            "0.1333333": [ -2.641743, 0, -7.109776 ],
            "0.1666667": [ -1.958364, 0, -1.160152 ],
            "0.2": [ -1.274985, 0, 4.789474 ],
            "0.2333333": [ -3.421805, 0, -0.1263587 ]
          },
          "rotation": {
            "0": [ 0, 0, 0 ],
            "0.03333334": [ 0, 0, 0 ],
            "0.06666667": [ 0, 0, 0 ],
            "0.1": [ 0, 0, 0 ],
            "0.1333333": [ 0, 0, 0 ],
            "0.1666667": [ 0, 0, 0 ],
            "0.2": [ 0, 0, 0 ],
            "0.2333333": [ 0, 0, 0 ]
          },
          "scale": {
            "0": [ 0.6100153, 0.4695777, 0.6100153 ],
            "0.03333334": [ 0.5888481, 0.4532835, 0.5888481 ],
            "0.06666667": [ 0.5676808, 0.4369894, 0.5676808 ],
            "0.1": [ 0.5718437, 0.4401939, 0.5718437 ],
            "0.1333333": [ 0.5817706, 0.4478355, 0.5817706 ],
            "0.1666667": [ 0.5936189, 0.4569561, 0.5936189 ],
            "0.2": [ 0.6035458, 0.4645976, 0.6035458 ],
            "0.2333333": [ 0.6077088, 0.4678021, 0.6077088 ]
          }
        }
      }
    }
  }
}