{
  "format_version": "1.8.0",
  "animations": {
    "animation.squid_tappable_tap_2": {
      "loop": false,
      "bones": {
        "head": {
          "position": {
            "0.06666667": [ 0, 0, 0 ],
            "0.3333333": [ 0, 0, 0 ],
            "0.4": [ 0, 0, 0 ]
          },
          "rotation": {
            "0.06666667": [ 15.6559, -18.13366, 0 ],
            "0.1333333": [ -7.089262, -9.066828, 0 ],
            "0.2": [ -14.76592, 0, 0 ],
            "0.3333333": [ 16.08022, 0, 0 ],
            "0.4": [ 20.62662, 0, 0 ]
          },
          "scale": {
            "0.06666667": [ 1, 1, 1 ],
            "0.3333333": [ 1, 1, 1 ],
            "0.4": [ 1, 1, 1 ]
          }
        },
        "leg0": {
          "position": {
            "0.06666667": [ 0, 0, 0 ],
            "0.1333333": [ 0, 0, 0 ],
            "0.2": [ 0, 0, 0 ],
            "0.4333333": [ 0, 0, 0 ]
          },
          "rotation": {
            "0.06666667": [ 42.98456, 0, 0 ],
            "0.1333333": [ 30.00916, 0, 0 ],
            "0.2": [ 0, 0, 0 ],
            "0.4333333": [ 0, 0, 0 ]
          },
          "scale": {
            "0.06666667": [ 1, 1, 1 ],
            "0.1333333": [ 1, 1, 1 ],
            "0.2": [ 1, 1, 1 ],
            "0.4333333": [ 1, 1, 1 ]
          }
        },
        "leg1": {
          "position": {
            "0.06666667": [ 0, 0, 0 ],
            "0.1333333": [ 0, 0, 0 ],
            "0.2": [ 0, 0, 0 ],
            "0.4333333": [ 0, 0, 0 ]
          },
          "rotation": {
            "0.06666667": [ 31.75905, 0, 0 ],
            "0.1333333": [ 30.00916, 0, 0 ],
            "0.2": [ 0, 0, 0 ],
            "0.4333333": [ 0, 0, 0 ]
          },
          "scale": {
            "0.06666667": [ 1, 1, 1 ],
            "0.1333333": [ 1, 1, 1 ],
            "0.2": [ 1, 1, 1 ],
            "0.4333333": [ 1, 1, 1 ]
          }
        },
        "leg2": {
          "position": {
            "0.06666667": [ 0, 0, 0 ],
            "0.2": [ 0, 0, 0 ],
            "0.4333333": [ 0, 0, 0 ]
          },
          "rotation": {
            "0.06666667": [ -38.36539, 0, 0 ],
            "0.1333333": [ -32.43576, 0, 0 ],
            "0.2": [ 0, 0, 0 ],
            "0.4333333": [ 0, 0, 0 ]
          },
          "scale": {
            "0.06666667": [ 1, 1, 1 ],
            "0.2": [ 1, 1, 1 ],
            "0.4333333": [ 1, 1, 1 ]
          }
        },
        "leg3": {
          "position": {
            "0.06666667": [ 0, 0, 0 ],
            "0.2": [ 0, 0, 0 ],
            "0.4333333": [ 0, 0, 0 ]
          },
          "rotation": {
            "0.06666667": [ -52.76345, 0, 0 ],
            "0.1333333": [ -39.40629, 0, 0 ],
            "0.2": [ 0, 0, 0 ],
            "0.4333333": [ 0, 0, 0 ]
          },
          "scale": {
            "0.06666667": [ 1, 1, 1 ],
            "0.2": [ 1, 1, 1 ],
            "0.4333333": [ 1, 1, 1 ]
          }
        },
        "body": {
          "position": {
            "0": [ 0, 3.171808, 0 ],
            "0.06666667": [ 0, 12.0684, 0 ],
            "0.1333333": [ 0, 12.9432, 0 ],
            "0.2333333": [ 0, 0.05503119, 0 ],
            "0.2666667": [ 0, -0.5787596, 0 ],
            "0.3": [ 0, -1.016585, 0 ],
            "0.3333333": [ 0, -1.114533, 0 ],
            "0.4333333": [ 0, 0.05503119, 0 ]
          },
          "rotation": {
            "0": [ -6.689121, -6.629355, 0 ],
            "0.06666667": [ -10.12536, -2.564836, 0 ],
            "0.1333333": [ 2.27767, -2.564836, 0 ],
            "0.2": [ 3.242003, -2.564836, 0 ],
            "0.2333333": [ 0, -2.564836, 0 ],
            "0.2666667": [ 0, -2.564836, 0 ],
            "0.3": [ 0, -2.564836, 0 ],
            "0.4333333": [ 0, -2.564836, 0 ]
          },
          "scale": {
            "0": [ 1, 1, 1 ],
            "0.06666667": [ 1, 1, 1 ],
            "0.1333333": [ 1, 1, 1 ],
            "0.2333333": [ 1, 1, 1 ],
            "0.2666667": [ 1, 0.9526311, 1 ],
            "0.3": [ 1, 0.9052622, 1 ],
            "0.3333333": [ 1, 0.8895622, 1 ],
            "0.4333333": [ 1, 1, 1 ]
          }
        }
      }
    }
  }
}