{
  "format_version": "1.8.0",
  "animations": {
    "animation.squid_tappable_award_transition": {
      "loop": false,
      "bones": {
        "nose": {
          "position": {
            "0": [ 0, 0, 0 ]
          },
          "rotation": {
            "0": [ 0, 0, 0 ]
          },
          "scale": {
            "0": [ 1, 1, 1 ]
          }
        },
        "head": {
          "position": {
            "0": [ 0, 0, 0 ],
            "0.1666667": [ 0, 0, 0 ],
            "0.6666667": [ 0, 0, 0 ]
          },
          "rotation": {
            "0": [ -17.30851, -44.43023, 0 ],
            "0.1666667": [ -17.30851, -44.43023, 0 ],
            "0.5": [ -17.30851, 0, 0 ],
            "0.6666667": [ -17.30851, 0, 0 ]
          },
          "scale": {
            "0": [ 1, 1, 1 ],
            "0.1666667": [ 1, 1, 1 ],
            "0.6666667": [ 1, 1, 1 ]
          }
        },
        "leg0": {
          "position": {
            "0": [ 0, 0, 0 ],
            "0.3333333": [ 0, 0, 0 ],
            "0.5": [ 0, 0, 0 ],
            "0.6666667": [ 0, 0, 0 ]
          },
          "rotation": {
            "0": [ 0, 0, 0 ],
            "0.1666667": [ 35.44156, 0, 0 ],
            "0.3333333": [ -22.09555, 0, 0 ],
            "0.5": [ 35.442, 0, 0 ],
            "0.6666667": [ 0, 0, 0 ]
          },
          "scale": {
            "0": [ 1, 1, 1 ],
            "0.3333333": [ 1, 1, 1 ],
            "0.5": [ 1, 1, 1 ],
            "0.6666667": [ 1, 1, 1 ]
          }
        },
        "leg1": {
          "position": {
            "0": [ 0, 0, 0 ],
            "0.3333333": [ 0, 0, 0 ],
            "0.5": [ 0, 0, 0 ],
            "0.6666667": [ 0, 0, 0 ]
          },
          "rotation": {
            "0": [ 0, 0, 0 ],
            "0.1666667": [ -12.1027, 0, 0 ],
            "0.3333333": [ 30.1949, 0, 0 ],
            "0.5": [ -12.103, 0, 0 ],
            "0.6666667": [ 0, 0, 0 ]
          },
          "scale": {
            "0": [ 1, 1, 1 ],
            "0.3333333": [ 1, 1, 1 ],
            "0.5": [ 1, 1, 1 ],
            "0.6666667": [ 1, 1, 1 ]
          }
        },
        "leg2": {
          "position": {
            "0": [ 0, 0, 0 ],
            "0.3333333": [ 0, 0, 0 ],
            "0.5": [ 0, 0, 0 ],
            "0.6666667": [ 0, 0, 0 ]
          },
          "rotation": {
            "0": [ 0, 0, 0 ],
            "0.1666667": [ 23.50391, 0, 0 ],
            "0.3333333": [ -39.17675, 0, 0 ],
            "0.5": [ 23.504, 0, 0 ],
            "0.6666667": [ 0, 0, 0 ]
          },
          "scale": {
            "0": [ 1, 1, 1 ],
            "0.3333333": [ 1, 1, 1 ],
            "0.5": [ 1, 1, 1 ],
            "0.6666667": [ 1, 1, 1 ]
          }
        },
        "leg3": {
          "position": {
            "0": [ 0, 0, 0 ],
            "0.3333333": [ 0, 0, 0 ],
            "0.5": [ 0, 0, 0 ],
            "0.6666667": [ 0, 0, 0 ]
          },
          "rotation": {
            "0": [ 0, 0, 0 ],
            "0.1666667": [ -31.22983, 0, 0 ],
            "0.3333333": [ 16.48574, 0, 0 ],
            "0.5": [ -31.23, 0, 0 ],
            "0.6666667": [ 0, 0, 0 ]
          },
          "scale": {
            "0": [ 1, 1, 1 ],
            "0.3333333": [ 1, 1, 1 ],
            "0.5": [ 1, 1, 1 ],
            "0.6666667": [ 1, 1, 1 ]
          }
        },
        "body": {
          "position": {
            "0": [ 0, 0, 0 ],
            "0.5": [ 0, 0, 0 ],
            "0.6666667": [ 0, 0, 0 ]
          },
          "rotation": {
            "0": [ 0, 0, 0 ],
            "0.5333334": [ 0, -45, 0 ],
            "0.6": [ 0, -45, 0 ],
            "0.6666667": [ 0, -45, 0 ]
          },
          "scale": {
            "0": [ 1, 1, 1 ],
            "0.6666667": [ 1, 1, 1 ]
          }
        }
      }
    }
  }
}