{
  "format_version": "1.8.0",
  "animations": {
    "animation.squid_tappable_tap_3": {
      "loop": false,
      "bones": {
        "head": {
          "position": {
            "0.06666667": [ 0, 0, 0 ],
            "0.1333333": [ 0, 0, 0 ],
            "0.1666667": [ 0, 0, 0 ],
            "0.2333333": [ 0, 0, 0 ],
            "0.3666667": [ 0, 0, 0 ],
            "0.5": [ 0, 0, 0 ]
          },
          "rotation": {
            "0": [ -1.902963, 0, 0 ],
            "0.06666667": [ -10.43591, 0, 0 ],
            "0.1333333": [ 2.934486, 0.6662766, 0 ],
            "0.1666667": [ 2.934486, -4.966725, 0 ],
            "0.2333333": [ 2.934486, -5.855611, 0 ],
            "0.3666667": [ -21.07229, 4.763367, 0 ],
            "0.5": [ 25.56695, -20.93018, 0 ]
          },
          "scale": {
            "0.06666667": [ 1, 1, 1 ],
            "0.1333333": [ 1, 1, 1 ],
            "0.1666667": [ 1, 1, 1 ],
            "0.2333333": [ 1, 1, 1 ],
            "0.3666667": [ 1, 1, 1 ],
            "0.5": [ 1, 1, 1 ]
          }
        },
        "leg0": {
          "position": {
            "0.1333333": [ 0, 0, 0 ],
            "0.1666667": [ 0, 0, 0 ],
            "0.2333333": [ 0, 0, 0 ],
            "0.3333333": [ 0, 0, 0 ],
            "0.4666667": [ 0, 0, 0 ]
          },
          "rotation": {
            "0.1333333": [ 0, 0, 0 ],
            "0.1666667": [ 0, 0, 0 ],
            "0.2333333": [ 47.60841, 0, 0 ],
            "0.3333333": [ 0, 0, 0 ],
            "0.4666667": [ 0, 0, 0 ],
            "0.6333333": [ 0, 0, 0 ]
          },
          "scale": {
            "0.1333333": [ 1, 1, 1 ],
            "0.1666667": [ 1, 1, 1 ],
            "0.2333333": [ 1, 1, 1 ],
            "0.3333333": [ 1, 1, 1 ],
            "0.4666667": [ 1, 1, 1 ]
          }
        },
        "leg1": {
          "position": {
            "0.1333333": [ 0, 0, 0 ],
            "0.1666667": [ 0, 0, 0 ],
            "0.2333333": [ 0, 0, 0 ],
            "0.3333333": [ 0, 0, 0 ],
            "0.4666667": [ 0, 0, 0 ]
          },
          "rotation": {
            "0.1333333": [ 0, 0, 0 ],
            "0.1666667": [ 0, 0, 0 ],
            "0.2333333": [ 31.04025, 0, 0 ],
            "0.3333333": [ 0, 0, 0 ],
            "0.4666667": [ 0, 0, 0 ],
            "0.6333333": [ 0, 0, 0 ]
          },
          "scale": {
            "0.1333333": [ 1, 1, 1 ],
            "0.1666667": [ 1, 1, 1 ],
            "0.2333333": [ 1, 1, 1 ],
            "0.3333333": [ 1, 1, 1 ],
            "0.4666667": [ 1, 1, 1 ]
          }
        },
        "leg2": {
          "position": {
            "0.1333333": [ 0, 0, 0 ],
            "0.1666667": [ 0, 0, 0 ],
            "0.2333333": [ 0, 0, 0 ],
            "0.3333333": [ 0, 0, 0 ],
            "0.4666667": [ 0, 0, 0 ]
          },
          "rotation": {
            "0.1333333": [ 0, 0, 0 ],
            "0.1666667": [ 0, 0, 0 ],
            "0.2333333": [ -43.43575, 0, 0 ],
            "0.3333333": [ 0, 0, 0 ],
            "0.4666667": [ 0, 0, 0 ],
            "0.6333333": [ 0, 0, 0 ]
          },
          "scale": {
            "0.1333333": [ 1, 1, 1 ],
            "0.1666667": [ 1, 1, 1 ],
            "0.2333333": [ 1, 1, 1 ],
            "0.3333333": [ 1, 1, 1 ],
            "0.4666667": [ 1, 1, 1 ]
          }
        },
        "leg3": {
          "position": {
            "0.1333333": [ 0, 0, 0 ],
            "0.1666667": [ 0, 0, 0 ],
            "0.2333333": [ 0, 0, 0 ],
            "0.3333333": [ 0, 0, 0 ],
            "0.4666667": [ 0, 0, 0 ],
            "0.5666667": [ 0, 0, 0 ],
            "0.6333333": [ 0, 0, 0 ]
          },
          "rotation": {
            "0.1333333": [ 0, 0, 0 ],
            "0.1666667": [ 0, 0, 0 ],
            "0.2333333": [ -22.97881, 0, 0 ],
            "0.3333333": [ 0, 0, 0 ],
            "0.4666667": [ 0, 0, 0 ],
            "0.5666667": [ 0, 0, 0 ],
            "0.6333333": [ 0, 0, 0 ]
          },
          "scale": {
            "0.1333333": [ 1, 1, 1 ],
            "0.1666667": [ 1, 1, 1 ],
            "0.2333333": [ 1, 1, 1 ],
            "0.3333333": [ 1, 1, 1 ],
            "0.4666667": [ 1, 1, 1 ],
            "0.5666667": [ 1, 1, 1 ],
            "0.6333333": [ 1, 1, 1 ]
          }
        },
        "body": {
          "position": {
            "0.06666667": [ 0, -1.975907, 0 ],
            "0.1666667": [ 0, 9.280034, 0 ],
            "0.2333333": [ 0, 14.21746, 0 ],
            "0.2666667": [ 0, 14.13005, 0 ],
            "0.3666667": [ 0, 0.6178312, 0 ],
            "0.4": [ 0, -1.467598, 0 ],
            "0.5333334": [ 0, 0.05503119, 0 ],
            "0.6333333": [ 0, 0.05503119, 0 ]
          },
          "rotation": {
            "0.06666667": [ 0, -2.564836, 0 ],
            "0.1666667": [ 0, 0, 0 ],
            "0.2333333": [ 0, 0, 0 ],
            "0.3666667": [ 0, 0, 0 ],
            "0.4": [ 0, 0, 0 ],
            "0.5333334": [ 0, 0, 0 ],
            "0.6333333": [ 0, 0, 0 ]
          },
          "scale": {
            "0.06666667": [ 1, 0.8225138, 1 ],
            "0.1666667": [ 1, 1.102389, 1 ],
            "0.2333333": [ 1, 1.102389, 1 ],
            "0.3666667": [ 1, 1.05724, 1 ],
            "0.4": [ 1, 0.842782, 1 ],
            "0.5333334": [ 1, 1, 1 ],
            "0.6333333": [ 1, 1, 1 ]
          }
        }
      }
    }
  }
}