{
  "format_version": "1.8.0",
  "animations": {
    "animation.squid_tappable_tap_5": {
      "loop": false,
      "bones": {
        "head": {
          "position": {
            "0": [ 0, 0, 0 ],
            "0.1666667": [ 0, 0, 0 ],
            "0.2666667": [ 0, 0, 0 ],
            "0.4333333": [ 0, 0, 0 ],
            "0.6": [ 0, 0, 0 ]
          },
          "rotation": {
            "0": [ -17.191, -6.909372, 0 ],
            "0.1666667": [ 13.65847, -12.49066, 0 ],
            "0.2666667": [ -28.79073, -22.68369, 0 ],
            "0.3333333": [ 8.939033, -12.34605, 0 ],
            "0.4333333": [ -17.191, 6.684587, 0 ],
            "0.6": [ -20.14048, -14.6141, 0 ]
          },
          "scale": {
            "0": [ 1, 1, 1 ],
            "0.1666667": [ 1, 1, 1 ],
            "0.2666667": [ 1, 1, 1 ],
            "0.4333333": [ 1, 1, 1 ],
            "0.6": [ 1, 1, 1 ]
          }
        },
        "leg0": {
          "position": {
            "0.1666667": [ 0, 0, 0 ],
            "0.3333333": [ 0, 0, 0 ],
            "0.5": [ 0, 0, 0 ],
            "0.6": [ 0, 0, 0 ]
          },
          "rotation": {
            "0.1666667": [ 0, 0, 0 ],
            "0.3333333": [ 0, 0, 0 ],
            "0.5": [ 0, 0, 0 ],
            "0.6": [ 0, 0, 0 ]
          },
          "scale": {
            "0.1666667": [ 1, 1, 1 ],
            "0.3333333": [ 1, 1, 1 ],
            "0.5": [ 1, 1, 1 ],
            "0.6": [ 1, 1, 1 ]
          }
        },
        "leg1": {
          "position": {
            "0.1666667": [ 0, 0, 0 ],
            "0.3333333": [ 0, 0, 0 ],
            "0.5": [ 0, 0, 0 ],
            "0.6": [ 0, 0, 0 ]
          },
          "rotation": {
            "0.1666667": [ 0, 0, 0 ],
            "0.3333333": [ 0, 0, 0 ],
            "0.5": [ 0, 0, 0 ],
            "0.6": [ 0, 0, 0 ]
          },
          "scale": {
            "0.1666667": [ 1, 1, 1 ],
            "0.3333333": [ 1, 1, 1 ],
            "0.5": [ 1, 1, 1 ],
            "0.6": [ 1, 1, 1 ]
          }
        },
        "leg2": {
          "position": {
            "0": [ 0, 0, 0 ],
            "0.1666667": [ 0, 0, 0 ],
            "0.2666667": [ 0, 0, 0 ],
            "0.3333333": [ 0, 0, 0 ],
            "0.6": [ 0, 0, 0 ]
          },
          "rotation": {
            "0": [ 0, 0, 0 ],
            "0.1666667": [ 0, 0, -8.580029 ],
            "0.2666667": [ -12.34194, 0, -3.02017 ],
            "0.3333333": [ 0, 0, 0 ],
            "0.6": [ 0, 0, 0 ]
          },
          "scale": {
            "0": [ 1, 1, 1 ],
            "0.1666667": [ 1, 1, 1 ],
            "0.2666667": [ 1, 1, 1 ],
            "0.3333333": [ 1, 1, 1 ],
            "0.6": [ 1, 1, 1 ]
          }
        },
        "leg3": {
          "position": {
            "0.1666667": [ 0, 0, 0 ],
            "0.3333333": [ 0, 0, 0 ]
          },
          "rotation": {
            "0.06666667": [ 0, 0, 0 ],
            "0.1666667": [ 0, 0, -14.18563 ],
            "0.2666667": [ -28.3654, 0, 0 ],
            "0.3333333": [ 0, 0, 0 ]
          },
          "scale": {
            "0.1666667": [ 1, 1, 1 ],
            "0.3333333": [ 1, 1, 1 ]
          }
        },
        "body": {
          "position": {
            "0.03333334": [ 0, -1.444214, 0 ],
            "0.1": [ 0, 3.529551, 0 ],
            "0.1666667": [ 0, 6.840263, 0 ],
            "0.2333333": [ 0, 7.668454, 0 ],
            "0.3": [ 0, -0.6553969, 0 ],
            "0.4333333": [ 0, 0.05503119, 0 ],
            "0.5": [ 0, 0.05503119, 0 ],
            "0.6": [ 0, 0.05503119, 0 ]
          },
          "rotation": {
            "0.03333334": [ 0, -75.52701, 0 ],
            "0.1": [ -10.01525, -75.52701, 0 ],
            "0.1666667": [ -15.31633, -55.61137, 0 ],
            "0.2333333": [ 0, -18.19064, 0 ],
            "0.3": [ 0, 3.617558, 0 ],
            "0.4333333": [ 0, 0, 0 ],
            "0.5": [ 0, 0, 0 ],
            "0.6": [ 0, 0, 0 ]
          },
          "scale": {
            "0.03333334": [ 1, 0.845956, 1 ],
            "0.1": [ 1, 0.9703711, 1 ],
            "0.1666667": [ 1, 1, 1 ],
            "0.2333333": [ 1, 1, 1 ],
            "0.3": [ 1, 0.9178432, 1 ],
            "0.4333333": [ 1, 1, 1 ],
            "0.5": [ 1, 1, 1 ],
            "0.6": [ 1, 1, 1 ]
          }
        }
      }
    }
  }
}