{
  "format_version": "1.8.0",
  "animations": {
    "animation.melon_golem.attack_prep": {
      "loop": false,
      "sound_effects": {
        "0.0": { "effect": "prep" }
      },
      "bones": {
        "head": {
          "position": {
            "0": [ 0, 0, 0 ],
            "0.05": [ 0, 0, 0.1041608 ],
            "0.1": [ 0, 0, 0.3333144 ],
            "0.15": [ 0, 0, 0.5624681 ],
            "0.2": [ 0, 0, 0.6666288 ],
            "0.25": [ 0, 0, 0.4937991 ],
            "0.3": [ 0, 0, 0.1728297 ]
          },
          "rotation": {
            "0": [ 1.232127E-05, 0, 0 ],
            "0.05": [ -0.9479024, 0, 0 ],
            "0.1": [ -3.217694, 0, 0 ],
            "0.15": [ -5.948433, 0, 0 ],
            "0.2": [ -8.279193, 0, 0 ],
            "0.25": [ -9.218949, 0, 0 ],
            "0.3": [ -6.102035, 0, 0 ]
          },
          "scale": {
            "0": [ 1, 1, 1 ],
            "0.3": [ 1, 1, 1 ]
          }
        },
        "blink_head": {
          "position": {
            "0": [ 0, 0, 0 ],
            "0.3": [ 0, 0, 0 ]
          },
          "rotation": {
            "0": [ 0, 0, 0 ],
            "0.3": [ 0, 0, 0 ]
          },
          "scale": {
            "0": [ 1, 1, 1 ],
            "0.3": [ 1, 1, 1 ]
          }
        },
        "spit_head": {
          "position": {
            "0": [ 0, 0, 0 ],
            "0.3": [ 0, 0, 0 ]
          },
          "rotation": {
            "0": [ 0, 0, 0 ],
            "0.3": [ 0, 0, 0 ]
          },
          "scale": {
            "0": [ 1, 1, 1 ],
            "0.3": [ 1, 1, 1 ]
          }
        },
        "snow_head": {
          "position": {
            "0": [ 0, 0, 0 ],
            "0.3": [ 0, 0, 0 ]
          },
          "rotation": {
            "0": [ 0, 0, 0 ],
            "0.3": [ 0, 0, 0 ]
          },
          "scale": {
            "0": [ 1, 1, 1 ],
            "0.3": [ 1, 1, 1 ]
          }
        }
      }
    }
  }
}