{
  "format_version": "1.8.0",
  "animations": {
    "animation.adventure_celebration_enter": {
      "loop": false,
      "bones": {
        "head": {
          "position": {
            "0": [ 0, 0, 0 ],
            "0.9": [ 0, 0, 0 ],
            "0.95": [ -0.1131222, 0.4564774, -0.00777185 ],
            "1": [ -0.2262443, 0.9129548, -0.0155437 ],
            "1.05": [ -0.1951522, 0.78749, -0.01340757 ],
            "1.1": [ -0.1374097, 0.554484, -0.009440482 ],
            "1.15": [ -0.1063176, 0.4290192, -0.007304355 ],
            "1.25": [ -0.1063176, 0.4290192, -0.007304355 ]
          },
          "rotation": {
            "0": [ -12.73636, 0, 0 ],
            "0.55": [ -12.73636, 0, 0 ],
            "0.6": [ -11.79292, 0, 0 ],
            "0.65": [ -9.434338, 0, 0 ],
            "0.7": [ -6.368178, 0, 0 ],
            "0.75": [ -3.302018, 0, 0 ],
            "0.8": [ -0.9434338, 0, 0 ],
            "0.85": [ 0, 0, 0 ],
            "0.9": [ 0, 0, 0 ],
            "0.95": [ 0.4813226, 5.209118, -6.872144 ],
            "1": [ 0.9626452, 10.41824, -13.74429 ],
            "1.25": [ 0.9626452, 10.41824, -13.74429 ]
          },
          "scale": {
            "0": [ 1, 1, 1 ],
            "1.25": [ 1, 1, 1 ]
          }
        },
        "leftArm": {
          "position": {
            "0": [ 0, 0, 0 ],
            "0.9": [ 0, 0, 0 ],
            "0.95": [ 0.01194966, 2.56598, -1.425576 ],
            "1": [ 0.02389932, 5.131959, -2.851152 ],
            "1.05": [ -0.01173524, 4.780038, -2.683883 ],
            "1.1": [ -0.07791372, 4.126469, -2.37324 ],
            "1.15": [ -0.1135483, 3.774547, -2.20597 ],
            "1.25": [ -0.1135483, 3.774547, -2.20597 ]
          },
          "rotation": {
            "0": [ -59.93649, -3.54705, -2.050948 ],
            "0.05": [ -51.0523, -3.54705, -2.050948 ],
            "0.1": [ -28.84184, -3.54705, -2.050948 ],
            "0.15": [ 0.03175591, -3.54705, -2.050948 ],
            "0.2": [ 28.90536, -3.54705, -2.050948 ],
            "0.25": [ 51.11581, -3.54705, -2.050948 ],
            "0.3": [ 60, -3.54705, -2.050948 ],
            "0.35": [ 47.5266, -3.54705, -2.050948 ],
            "0.4": [ 17.78236, -3.54705, -2.050948 ],
            "0.45": [ -17.71884, -3.54705, -2.050948 ],
            "0.5": [ -47.46309, -3.54705, -2.050948 ],
            "0.55": [ -59.93649, -3.54705, -2.050948 ],
            "0.6": [ -51.36935, -2.640299, -2.294956 ],
            "0.65": [ -29.95149, -0.3734201, -2.904975 ],
            "0.7": [ -2.108287, 2.573522, -3.698001 ],
            "0.75": [ 25.73492, 5.520464, -4.491026 ],
            "0.8": [ 47.15277, 7.787343, -5.101045 ],
            "0.85": [ 55.71991, 8.694094, -5.345053 ],
            "0.9": [ 55.71991, 8.694094, -5.345053 ],
            "0.95": [ -49.10187, -1.37655, -3.064743 ],
            "1": [ -153.9237, -11.44719, -0.7844336 ],
            "1.05": [ -153.969, -11.55446, -0.5597694 ],
            "1.1": [ -154.0533, -11.75367, -0.1425359 ],
            "1.15": [ -154.0987, -11.86094, 0.08212825 ],
            "1.25": [ -154.0987, -11.86094, 0.08212825 ]
          },
          "scale": {
            "0": [ 1, 1, 1 ],
            "1.25": [ 1, 1, 1 ]
          }
        },
        "rightArm": {
          "position": {
            "0": [ 0, 0, 0 ],
            "0.55": [ 0, 0, 0 ],
            "0.6": [ 0.02281667, -0.117231, -0.09064851 ],
            "0.65": [ 0.07985835, -0.4103084, -0.3172698 ],
            "0.7": [ 0.1540125, -0.7913091, -0.6118774 ],
            "0.75": [ 0.2281667, -1.17231, -0.9064851 ],
            "0.8": [ 0.2852084, -1.465387, -1.133106 ],
            "0.85": [ 0.3080251, -1.582618, -1.223755 ],
            "0.9": [ 0.3080251, -1.582618, -1.223755 ],
            "0.95": [ 0.249413, -1.019788, 0.06652813 ],
            "1": [ 0.1908009, -0.4569585, 1.356811 ],
            "1.25": [ 0.1908009, -0.4569585, 1.356811 ]
          },
          "rotation": {
            "0": [ 60, 0, 0 ],
            "0.05": [ 51.11111, 0, 0 ],
            "0.1": [ 28.88889, 0, 0 ],
            "0.15": [ -1.272222E-14, 0, 0 ],
            "0.2": [ -28.88889, 0, 0 ],
            "0.25": [ -51.11111, 0, 0 ],
            "0.3": [ -60, 0, 0 ],
            "0.35": [ -47.52, 0, 0 ],
            "0.4": [ -17.76, 0, 0 ],
            "0.45": [ 17.76, 0, 0 ],
            "0.5": [ 47.52, 0, 0 ],
            "0.55": [ 60, 0, 0 ],
            "0.6": [ 50.23741, -4.53398, -0.9022677 ],
            "0.65": [ 25.83093, -15.86893, -3.157937 ],
            "0.7": [ -5.897496, -30.60436, -6.090307 ],
            "0.75": [ -37.62592, -45.3398, -9.022676 ],
            "0.8": [ -62.0324, -56.67475, -11.27835 ],
            "0.85": [ -71.79499, -61.20872, -12.18061 ],
            "0.9": [ -71.79499, -61.20872, -12.18061 ],
            "0.95": [ -5.421124, -33.11217, 3.37304 ],
            "1": [ 60.95274, -5.015622, 18.92669 ],
            "1.15": [ 60.95274, -5.015622, 18.92669 ],
            "1.2": [ 60.95122, -5.042993, 18.94199 ],
            "1.25": [ 60.94701, -5.118667, 18.9843 ]
          },
          "scale": {
            "0": [ 1, 1, 1 ],
            "1.25": [ 1, 1, 1 ]
          }
        },
        "body": {
          "position": {
            "0": [ 0, 0, 0 ],
            "0.9": [ 0, 0, 0 ],
            "0.95": [ 0, 0.4324339, 0 ],
            "1": [ 0, 0.8648678, 0 ],
            "1.05": [ 0, 0.6406428, 0 ],
            "1.1": [ 0, 0.224225, 0 ],
            "1.15": [ 0, 0, 0 ],
            "1.25": [ 0, 0, 0 ]
          },
          "rotation": {
            "0": [ 0, 0, 0 ],
            "1.25": [ 0, 0, 0 ]
          },
          "scale": {
            "0": [ 1, 1, 1 ],
            "1.25": [ 1, 1, 1 ]
          }
        },
        "waist": {
          "position": {
            "0": [ 0, -0.9037017, 0.6010754 ],
            "0.85": [ 0, -0.9037017, 0.6010754 ],
            "0.9": [ 0, -1.078868, 0.1617374 ],
            "0.95": [ 0, -0.3181266, 0.1086679 ],
            "1": [ 0, 0.4426147, 0.05559832 ],
            "1.25": [ 0, 0.4426147, 0.05559832 ]
          },
          "rotation": {
            "0": [ 8.525948, 0, 0 ],
            "0.9": [ 8.525948, 0, 0 ],
            "0.95": [ 0.7093385, -0.4332044, -3.457362 ],
            "1": [ -7.107271, -0.8664088, -6.914723 ],
            "1.25": [ -7.107271, -0.8664088, -6.914723 ]
          },
          "scale": {
            "0": [ 1, 1, 1 ],
            "1.25": [ 1, 1, 1 ]
          }
        },
        "rightLeg": {
          "position": {
            "0": [ 0, 0, 0 ],
            "0.9": [ 0, 0, 0 ],
            "0.95": [ -0.9132481, 1.408728, -1.861351 ],
            "1": [ -1.826496, 2.817455, -3.722702 ],
            "1.25": [ -1.826496, 2.817455, -3.722702 ]
          },
          "rotation": {
            "0": [ -50, 0, 0 ],
            "0.05": [ -42.59259, 0, 0 ],
            "0.1": [ -24.07407, 0, 0 ],
            "0.15": [ 1.272222E-14, 0, 0 ],
            "0.2": [ 24.07407, 0, 0 ],
            "0.25": [ 42.59259, 0, 0 ],
            "0.3": [ 50, 0, 0 ],
            "0.35": [ 39.6, 0, 0 ],
            "0.4": [ 14.8, 0, 0 ],
            "0.45": [ -14.8, 0, 0 ],
            "0.5": [ -39.6, 0, 0 ],
            "0.55": [ -50, 0, 0 ],
            "0.6": [ -42.46545, 0, 0 ],
            "0.65": [ -23.62907, 0, 0 ],
            "0.7": [ 0.8582174, 0, 0 ],
            "0.75": [ 25.34551, 0, 0 ],
            "0.8": [ 44.18188, 0, 0 ],
            "0.85": [ 51.71643, 0, 0 ],
            "0.9": [ 51.71643, 0, 0 ],
            "0.95": [ 38.67921, 1.959418, -4.05153 ],
            "1": [ 25.64199, 3.918836, -8.10306 ],
            "1.25": [ 25.64199, 3.918836, -8.10306 ]
          },
          "scale": {
            "0": [ 1, 1, 1 ],
            "1.25": [ 1, 1, 1 ]
          }
        },
        "leftLeg": {
          "position": {
            "0": [ 0, 0, 0 ],
            "0.55": [ 0, 0, 0 ],
            "0.6": [ 0, 0.1807323, -0.1342837 ],
            "0.65": [ 0, 0.6325629, -0.4699931 ],