{
  "format_version": "1.8.0",
  "animations": {
    "animation.adventure_fail_loop": {
      "loop": true,
      "bones": {
        "head": {
          "position": {
            "0": [ 0.05699195, 1.152342E-15, -4.530758E-16 ],
            "0.05": [ 0.05699195, 0.0004706615, 0.000830609 ],
            "0.1": [ 0.05699195, 0.001850737, 0.003266124 ],
            "0.15": [ 0.05699195, 0.004092362, 0.007222075 ],
            "0.2": [ 0.05699195, 0.007147674, 0.01261399 ],
            "0.25": [ 0.05699195, 0.01096881, 0.01935741 ],
            "0.3": [ 0.05699195, 0.0155079, 0.02736786 ],
            "0.35": [ 0.05699195, 0.02071708, 0.03656087 ],
            "0.4": [ 0.05699195, 0.0265485, 0.04685198 ],
            "0.45": [ 0.05699195, 0.03295428, 0.05815671 ],
            "0.5": [ 0.05699195, 0.03988657, 0.0703906 ],
            "0.55": [ 0.05699195, 0.0472975, 0.08346917 ],
            "0.6": [ 0.05699195, 0.0551392, 0.09730796 ],
            "0.65": [ 0.05699195, 0.06336381, 0.1118225 ],
            "0.7": [ 0.05699195, 0.07192346, 0.1269283 ],
            "0.75": [ 0.05699195, 0.08077031, 0.1425409 ],
            "0.8": [ 0.05699195, 0.08985647, 0.1585759 ],
            "0.85": [ 0.05699195, 0.09913408, 0.1749488 ],
            "0.9": [ 0.05699195, 0.1085553, 0.191575 ],
            "0.95": [ 0.05699195, 0.1180722, 0.2083702 ],
            "1": [ 0.05699195, 0.127637, 0.2252499 ],
            "1.05": [ 0.05699195, 0.1372018, 0.2421296 ],
            "1.1": [ 0.05699195, 0.1467188, 0.2589248 ],
            "1.15": [ 0.05699195, 0.15614, 0.275551 ],
            "1.2": [ 0.05699195, 0.1654176, 0.2919239 ],
            "1.25": [ 0.05699195, 0.1745037, 0.3079588 ],
            "1.3": [ 0.05699195, 0.1833506, 0.3235715 ],
            "1.35": [ 0.05699195, 0.1919102, 0.3386773 ],
            "1.4": [ 0.05699195, 0.2001349, 0.3531919 ],
            "1.45": [ 0.05699195, 0.2079765, 0.3670307 ],
            "1.5": [ 0.05699195, 0.2153875, 0.3801092 ],
            "1.55": [ 0.05699195, 0.2223198, 0.3923431 ],
            "1.6": [ 0.05699195, 0.2287256, 0.4036478 ],
            "1.65": [ 0.05699195, 0.234557, 0.4139389 ],
            "1.7": [ 0.05699195, 0.2397662, 0.4231319 ],
            "1.75": [ 0.05699195, 0.2443052, 0.4311424 ],
            "1.8": [ 0.05699195, 0.2481264, 0.4378858 ],
            "1.85": [ 0.05699195, 0.2511817, 0.4432777 ],
            "1.9": [ 0.05699195, 0.2534233, 0.4472337 ],
            "1.95": [ 0.05699195, 0.2548034, 0.4496692 ],
            "2": [ 0.05699195, 0.2552741, 0.4504998 ],
            "2.4": [ 0.05699195, 0.2552741, 0.4504998 ],
            "2.45": [ 0.05699195, 0.2527281, 0.4460067 ],
            "2.5": [ 0.05699195, 0.2455058, 0.4332611 ],
            "2.55": [ 0.05699195, 0.2342307, 0.4133631 ],
            "2.6": [ 0.05699195, 0.2195263, 0.3874133 ],
            "2.65": [ 0.05699195, 0.2020162, 0.356512 ],
            "2.7": [ 0.05699195, 0.1823238, 0.3217594 ],
            "2.75": [ 0.05699195, 0.1610726, 0.2842559 ],
            "2.8": [ 0.05699195, 0.1388861, 0.245102 ],
            "2.85": [ 0.05699195, 0.1163879, 0.2053978 ],
            "2.9": [ 0.05699195, 0.09420148, 0.1662439 ],
            "2.95": [ 0.05699195, 0.07295029, 0.1287404 ],
            "3": [ 0.05699195, 0.05325787, 0.09398784 ],
            "3.05": [ 0.05699195, 0.03574772, 0.06308648 ],
            "3.1": [ 0.05699195, 0.02104335, 0.03713666 ],
            "3.15": [ 0.05699195, 0.009768272, 0.01723875 ],
            "3.2": [ 0.05699195, 0.002545986, 0.004493078 ],
            "3.25": [ 0.05699195, 0, 0 ],
            "3.5": [ 0.05699195, 0, 0 ]
          },
          "rotation": {
            "0": [ -44.17742, 0, 0 ],
            "3.5": [ -44.17742, 0, 0 ]
          },
          "scale": {
            "0": [ 1, 1, 1 ],
            "3.5": [ 1, 1, 1 ]
          }
        },
        "leftArm": {
          "position": {
            "0": [ 1.226991, -0.08848389, 0.3367232 ],
            "3.5": [ 1.226991, -0.08848389, 0.3367232 ]
          },
          "rotation": {
            "0": [ -34.46909, 21.77083, -98.96128 ],
            "3.5": [ -34.46909, 21.77083, -98.96128 ]
          },
          "scale": {
            "0": [ 1, 1, 1 ],
            "3.5": [ 1, 1, 1 ]
          }
        },
        "rightArm": {
          "position": {
            "0": [ -1.596899, -1.239642, -4.210725 ],
            "3.5": [ -1.596899, -1.239642, -4.210725 ]
          },
          "rotation": {
            "0": [ -149.3286, 72.35447, 99.95768 ],
            "3.5": [ -149.3286, 72.35447, 99.95768 ]
          },
          "scale": {
            "0": [ 1, 1, 1 ],
            "3.5": [ 1, 1, 1 ]
          }
        },
        "body": {
          "position": {
            "0": [ 0, 0, 0 ],
            "3.5": [ 0, 0, 0 ]
          },
          "rotation": {
            "0": [ 0, 0, 0 ],
            "3.5": [ 0, 0, 0 ]
          },
          "scale": {
            "0": [ 1, 1, 1 ],
            "3.5": [ 1, 1, 1 ]
          }
        },
        "waist": {
          "position": {
            "0": [ 0, 0, 0 ],
            "0.05": [ 0, -0.0001281961, 0.000323951 ],
            "0.1": [ 0, -0.0005040932, 0.001273841 ],
            "0.15": [ 0, -0.001114654, 0.002816727 ],
            "0.2": [ 0, -0.001946843, 0.004919664 ],
            "0.25": [ 0, -0.002987621, 0.007549707 ],
            "0.3": [ 0, -0.004223953, 0.01067391 ],
            "0.35": [ 0, -0.005642802, 0.01425934 ],
            "0.4": [ 0, -0.00723113, 0.01827304 ],
            "0.45": [ 0, -0.008975901, 0.02268207 ],
            "0.5": [ 0, -0.01086408, 0.02745348 ],
            "0.55": [ 0, -0.01288262, 0.03255434 ],
            "0.6": [ 0, -0.0150185, 0.03795169 ],
            "0.65": [ 0, -0.01725867, 0.0436126 ],
            "0.7": [ 0, -0.0195901, 0.04950411 ],
            "0.75": [ 0, -0.02199976, 0.05559329 ],
            "0.8": [ 0, -0.02447459, 0.0618472 ],
            "0.85": [ 0, -0.02700158, 0.06823288 ],
            "0.9": [ 0, -0.02956767, 0.07471739 ],
            "0.95": [ 0, -0.03215984, 0.08126779 ],
            "1": [ 0, -0.03476505, 0.08785113 ],
            "1.05": [ 0, -0.03737025, 0.09443448 ],
            "1.1": [ 0, -0.03996242, 0.1009849 ],
            "1.15": [ 0, -0.04252852, 0.1074694 ],
            "1.2": [ 0, -0.0450555, 0.1138551 ],
            "1.25": [ 0, -0.04753034, 0.120109 ],
            "1.3": [ 0, -0.04993999, 0.1261982 ],
            "1.35": [ 0, -0.05227142, 0.1320897 ],
            "1.4": [ 0, -0.0545116, 0.1377506 ],
            "1.45": [ 0, -0.05664747, 0.1431479 ],
            "1.5": [ 0, -0.05866602, 0.1482488 ],
            "1.55": [ 0, -0.0605542, 0.1530202 ],
            "1.6": [ 0, -0.06229896, 0.1574292 ],
            "1.65": [ 0, -0.06388729, 0.1614429 ],
            "1.7": [ 0, -0.06530614, 0.1650283 ],
            "1.75": [ 0, -0.06654248, 0.1681526 ],
            "1.8": [ 0, -0.06758325, 0.1707826 ],
            "1.85": [ 0, -0.06841544, 0.1728855 ],
            "1.9": [ 0, -0.069026, 0.1744284 ],
            "1.95": [ 0, -0.0694019, 0.1753783 ],
            "2": [ 0, -0.06953009, 0.1757023 ],
            "2.4": [ 0, -0.06953009, 0.1757023 ],
            "2.45": [ 0, -0.06883664, 0.1739499 ],
            "2.5": [ 0, -0.06686947, 0.1689789 ],
            "2.55": [ 0, -0.06379843, 0.1612184 ],
            "2.6": [ 0, -0.05979333, 0.1510975 ],
            "2.65": [ 0, -0.05502402, 0.1390455 ],
            "2.7": [ 0, -0.04966031, 0.1254914 ],
            "2.75": [ 0, -0.04387203, 0.1108644 ],
            "2.8": [ 0, -0.03782901, 0.09559377 ],
            "2.85": [ 0, -0.03170108, 0.0801085 ],
            "2.9": [ 0, -0.02565806, 0.06483782 ],
            "2.95": [ 0, -0.01986978, 0.05021086 ],
            "3": [ 0, -0.01450607, 0.03665679 ],
            "3.05": [ 0, -0.009736761, 0.02460475 ],
            "3.1": [ 0, -0.005731669, 0.0144839 ],
            "3.15": [ 0, -0.002660627, 0.006723392 ],
            "3.2": [ 0, -0.0006934612, 0.001752374 ],