{
  "format_version": "1.8.0",
  "animations": {
    "animation.adventure_celebration_loop": {
      "loop": true,
      "bones": {
        "head": {
          "position": {
            "0": [ -0.1063176, 0.4290192, -0.007304355 ],
            "1.1": [ -0.1063176, 0.4290192, -0.007304355 ]
          },
          "rotation": {
            "0": [ 0.9626452, 10.41824, -13.74429 ],
            "1.1": [ 0.9626452, 10.41824, -13.74429 ]
          },
          "scale": {
            "0": [ 1, 1, 1 ],
            "1.1": [ 1, 1, 1 ]
          }
        },
        "leftArm": {
          "position": {
            "0": [ -0.1135483, 3.774547, -2.20597 ],
            "1.1": [ -0.1135483, 3.774547, -2.20597 ]
          },
          "rotation": {
            "0": [ -154.0987, -11.86094, 0.08212825 ],
            "0.05": [ -154.1742, -11.86094, 0.08212825 ],
            "0.1": [ -154.3765, -11.86094, 0.08212825 ],
            "0.15": [ -154.6694, -11.86094, 0.08212825 ],
            "0.2": [ -155.0166, -11.86094, 0.08212825 ],
            "0.25": [ -155.3819, -11.86094, 0.08212825 ],
            "0.3": [ -155.7291, -11.86094, 0.08212825 ],
            "0.35": [ -156.022, -11.86094, 0.08212825 ],
            "0.4": [ -156.2243, -11.86094, 0.08212825 ],
            "0.45": [ -156.2998, -11.86094, 0.08212825 ],
            "0.5": [ -156.2485, -11.86094, 0.08212825 ],
            "0.55": [ -156.108, -11.86094, 0.08212825 ],
            "0.6": [ -155.8979, -11.86094, 0.08212825 ],
            "0.65": [ -155.6383, -11.86094, 0.08212825 ],
            "0.7": [ -155.3489, -11.86094, 0.08212825 ],
            "0.75": [ -155.0496, -11.86094, 0.08212825 ],
            "0.8": [ -154.7602, -11.86094, 0.08212825 ],
            "0.85": [ -154.5006, -11.86094, 0.08212825 ],
            "0.9": [ -154.2905, -11.86094, 0.08212825 ],
            "0.95": [ -154.15, -11.86094, 0.08212825 ],
            "1": [ -154.0987, -11.86094, 0.08212825 ],
            "1.1": [ -154.0987, -11.86094, 0.08212825 ]
          },
          "scale": {
            "0": [ 1, 1, 1 ],
            "1.1": [ 1, 1, 1 ]
          }
        },
        "rightArm": {
          "position": {
            "0": [ 0.1908009, -0.4569585, 1.356811 ],
            "1.1": [ 0.1908009, -0.4569585, 1.356811 ]
          },
          "rotation": {
            "0": [ 60.94065, -5.232983, 19.0482 ],
            "0.05": [ 60.93268, -5.376281, 19.12831 ],
            "0.1": [ 60.92363, -5.538899, 19.21922 ],
            "0.15": [ 60.91405, -5.711178, 19.31553 ],
            "0.2": [ 60.90446, -5.883457, 19.41183 ],
            "0.25": [ 60.89541, -6.046076, 19.50274 ],
            "0.3": [ 60.88744, -6.189373, 19.58285 ],
            "0.35": [ 60.88108, -6.303689, 19.64675 ],
            "0.4": [ 60.87687, -6.379363, 19.68906 ],
            "0.45": [ 60.87535, -6.406734, 19.70436 ],
            "1.1": [ 60.87535, -6.406734, 19.70436 ]
          },
          "scale": {
            "0": [ 1, 1, 1 ],
            "1.1": [ 1, 1, 1 ]
          }
        },
        "body": {
          "position": {
            "0": [ 0, 0, 0 ],
            "1.1": [ 0, 0, 0 ]
          },
          "rotation": {
            "0": [ 0, 0, 0 ],
            "1.1": [ 0, 0, 0 ]
          },
          "scale": {
            "0": [ 1, 1, 1 ],
            "1.1": [ 1, 1, 1 ]
          }
        },
        "waist": {
          "position": {
            "0": [ 0, 0.4426147, 0.05559832 ],
            "1.1": [ 0, 0.4426147, 0.05559832 ]
          },
          "rotation": {
            "0": [ -7.107271, -0.8664088, -6.914723 ],
            "1.1": [ -7.107271, -0.8664088, -6.914723 ]
          },
          "scale": {
            "0": [ 1, 1, 1 ],
            "1.1": [ 1, 1, 1 ]
          }
        },
        "rightLeg": {
          "position": {
            "0": [ -1.826496, 2.817455, -3.722702 ],
            "0.05": [ -1.826786, 2.814309, -3.721173 ],
            "0.1": [ -1.827564, 2.805878, -3.717075 ],
            "0.15": [ -1.82869, 2.793673, -3.711143 ],
            "0.2": [ -1.830024, 2.779202, -3.704111 ],
            "0.25": [ -1.831429, 2.763976, -3.696711 ],
            "0.3": [ -1.832763, 2.749505, -3.689678 ],
            "0.35": [ -1.833889, 2.737299, -3.683746 ],
            "0.4": [ -1.834666, 2.728868, -3.679649 ],
            "0.45": [ -1.834957, 2.725723, -3.67812 ],
            "0.5": [ -1.83476, 2.727859, -3.679158 ],
            "0.55": [ -1.834219, 2.733717, -3.682005 ],
            "0.6": [ -1.833412, 2.74247, -3.686259 ],
            "0.65": [ -1.832414, 2.753291, -3.691518 ],
            "0.7": [ -1.831302, 2.765352, -3.697379 ],
            "0.75": [ -1.830151, 2.777826, -3.703442 ],
            "0.8": [ -1.829039, 2.789887, -3.709304 ],
            "0.85": [ -1.828041, 2.800708, -3.714562 ],
            "0.9": [ -1.827234, 2.80946, -3.718816 ],
            "0.95": [ -1.826693, 2.815319, -3.721663 ],
            "1": [ -1.826496, 2.817455, -3.722702 ],
            "1.1": [ -1.826496, 2.817455, -3.722702 ]
          },
          "rotation": {
            "0": [ 25.64199, 3.918836, -8.10306 ],
            "0.05": [ 25.64683, 3.878886, -8.01997 ],
            "0.1": [ 25.65979, 3.771822, -7.79729 ],
            "0.15": [ 25.67855, 3.616818, -7.474903 ],
            "0.2": [ 25.7008, 3.433051, -7.092691 ],
            "0.25": [ 25.72421, 3.239695, -6.690538 ],
            "0.3": [ 25.74646, 3.055928, -6.308326 ],
            "0.35": [ 25.76523, 2.900924, -5.985939 ],
            "0.4": [ 25.77819, 2.793859, -5.763259 ],
            "0.45": [ 25.78302, 2.75391, -5.68017 ],
            "0.5": [ 25.77974, 2.781042, -5.7366 ],
            "0.55": [ 25.77073, 2.855436, -5.89133 ],
            "0.6": [ 25.75728, 2.96659, -6.122515 ],
            "0.65": [ 25.74064, 3.104, -6.408311 ],
            "0.7": [ 25.7221, 3.257165, -6.726872 ],
            "0.75": [ 25.70292, 3.415581, -7.056356 ],
            "0.8": [ 25.68437, 3.568745, -7.374918 ],
            "0.85": [ 25.66774, 3.706156, -7.660714 ],
            "0.9": [ 25.65428, 3.81731, -7.891899 ],
            "0.95": [ 25.64527, 3.891704, -8.046629 ],
            "1": [ 25.64199, 3.918836, -8.10306 ],
            "1.1": [ 25.64199, 3.918836, -8.10306 ]
          },
          "scale": {
            "0": [ 1, 1, 1 ],
            "1.1": [ 1, 1, 1 ]
          }
        },
        "leftLeg": {
          "position": {
            "0": [ 0, -0.09045655, 1.154096 ],
            "1.1": [ 0, -0.09045655, 1.154096 ]
          },
          "rotation": {
            "0": [ 33.94089, -2.763021, 2.610262 ],
            "0.05": [ 33.94362, -2.709917, 2.53144 ],
            "0.1": [ 33.95095, -2.567597, 2.320197 ],
            "0.15": [ 33.96157, -2.361552, 2.014368 ],
            "0.2": [ 33.97416, -2.117271, 1.651786 ],
            "0.25": [ 33.9874, -1.860246, 1.270287 ],
            "0.3": [ 33.99998, -1.615966, 0.9077055 ],
            "0.35": [ 34.0106, -1.40992, 0.6018759 ],
            "0.4": [ 34.01793, -1.267601, 0.3906328 ],
            "0.45": [ 34.02067, -1.214496, 0.3118107 ],
            "0.5": [ 34.01881, -1.250563, 0.3653434 ],
            "0.55": [ 34.01372, -1.349454, 0.5121266 ],
            "0.6": [ 34.0061, -1.49721, 0.7314379 ],
            "0.65": [ 33.99669, -1.679868, 1.002555 ],
            "0.7": [ 33.9862, -1.883468, 1.304756 ],
            "0.75": [ 33.97535, -2.094049, 1.617317 ],
            "0.8": [ 33.96486, -2.297649, 1.919518 ],
            "0.85": [ 33.95545, -2.480308, 2.190635 ],
            "0.9": [ 33.94784, -2.628063, 2.409946 ],
            "0.95": [ 33.94275, -2.726955, 2.55673 ],
            "1": [ 33.94089, -2.763021, 2.610262 ],
            "1.1": [ 33.94089, -2.763021, 2.610262 ]
          },
          "scale": {
            "0": [ 1, 1, 1 ],
            "1.1": [ 1, 1, 1 ]
          }
        },
        "root": {
          "position": {
            "0": [ 0.0732271, 7.161229, 0.02745526 ],
            "0.05": [ 0.07270566, 7.146468, 0.02725976 ],