{
  "format_version": "1.8.0",
  "animations": {
    "animation.adventure_fail_enter": {
      "loop": false,
      "bones": {
        "head": {
          "position": {
            "0": [ 0.05699195, 0, 0 ],
            "2.95": [ 0.05699195, 0, 0 ]
          },
          "rotation": {
            "0": [ -27.02972, 0, 0 ],
            "0.1": [ -27.02972, 0, 0 ],
            "0.15": [ -21.82686, 0, 0 ],
            "0.2": [ 2.575903, 0, 0 ],
            "0.25": [ 6.320433, 0, 0 ],
            "0.3": [ 3.370898, 0, 0 ],
            "0.35": [ 0.1434425, 0, 0 ],
            "0.4": [ 0, 0, 0 ],
            "1.1": [ 0, 0, 0 ],
            "1.15": [ -0.001976326, 0, 0 ],
            "1.2": [ -0.1195863, 0, 0 ],
            "1.25": [ -0.4669526, 0, 0 ],
            "1.3": [ -1.028744, 0, 0 ],
            "1.35": [ -1.789681, 0, 0 ],
            "1.4": [ -2.735014, 0, 0 ],
            "1.45": [ -3.849991, 0, 0 ],
            "1.5": [ -5.11986, 0, 0 ],
            "1.55": [ -6.529869, 0, 0 ],
            "1.6": [ -8.065267, 0, 0 ],
            "1.65": [ -9.711302, 0, 0 ],
            "1.7": [ -11.45322, 0, 0 ],
            "1.75": [ -13.27628, 0, 0 ],
            "1.8": [ -15.16571, 0, 0 ],
            "1.85": [ -17.10678, 0, 0 ],
            "1.9": [ -19.08473, 0, 0 ],
            "1.95": [ -21.0848, 0, 0 ],
            "2": [ -23.09225, 0, 0 ],
            "2.05": [ -25.09233, 0, 0 ],
            "2.1": [ -27.07027, 0, 0 ],
            "2.15": [ -29.01134, 0, 0 ],
            "2.2": [ -30.90078, 0, 0 ],
            "2.25": [ -32.72383, 0, 0 ],
            "2.3": [ -34.46575, 0, 0 ],
            "2.35": [ -36.11179, 0, 0 ],
            "2.4": [ -37.64719, 0, 0 ],
            "2.45": [ -39.05719, 0, 0 ],
            "2.5": [ -40.32706, 0, 0 ],
            "2.55": [ -41.44204, 0, 0 ],
            "2.6": [ -42.38737, 0, 0 ],
            "2.65": [ -43.14831, 0, 0 ],
            "2.7": [ -43.7101, 0, 0 ],
            "2.75": [ -44.06078, 0, 0 ],
            "2.8": [ -44.17344, 0, 0 ],
            "2.85": [ -44.17742, 0, 0 ],
            "2.95": [ -44.17742, 0, 0 ]
          },
          "scale": {
            "0": [ 1, 1, 1 ],
            "2.95": [ 1, 1, 1 ]
          }
        },
        "leftArm": {
          "position": {
            "0": [ 1.469436, -0.1059677, 1.012861 ],
            "0.1": [ 1.469436, -0.1059677, 1.012861 ],
            "0.15": [ 1.431856, -0.1032576, 0.9080549 ],
            "0.2": [ 1.255592, -0.09054646, 0.416487 ],
            "0.25": [ 1.226991, -0.08848389, 0.3367232 ],
            "2.95": [ 1.226991, -0.08848389, 0.3367232 ]
          },
          "rotation": {
            "0": [ 34.50852, 0, -85.87528 ],
            "0.1": [ 34.50852, 0, -85.87528 ],
            "0.15": [ 26.09439, 0, -85.87528 ],
            "0.2": [ -13.37011, 0, -85.87528 ],
            "0.25": [ -19.1228, 0, -85.87528 ],
            "0.3": [ -10.19882, 0, -85.87528 ],
            "0.35": [ -0.4339925, 0, -85.87528 ],
            "0.4": [ 0, 0, -85.87528 ],
            "1.1": [ 0, 0, -85.87528 ],
            "1.15": [ -0.001542013, 0.0009739425, -85.87586 ],
            "1.2": [ -0.09330626, 0.05893266, -85.91071 ],
            "1.25": [ -0.3643361, 0.2301164, -86.0136 ],
            "1.3": [ -0.8026691, 0.5069695, -86.18001 ],
            "1.35": [ -1.396385, 0.8819631, -86.40541 ],
            "1.4": [ -2.133974, 1.347828, -86.68543 ],
            "1.45": [ -3.003926, 1.897293, -87.0157 ],
            "1.5": [ -3.994731, 2.52309, -87.39186 ],
            "1.55": [ -5.09488, 3.217949, -87.80952 ],
            "1.6": [ -6.292861, 3.9746, -88.26433 ],
            "1.65": [ -7.577168, 4.785774, -88.75191 ],
            "1.7": [ -8.936288, 5.6442, -89.26789 ],
            "1.75": [ -10.35871, 6.54261, -89.80791 ],
            "1.8": [ -11.83293, 7.473733, -90.36758 ],
            "1.85": [ -13.34743, 8.4303, -90.94256 ],
            "1.9": [ -14.89071, 9.405042, -91.52846 ],
            "1.95": [ -16.45125, 10.39069, -92.12091 ],
            "2": [ -18.01755, 11.37997, -92.71555 ],
            "2.05": [ -19.57809, 12.36561, -93.308 ],
            "2.1": [ -21.12137, 13.34035, -93.89389 ],
            "2.15": [ -22.63587, 14.29692, -94.46886 ],
            "2.2": [ -24.11009, 15.22804, -95.02854 ],
            "2.25": [ -25.53251, 16.12645, -95.56856 ],
            "2.3": [ -26.89163, 16.98488, -96.08454 ],
            "2.35": [ -28.17594, 17.79605, -96.57212 ],
            "2.4": [ -29.37392, 18.55271, -97.02693 ],
            "2.45": [ -30.47407, 19.24756, -97.4446 ],
            "2.5": [ -31.46488, 19.87336, -97.82075 ],
            "2.55": [ -32.33483, 20.42283, -98.15102 ],
            "2.6": [ -33.07242, 20.88869, -98.43105 ],
            "2.65": [ -33.66613, 21.26369, -98.65644 ],
            "2.7": [ -34.10447, 21.54054, -98.82285 ],
            "2.75": [ -34.37808, 21.71335, -98.92673 ],
            "2.8": [ -34.46598, 21.76887, -98.9601 ],
            "2.85": [ -34.46909, 21.77083, -98.96128 ],
            "2.95": [ -34.46909, 21.77083, -98.96128 ]
          },
          "scale": {
            "0": [ 1, 1, 1 ],
            "2.95": [ 1, 1, 1 ]
          }
        },
        "rightArm": {
          "position": {
            "0": [ -1.784606, -0.4294173, 0.8076875 ],
            "0.1": [ -1.784606, -0.4294173, 0.8076875 ],
            "0.15": [ -1.723594, -0.4147363, 0.5990434 ],
            "0.2": [ -1.437431, -0.3458789, -0.379553 ],
            "0.25": [ -1.390997, -0.3347058, -0.5383441 ],
            "1.1": [ -1.390997, -0.3347058, -0.5383441 ],
            "1.15": [ -1.391002, -0.334706, -0.5384375 ],
            "1.2": [ -1.391345, -0.3347255, -0.5440012 ],
            "1.25": [ -1.392359, -0.3348905, -0.560536 ],
            "1.3": [ -1.394003, -0.3353253, -0.587437 ],
            "1.35": [ -1.396236, -0.336172, -0.6241189 ],
            "1.4": [ -1.399017, -0.337568, -0.6700165 ],
            "1.45": [ -1.402308, -0.3396504, -0.7245647 ],
            "1.5": [ -1.406068, -0.3425566, -0.7871985 ],
            "1.55": [ -1.410259, -0.346424, -0.8573526 ],
            "1.6": [ -1.414838, -0.3513897, -0.934462 ],
            "1.65": [ -1.419769, -0.3575912, -1.017962 ],
            "1.7": [ -1.425009, -0.3651658, -1.107286 ],
            "1.75": [ -1.430521, -0.3742506, -1.201871 ],
            "1.8": [ -1.436263, -0.3849831, -1.30115 ],
            "1.85": [ -1.442197, -0.3975005, -1.404559 ],
            "1.9": [ -1.448271, -0.4118569, -1.511332 ],
            "1.95": [ -1.454513, -0.4286985, -1.622116 ],
            "2": [ -1.46143, -0.4521203, -1.745968 ],
            "2.05": [ -1.469642, -0.4868246, -1.893821 ],
            "2.1": [ -1.478912, -0.5310465, -2.061322 ],
            "2.15": [ -1.489015, -0.5831252, -2.244352 ],
            "2.2": [ -1.499734, -0.6414443, -2.438898 ],
            "2.25": [ -1.51085, -0.7043873, -2.640947 ],
            "2.3": [ -1.522145, -0.7703378, -2.846483 ],
            "2.35": [ -1.533401, -0.8376792, -3.051494 ],
            "2.4": [ -1.544398, -0.9047951, -3.251966 ],
            "2.45": [ -1.554919, -0.9700688, -3.443884 ],
            "2.5": [ -1.564746, -1.031884, -3.623236 ],
            "2.55": [ -1.57366, -1.088624, -3.786007 ],
            "2.6": [ -1.581443, -1.138673, -3.928185 ],
            "2.65": [ -1.587876, -1.180413, -4.045753 ],
            "2.7": [ -1.592742, -1.21223, -4.134701 ],
            "2.75": [ -1.595845, -1.232663, -4.191454 ],
            "2.8": [ -1.596863, -1.239402, -4.210063 ],
            "2.85": [ -1.596899, -1.239642, -4.210725 ],
            "2.95": [ -1.596899, -1.239642, -4.210725 ]
          },
          "rotation": {
            "0": [ 23.75077, 0, 76.47052 ],
            "0.1": [ 23.75077, 0, 76.47052 ],
            "0.15": [ 17.47448, 0, 76.47052 ],
            "0.2": [ -11.96299, 0, 76.47052 ],
            "0.25": [ -16.18853, 0, 76.47052 ],
            "0.3": [ -8.633884, 0, 76.47052 ],
            "0.35": [ -0.3673994, 0, 76.47052 ],