{
  "format_version": "1.8.0",
  "animations": {
    "animation.adventure_celebration_exit": {
      "loop": false,
      "bones": {
        "head": {
          "position": {
            "0": [ -0.09958505, 0.430666, -0.008578714 ],
            "0.05": [ -0.08275369, 0.4347828, -0.01176461 ],
            "0.1": [ -0.06087291, 0.4401347, -0.01590628 ],
            "0.15": [ -0.03899214, 0.4454866, -0.02004794 ],
            "0.2": [ -0.02216077, 0.4496034, -0.02323384 ],
            "0.25": [ -0.01542823, 0.4512501, -0.0245082 ],
            "0.75": [ -0.01542823, 0.4512501, -0.0245082 ],
            "0.8": [ -0.01301757, 0.3807423, -0.02067879 ],
            "0.85": [ -0.007714113, 0.2256251, -0.0122541 ],
            "0.9": [ -0.00241066, 0.07050783, -0.003829406 ],
            "0.95": [ 0, 0, 0 ],
            "1.45": [ 0, 0, 0 ]
          },
          "rotation": {
            "0": [ 2.087, 9.817067, -12.95825 ],
            "0.05": [ 4.897886, 8.314145, -10.99317 ],
            "0.1": [ 8.552037, 6.360345, -8.438563 ],
            "0.15": [ 12.20619, 4.406547, -5.883955 ],
            "0.2": [ 15.01708, 2.903624, -3.918872 ],
            "0.25": [ 16.14143, 2.302455, -3.132839 ],
            "0.75": [ 16.14143, 2.302455, -3.132839 ],
            "0.8": [ 12.54331, 1.942696, -2.643333 ],
            "0.85": [ 4.627462, 1.151227, -1.56642 ],
            "0.9": [ -3.28839, 0.3597586, -0.4895061 ],
            "0.95": [ -6.886505, 0, 0 ],
            "1.45": [ -6.886505, 0, 0 ]
          },
          "scale": {
            "0": [ 1, 1, 1 ],
            "1.45": [ 1, 1, 1 ]
          }
        },
        "leftArm": {
          "position": {
            "0": [ -0.03362717, 3.530627, -2.042565 ],
            "0.05": [ 0.1661756, 2.92083, -1.634052 ],
            "0.1": [ 0.4259192, 2.128093, -1.102985 ],
            "0.15": [ 0.6856629, 1.335356, -0.5719182 ],
            "0.2": [ 0.8854656, 0.7255577, -0.1634052 ],
            "0.25": [ 0.9653867, 0.4816386, 0 ],
            "0.6": [ 0.9653867, 0.4816386, 0 ],
            "0.65": [ -0.2392614, 1.622869, -0.1669564 ],
            "0.7": [ -0.5449997, 1.054981, -0.5355545 ],
            "0.75": [ -0.5912915, 0.4897, -0.7749879 ],
            "0.8": [ -0.4989022, 0.4161171, -0.6538961 ],
            "0.85": [ -0.2956457, 0.2474569, -0.387494 ],
            "0.9": [ -0.09238929, 0.07749322, -0.1210919 ],
            "0.95": [ 0, 0, 0 ],
            "1.45": [ 0, 0, 0 ]
          },
          "rotation": {
            "0": [ -142.684, -10.98235, -1.446045 ],
            "0.05": [ -114.1472, -8.785878, -5.399125 ],
            "0.1": [ -77.04935, -5.930468, -10.82995 ],
            "0.15": [ -39.95152, -3.075058, -16.79137 ],
            "0.2": [ -11.41472, -0.8785878, -22.33623 ],
            "0.25": [ 0, 0, -26.51736 ],
            "0.3": [ 0, 0, -29.58764 ],
            "0.35": [ 0, 0, -32.35538 ],
            "0.4": [ 0, 0, -34.70656 ],
            "0.45": [ 0, 0, -36.52715 ],
            "0.5": [ 0, 0, -37.70312 ],
            "0.55": [ 0, 0, -38.12045 ],
            "0.6": [ 0, 0, -59.37811 ],
            "0.65": [ -27.7052, 11.22176, 11.42293 ],
            "0.75": [ -27.7052, 11.22176, 11.42293 ],
            "0.8": [ -23.37626, 9.468357, 9.638094 ],
            "0.85": [ -13.8526, 5.610878, 5.711463 ],
            "0.9": [ -4.328938, 1.753399, 1.784832 ],
            "0.95": [ 0, 0, 0 ],
            "1": [ -8.469645, 0, 0 ],
            "1.05": [ -27.10286, 0, 0 ],
            "1.1": [ -45.73608, 0, 0 ],
            "1.15": [ -54.20572, 0, 0 ],
            "1.2": [ -42.44329, 0, 0 ],
            "1.25": [ -14.39443, 0, 0 ],
            "1.3": [ 19.08326, 0, 0 ],
            "1.35": [ 47.13213, 0, 0 ],
            "1.4": [ 58.89455, 0, 0 ],
            "1.45": [ 58.6376, 0, 0 ]
          },
          "scale": {
            "0": [ 1, 1, 1 ],
            "1.45": [ 1, 1, 1 ]
          }
        },
        "rightArm": {
          "position": {
            "0": [ 0.08524352, -0.448748, 1.256307 ],
            "0.05": [ -0.1786499, -0.4282216, 1.005045 ],
            "0.1": [ -0.5217114, -0.4015374, 0.6784055 ],
            "0.15": [ -0.8647729, -0.3748533, 0.3517658 ],
            "0.2": [ -1.128666, -0.3543269, 0.1005045 ],
            "0.25": [ -1.234224, -0.3461164, 0 ],
            "0.6": [ -1.234224, -0.3461164, 0 ],
            "0.65": [ -0.1219405, 1.452323, 0.05345113 ],
            "0.7": [ 0.1269305, 0.8850076, -0.250957 ],
            "0.75": [ 0.1624835, 0.3176917, -0.5553653 ],
            "0.8": [ 0.1370954, 0.2680524, -0.4685894 ],
            "0.85": [ 0.08124174, 0.1588459, -0.2776826 ],
            "0.9": [ 0.02538805, 0.04963933, -0.08677582 ],
            "0.95": [ 0, 0, 0 ],
            "1.45": [ 0, 0, 0 ]
          },
          "rotation": {
            "0": [ 56.36606, -5.932161, 20.19321 ],
            "0.05": [ 45.09285, -4.745729, 21.47582 ],
            "0.1": [ 30.43767, -3.203367, 23.27625 ],
            "0.15": [ 15.7825, -1.661005, 25.31857 ],
            "0.2": [ 4.509285, -0.4745729, 27.32687 ],
            "0.25": [ 0, 0, 29.02521 ],
            "0.3": [ 0, 0, 30.6328 ],
            "0.35": [ 0, 0, 32.41423 ],
            "0.4": [ 0, 0, 34.16164 ],
            "0.45": [ 0, 0, 35.66714 ],
            "0.5": [ 0, 0, 36.72288 ],
            "0.55": [ 0, 0, 37.12098 ],
            "0.6": [ 0, 0, 55.38469 ],
            "0.65": [ -27.65214, -5.85315, -11.01415 ],
            "0.75": [ -27.65214, -5.85315, -11.01415 ],
            "0.8": [ -25.11148, -4.938596, -8.425529 ],
            "0.85": [ -18.5727, -2.926575, -2.730571 ],
            "0.9": [ -9.660605, -0.9145547, 2.964386 ],
            "0.95": [ 0, 0, 5.553003 ],
            "1": [ 12.88589, 0, 5.553003 ],
            "1.05": [ 28.8936, 0, 5.553003 ],
            "1.1": [ 42.528, 0, 5.553003 ],
            "1.15": [ 48.29394, 0, 5.553003 ],
            "1.2": [ 37.49196, 0, 5.553003 ],
            "1.25": [ 11.7334, 0, 5.553003 ],
            "1.3": [ -19.01069, 0, 5.553003 ],
            "1.35": [ -44.76925, 0, 5.553003 ],
            "1.4": [ -55.57122, 0, 5.553003 ],
            "1.45": [ -55.33525, 0, 5.553003 ]
          },
          "scale": {
            "0": [ 1, 1, 1 ],
            "1.45": [ 1, 1, 1 ]
          }
        },
        "body": {
          "position": {
            "0": [ 0, 0, 0 ],
            "1.45": [ 0, 0, 0 ]
          },
          "rotation": {
            "0": [ 0, 0, 0 ],
            "1.45": [ 0, 0, 0 ]
          },
          "scale": {
            "0": [ 1, 1, 1 ],
            "1.45": [ 1, 1, 1 ]
          }
        },
        "waist": {
          "position": {
            "0": [ 0, 0.4426147, 0.05559832 ],
            "0.5": [ 0, 0.4426147, 0.05559832 ],
            "0.55": [ 0, -1.012652, -0.1383054 ],
            "0.6": [ 0, -3.71529, -0.4984123 ],
            "0.65": [ 0, -5.170557, -0.6923161 ],
            "0.7": [ 0, -4.075892, -0.6018298 ],
            "0.75": [ 0, -2.981228, -0.5113437 ],
            "0.8": [ 0, -2.515411, -0.4314462 ],
            "0.85": [ 0, -1.490614, -0.2556718 ],
            "0.9": [ 0, -0.4658169, -0.07989744 ],
            "0.95": [ 0, 0, 0 ],
            "1.45": [ 0, 0, 0 ]
          },
          "rotation": {
            "0": [ -6.580806, -0.8022304, -6.713579 ],
            "0.05": [ -5.264645, -0.6417843, -6.210717 ],
            "0.1": [ -3.553636, -0.4332044, -5.556997 ],
            "0.15": [ -1.842626, -0.2246245, -4.903277 ],
            "0.2": [ -0.5264645, -0.06417843, -4.400415 ],
            "0.25": [ 0, 0, -4.199271 ],
            "0.3": [ -0.2767748, 0, -4.29689 ],
            "0.35": [ -0.8303244, 0, -4.492129 ],
            "0.4": [ -1.245487, 0, -4.638559 ],
            "0.45": [ -1.107099, 0, -4.589749 ],
            "0.5": [ 0, 0, -4.199271 ],
            "0.55": [ 2.819218, 0, -2.839405 ],
            "0.6": [ 7.262455, 0, -0.953117 ],
            "0.65": [ 12.49761, 0, 0 ],
            "0.7": [ 20.97161, 0, 0 ],