{
  "format_version": "1.8.0",
  "animations": {
    "animation.adventure_fail_exit": {
      "loop": false,
      "bones": {
        "head": {
          "position": {
            "0": [ 0.05699195, 0, 0 ],
            "0.6": [ 0.05699195, 0, 0 ],
            "0.65": [ 0.05699195, 0.0247828, 0.0005134806 ],
            "0.7": [ 0.05699195, 0.2396323, 0.0567329 ],
            "0.75": [ 0.05699195, 0.5277562, 0.4874616 ],
            "0.8": [ 0.05699195, 0.7926416, 1.177248 ],
            "0.85": [ 0.05699195, 0.8366808, 1.47662 ],
            "0.9": [ 0.05511567, 0.5212934, 1.410813 ],
            "0.95": [ 0.02939502, 0.2462984, 0.7452087 ],
            "1": [ 0.001250852, 0.01081976, 0.03177258 ],
            "1.05": [ 0, 0, 0 ],
            "2.05": [ 0, 0, 0 ]
          },
          "rotation": {
            "0": [ -43.22446, 0, 0 ],
            "0.05": [ -40.85201, 0, 0 ],
            "0.1": [ -37.75595, 0, 0 ],
            "0.15": [ -34.65989, 0, 0 ],
            "0.2": [ -32.26262, 0, 0 ],
            "0.25": [ -31.35081, 0, 0 ],
            "0.3": [ -31.31684, 0, 0 ],
            "0.5": [ -31.31684, 0, 0 ],
            "0.55": [ -31.23834, 0, 0 ],
            "0.6": [ -21.96582, 0, 0 ],
            "0.65": [ 10.28122, 0, 0 ],
            "0.7": [ 19.74838, 0, 0 ],
            "0.75": [ 15.38733, 0, 0 ],
            "0.8": [ -3.322032, 0, 0 ],
            "0.85": [ -11.26697, 0, 0 ],
            "0.9": [ -9.560271, 0, 0 ],
            "0.95": [ 4.957827, 0, 0 ],
            "1": [ 15.2207, 0, 0 ],
            "1.05": [ 2.536015, 0, 0 ],
            "1.1": [ 0, 0, 0 ],
            "2.05": [ 0, 0, 0 ]
          },
          "scale": {
            "0": [ 1, 1, 1 ],
            "2.05": [ 1, 1, 1 ]
          }
        },
        "leftArm": {
          "position": {
            "0": [ 1.226991, -0.08848389, 0.3367232 ],
            "0.05": [ 1.226991, -0.08848389, 0.3367232 ],
            "0.1": [ 1.231868, -0.07619247, 0.3652216 ],
            "0.15": [ 1.339514, 0.1951169, 0.9942698 ],
            "0.2": [ 1.553271, 0.7126786, 2.192136 ],
            "0.25": [ 1.646928, 1.038945, 2.960087 ],
            "0.3": [ 1.512178, 1.245446, 3.546734 ],
            "0.35": [ 1.222639, 1.666024, 4.741046 ],
            "0.4": [ 1.070597, 1.889209, 5.374053 ],
            "0.45": [ 1.064492, 1.89817, 5.399469 ],
            "0.5": [ 1.064492, 1.89817, 5.399469 ],
            "0.55": [ 1.022042, 1.751237, 5.686803 ],
            "0.6": [ 0.9227563, 1.426934, 6.43936 ],
            "0.65": [ 1.029929, 1.65278, 5.199317 ],
            "0.7": [ 1.043282, 0.5272259, 1.338855 ],
            "0.75": [ 1.093599, -0.646796, -2.055351 ],
            "0.8": [ 2.161323, 0.07422423, -1.629425 ],
            "0.85": [ 3.131868, 0.9059827, 0.02504408 ],
            "0.9": [ 2.930413, 0.8420911, 0.3141398 ],
            "0.95": [ 1.833866, 0.4021507, 0.2870809 ],
            "1": [ 0.267986, 0.05686316, 0.04032895 ],
            "1.05": [ 0, 0, 0 ],
            "2.05": [ 0, 0, 0 ]
          },
          "rotation": {
            "0": [ -34.46909, 21.77083, -98.96128 ],
            "0.05": [ -34.46909, 21.77083, -98.96128 ],
            "0.1": [ -34.84898, 21.77083, -98.96128 ],
            "0.15": [ -43.2345, 21.77083, -98.96128 ],
            "0.2": [ -59.3816, 21.77083, -98.96128 ],
            "0.25": [ -68.80762, 21.61515, -98.93834 ],
            "0.3": [ -70.93359, 18.17882, -98.43204 ],
            "0.35": [ -75.02398, 11.46184, -97.44236 ],
            "0.4": [ -77.22594, 7.921015, -96.92065 ],
            "0.45": [ -77.31435, 7.778841, -96.8997 ],
            "0.5": [ -77.31435, 7.778841, -96.8997 ],
            "0.55": [ -77.33563, 5.900091, -97.32067 ],
            "0.6": [ -77.38261, 1.299528, -98.33625 ],
            "0.65": [ -77.88658, 7.21693, -97.07859 ],
            "0.7": [ -85.67506, 17.70666, -95.48544 ],
            "0.75": [ -90.8489, 34.20055, -95.87798 ],
            "0.8": [ -61.66349, 47.97867, -117.103 ],
            "0.85": [ -28.48318, 55.72404, -140.5323 ],
            "0.9": [ -27.01258, 56.04248, -141.5729 ],
            "0.95": [ -22.82544, 47.35551, -119.6281 ],
            "1": [ -3.186669, 6.611322, -16.70133 ],
            "1.05": [ 0, 0, 0 ],
            "1.25": [ 0, 0, 0 ],
            "1.3": [ 0.1797531, 0, 0 ],
            "1.35": [ 6.230782, 0, 0 ],
            "1.4": [ 21.04889, 0, 0 ],
            "1.45": [ 38.80889, 0, 0 ],
            "1.5": [ 53.94963, 0, 0 ],
            "1.55": [ 59.04593, 0, 0 ],
            "1.6": [ 47.59506, 0, 0 ],
            "1.65": [ 17.90222, 0, 0 ],
            "1.7": [ -17.61778, 0, 0 ],
            "1.75": [ -47.89926, 0, 0 ],
            "1.8": [ -58.31177, 0, 0 ],
            "1.85": [ -47.93086, 0, 0 ],
            "1.9": [ -17.90222, 0, 0 ],
            "1.95": [ 17.61778, 0, 0 ],
            "2": [ 46.88, 0, 0 ],
            "2.05": [ 60, 0, 0 ]
          },
          "scale": {
            "0": [ 1, 1, 1 ],
            "2.05": [ 1, 1, 1 ]
          }
        },
        "rightArm": {
          "position": {
            "0": [ -1.63956, -0.8841008, -3.727468 ],
            "0.05": [ -1.720602, -0.2123493, -2.636409 ],
            "0.1": [ -1.754534, 0.1093896, -1.378466 ],
            "0.15": [ -1.668623, 0.09278904, 0.03165155 ],
            "0.2": [ -1.494536, -0.03313449, 1.545367 ],
            "0.25": [ -1.388169, -0.10529, 2.380125 ],
            "0.3": [ -1.345226, -0.1467964, 3.006255 ],
            "0.35": [ -1.257645, -0.2313523, 4.292526 ],
            "0.4": [ -1.210982, -0.2762549, 4.974159 ],
            "0.45": [ -1.209108, -0.2780579, 5.001529 ],
            "0.5": [ -1.209108, -0.2780579, 5.001529 ],
            "0.55": [ -1.163649, -0.2959429, 5.269393 ],
            "0.6": [ -1.056469, -0.3354179, 5.970757 ],
            "0.65": [ -1.17204, -0.3225063, 4.816041 ],
            "0.7": [ -1.239215, -0.6666539, 1.253622 ],
            "0.75": [ -1.531865, -0.9629988, -2.015301 ],
            "0.8": [ -2.482764, -0.3073772, -1.793737 ],
            "0.85": [ -3.177305, 0.3543442, -0.6154499 ],
            "0.9": [ -2.904017, 0.3063545, -0.3804885 ],
            "0.95": [ -1.826831, 0.06474539, -0.2681848 ],
            "1": [ -0.2668982, 0.007453138, -0.040646 ],
            "1.05": [ 0, 0, 0 ],
            "2.05": [ 0, 0, 0 ]
          },
          "rotation": {
            "0": [ -123.4982, 67.19795, 99.11664 ],
            "0.05": [ -74.66759, 55.58374, 97.27393 ],
            "0.1": [ -51.40656, 42.27413, 95.31325 ],
            "0.15": [ -52.73384, 27.49465, 93.39873 ],
            "0.2": [ -62.38371, 11.30785, 91.41501 ],
            "0.25": [ -67.89131, 4.017628, 90.53977 ],
            "0.3": [ -70.8851, 3.73428, 90.50592 ],
            "0.35": [ -76.98493, 3.73428, 90.50592 ],
            "0.4": [ -80.22566, 3.73428, 90.50592 ],
            "0.45": [ -80.35579, 3.73428, 90.50592 ],
            "0.6": [ -80.35579, 3.73428, 90.50592 ],
            "0.65": [ -81.03978, 2.390384, 90.77376 ],
            "0.7": [ -90.75819, -16.70415, 95.32401 ],
            "0.75": [ -97.05048, -33.23581, 102.7073 ],
            "0.8": [ -58.81802, -15.26359, 106.8862 ],
            "0.85": [ -15.4346, 7.44455, 108.6136 ],
            "0.9": [ -13.51152, 8.443846, 108.6813 ],
            "0.95": [ -11.41714, 7.134992, 91.83494 ],
            "1": [ -1.593951, 0.996119, 12.82111 ],
            "1.05": [ 0, 0, 0 ],
            "1.25": [ 0, 0, 0 ],
            "1.3": [ -0.1797531, 0, 0 ],
            "1.35": [ -6.230782, 0, 0 ],
            "1.4": [ -21.04889, 0, 0 ],
            "1.45": [ -38.80889, 0, 0 ],
            "1.5": [ -53.94963, 0, 0 ],
            "1.55": [ -59.04593, 0, 0 ],
            "1.6": [ -47.59506, 0, 0 ],
            "1.65": [ -17.90222, 0, 0 ],
            "1.7": [ 17.61778, 0, 0 ],
            "1.75": [ 47.89926, 0, 0 ],
            "1.8": [ 58.31177, 0, 0 ],
            "1.85": [ 47.93086, 0, 0 ],
            "1.9": [ 17.90222, 0, 0 ],