{
  "format_version": "1.8.0",
  "animations": {
    "animation.grass_mound_tappable_award_transition": {
      "loop": false,
      "bones": {
        "grass": {
          "position": {
            "0": [ 0, 0, 0 ],
            "0.03333334": [ 0, 0, 0 ],
            "0.06666667": [ 0, 0, 0 ],
            "0.1": [ 0, 0, 0 ],
            "0.1333333": [ 0, 0, 0 ],
            "0.1666667": [ 0, 0, 0 ],
            "0.2": [ 0, 0, 0 ],
            "0.2333333": [ 0, 0, 0 ],
            "0.2666667": [ 0, 0, 0 ],
            "0.3": [ 0, 0, 0 ],
            "0.3333333": [ 0, 0, 0 ],
            "0.3666667": [ 0, 0, 0 ],
            "0.4": [ 0, 0, 0 ],
            "0.4333333": [ 0, 0, 0 ],
            "0.4666667": [ 0, 0, 0 ],
            "0.5": [ 0, 0, 0 ],
            "0.5333334": [ 0, 0, 0 ],
            "0.5666667": [ 0, 0, 0 ],
            "0.6": [ 0, 0, 0 ],
            "0.6333333": [ 0, 0, 0 ],
            "0.6666667": [ 0, 0, 0 ]
          },
          "rotation": {
            "0": [ 0, 0, 0 ],
            "0.03333334": [ 0, 0, 0 ],
            "0.06666667": [ 0, 0, 0 ],
            "0.1": [ 0, 0, 0 ],
            "0.1333333": [ 0, 0, 0 ],
            "0.1666667": [ 0, 0, 0 ],
            "0.2": [ -1.419383, 0.3550415, 1.839247 ],
            "0.2333333": [ -2.838765, 0.7956363, 3.678494 ],
            "0.2666667": [ -2.337075, 0.9469637, 3.248411 ],
            "0.3": [ -1.140736, 1.060375, 2.222827 ],
            "0.3333333": [ 0.2871518, 1.138334, 0.9987431 ],
            "0.3666667": [ 1.48349, 1.183303, -0.02684061 ],
            "0.4": [ 1.985181, 1.197745, -0.4569241 ],
            "0.4333333": [ 1.231439, 1.134916, 0.189235 ],
            "0.4666667": [ -0.4267922, 0.9966907, 1.610785 ],
            "0.5": [ -2.085024, 0.8584658, 3.032335 ],
            "0.5333334": [ -2.838765, 0.7956363, 3.678494 ],
            "0.5666667": [ -1.588112, 0.8998867, 2.606349 ],
            "0.6": [ 0.7345281, 1.093495, 0.6152214 ],
            "0.6333333": [ 1.985181, 1.197745, -0.4569241 ],
            "0.6666667": [ -0.4267922, 0.9966907, 1.610785 ]
          },
          "scale": {
            "0": [ 1, 1, 1 ],
            "0.03333334": [ 1, 1, 1 ],
            "0.06666667": [ 1, 1, 1 ],
            "0.1": [ 1, 1, 1 ],
            "0.1333333": [ 1, 1, 1 ],
            "0.1666667": [ 1, 1, 1 ],
            "0.2": [ 1, 1, 1 ],
            "0.2333333": [ 1, 1, 1 ],
            "0.2666667": [ 1, 1, 1 ],
            "0.3": [ 1, 1, 1 ],
            "0.3333333": [ 1, 1, 1 ],
            "0.3666667": [ 1, 1, 1 ],
            "0.4": [ 1, 1, 1 ],
            "0.4333333": [ 1, 1, 1 ],
            "0.4666667": [ 1, 1, 1 ],
            "0.5": [ 1, 1, 1 ],
            "0.5333334": [ 1, 1, 1 ],
            "0.5666667": [ 1, 1, 1 ],
            "0.6": [ 1, 1, 1 ],
            "0.6333333": [ 1, 1, 1 ],
            "0.6666667": [ 1, 1, 1 ]
          }
        },
        "root": {
          "position": {
            "0": [ 0, 0, 0 ],
            "0.03333334": [ 0, 0, 0 ],
            "0.06666667": [ 0, 0, 0 ],
            "0.1": [ 0, 0, 0 ],
            "0.1333333": [ 3.371239, 0, 3.371239 ],
            "0.1666667": [ 5, 0, 5 ],
            "0.2": [ 4.236101, 0, 4.236101 ],
            "0.2333333": [ 1.762009, 0, 1.762009 ],
            "0.2666667": [ -1.699939, 0, -1.699939 ],
            "0.3": [ -4.21766, 0, -4.21766 ],
            "0.3333333": [ -5, 0, -5 ],
            "0.3666667": [ -3.953117, 0, -3.917547 ],
            "0.4": [ -0.6096996, 0, -0.4605308 ],
            "0.4333333": [ 3.069928, 0, 3.34412 ],
            "0.4666667": [ 4.341305, 0, 4.658694 ],
            "0.5": [ 2.517732, 0, 2.771374 ],
            "0.5333334": [ -2.043086, 0, -1.948877 ],
            "0.5666667": [ -3.994734, 0, -3.96875 ],
            "0.6": [ -0.1534863, 0, -0.1414138 ],
            "0.6333333": [ 3.973981, 0, 3.971105 ],
            "0.6666667": [ -1.114421, 0, -1.117297 ]
          },
          "rotation": {
            "0": [ 0, 0, 0 ],
            "0.03333334": [ 0, 0, 0 ],
            "0.06666667": [ 0, 0, 0 ],
            "0.1": [ 0, 0, 0 ],
            "0.1333333": [ 0, 0, 0 ],
            "0.1666667": [ 0, 0, 0 ],
            "0.2": [ 0, 0, 0 ],
            "0.2333333": [ 0, 0, 0 ],
            "0.2666667": [ 0, 0, 0 ],
            "0.3": [ 0, 0, 0 ],
            "0.3333333": [ 0, 0, 0 ],
            "0.3666667": [ 0, 0, 0 ],
            "0.4": [ 0, 0, 0 ],
            "0.4333333": [ 0, 0, 0 ],
            "0.4666667": [ 0, 0, 0 ],
            "0.5": [ 0, 0, 0 ],
            "0.5333334": [ 0, 0, 0 ],
            "0.5666667": [ 0, 0, 0 ],
            "0.6": [ 0, 0, 0 ],
            "0.6333333": [ 0, 0, 0 ],
            "0.6666667": [ 0, 0, 0 ]
          },
          "scale": {
            "0": [ 1, 1, 1 ],
            "0.03333334": [ 0.9471933, 0.9281771, 0.9471933 ],
            "0.06666667": [ 0.8649835, 0.8163626, 0.8649835 ],
            "0.1": [ 0.798026, 0.725293, 0.798026 ],
            "0.1333333": [ 0.7466037, 0.655353, 0.7466037 ],
            "0.1666667": [ 0.707109, 0.6016359, 0.707109 ],
            "0.2": [ 0.6767774, 0.5603815, 0.6767774 ],
            "0.2333333": [ 0.6536874, 0.5289766, 0.6536874 ],
            "0.2666667": [ 0.6364827, 0.5055762, 0.6364827 ],
            "0.3": [ 0.6241751, 0.4888366, 0.6241751 ],
            "0.3333333": [ 0.6160228, 0.4777486, 0.6160228 ],
            "0.3666667": [ 0.6114535, 0.4715338, 0.6114535 ],
            "0.4": [ 0.6100153, 0.4695777, 0.6100153 ],
            "0.4333333": [ 0.6100153, 0.4695777, 0.6100153 ],
            "0.4666667": [ 0.6100153, 0.4695777, 0.6100153 ],
            "0.5": [ 0.6100153, 0.4695777, 0.6100153 ],
            "0.5333334": [ 0.6100153, 0.4695777, 0.6100153 ],
            "0.5666667": [ 0.6100153, 0.4695777, 0.6100153 ],
            "0.6": [ 0.6100153, 0.4695777, 0.6100153 ],
            "0.6333333": [ 0.6100153, 0.4695777, 0.6100153 ],
            "0.6666667": [ 0.6100153, 0.4695777, 0.6100153 ]
          }
        }
      }
    }
  }
}