{
  "format_version": "1.8.0",
  "animations": {
    "animation.grass_mound_tappable_award_loop": {
      "loop": true,
      "bones": {
        "grass": {
          "position": {
            "0": [ 0, 0, 0 ],
            "0.03333334": [ 0, 0, 0 ],
            "0.06666667": [ 0, 0, 0 ],
            "0.1": [ 0, 0, 0 ],
            "0.1333333": [ 0, 0, 0 ],
            "0.1666667": [ 0, 0, 0 ],
            "0.2": [ 0, 0, 0 ],
            "0.2333333": [ 0, 0, 0 ]
          },
          "rotation": {
            "0": [ -2.838765, 0.7956363, 3.678494 ],
            "0.03333334": [ -0.4267922, 0.9966907, 1.610785 ],
            "0.06666667": [ 1.985181, 1.197745, -0.4569241 ],
            "0.1": [ -0.4267922, 0.9966907, 1.610785 ],
            "0.1333333": [ -2.838765, 0.7956363, 3.678494 ],
            "0.1666667": [ -0.4267922, 0.9966907, 1.610785 ],
            "0.2": [ 1.985181, 1.197745, -0.4569241 ],
            "0.2333333": [ -0.4267922, 0.9966907, 1.610785 ]
          },
          "scale": {
            "0": [ 1, 1, 1 ],
            "0.03333334": [ 1, 1, 1 ],
            "0.06666667": [ 1, 1, 1 ],
            "0.1": [ 1, 1, 1 ],
            "0.1333333": [ 1, 1, 1 ],
            "0.1666667": [ 1, 1, 1 ],
            "0.2": [ 1, 1, 1 ],
            "0.2333333": [ 1, 1, 1 ]
          }
        },
        "root": {
          "position": {
            "0": [ -3.971105, 0, -3.973981 ],
            "0.03333334": [ -1.386005, 0, -1.388673 ],
            "0.06666667": [ 3.179185, 0, 3.176884 ],
            "0.1": [ -1.501198, 0, -1.503771 ],
            "0.1333333": [ -3.732839, 0, -3.735542 ],
            "0.1666667": [ -1.727015, 0, -1.729425 ],
            "0.2": [ 2.479764, 0, 2.477969 ],
            "0.2333333": [ -1.519565, 0, -1.522029 ]
          },
          "rotation": {
            "0": [ 0, 0, 0 ],
            "0.03333334": [ 0, 0, 0 ],
            "0.06666667": [ 0, 0, 0 ],
            "0.1": [ 0, 0, 0 ],
            "0.1333333": [ 0, 0, 0 ],
            "0.1666667": [ 0, 0, 0 ],
            "0.2": [ 0, 0, 0 ],
            "0.2333333": [ 0, 0, 0 ]
          },
          "scale": {
            "0": [ 0.6100153, 0.4695777, 0.6100153 ],
            "0.03333334": [ 0.5888481, 0.4532835, 0.5888481 ],
            "0.06666667": [ 0.5676808, 0.4369894, 0.5676808 ],
            "0.1": [ 0.5744252, 0.4421811, 0.5744252 ],
            "0.1333333": [ 0.5855017, 0.4507076, 0.5855017 ],
            "0.1666667": [ 0.5945538, 0.4576758, 0.5945538 ],
            "0.2": [ 0.602338, 0.4636678, 0.602338 ],
            "0.2333333": [ 0.6077088, 0.4678021, 0.6077088 ]
          }
        }
      }
    }
  }
}