{
  "format_version": "1.8.0",
  "animations": {
    "animation.squid.tappable.mapIdle": {
      "loop": true,
      "bones": {
        "nose": {
          "position": {
            "2.7": [ 0, 0, 0 ],
            "15.36667": [ 0, 0, 0 ]
          },
          "rotation": {
            "2.7": [ 0, 0, 0 ],
            "2.833333": [ 5, 0, 0 ],
            "2.966667": [ -5, 0, 0 ],
            "3.1": [ 5, 0, 0 ],
            "3.233333": [ -5, 0, 0 ],
            "3.366667": [ 5, 0, 0 ],
            "3.5": [ -5, 0, 0 ],
            "3.633333": [ 5, 0, 0 ],
            "3.766667": [ 0, 0, 0 ],
            "4.133333": [ 0, 0, 0 ],
            "4.266667": [ 5, 0, 0 ],
            "4.4": [ -5, 0, 0 ],
            "4.533333": [ 5, 0, 0 ],
            "4.666667": [ -5, 0, 0 ],
            "4.8": [ 5, 0, 0 ],
            "4.933333": [ -5, 0, 0 ],
            "5.066667": [ 5, 0, 0 ],
            "5.2": [ 0, 0, 0 ],
            "10.3": [ 0, 0, 0 ],
            "10.43333": [ 5, 0, 0 ],
            "10.56667": [ -5, 0, 0 ],
            "10.7": [ 5, 0, 0 ],
            "10.83333": [ -5, 0, 0 ],
            "10.96667": [ 5, 0, 0 ],
            "11.1": [ -5, 0, 0 ],
            "11.23333": [ 5, 0, 0 ],
            "11.36667": [ 0, 0, 0 ],
            "14.3": [ 0, 0, 0 ],
            "14.43333": [ -5, 0, 0 ],
            "14.56667": [ 5, 0, 0 ],
            "14.7": [ -5, 0, 0 ],
            "14.83333": [ 5, 0, 0 ],
            "14.96667": [ -5, 0, 0 ],
            "15.1": [ 5, 0, 0 ],
            "15.23333": [ -5, 0, 0 ],
            "15.36667": [ 0, 0, 0 ]
          },
          "scale": {
            "2.7": [ 1, 1, 1 ],
            "15.36667": [ 1, 1, 1 ]
          }
        },
        "head": {
          "position": {
            "0": [ 0, 0, 0 ],
            "16.56667": [ 0, 0, 0 ]
          },
          "rotation": {
            "0": [ -8, 0, 0 ],
            "0.6666667": [ -11, 0, 0 ],
            "1.333333": [ -8, 0, 0 ],
            "2": [ -11, 0, 0 ],
            "2.666667": [ -8, 0, 0 ],
            "3": [ -28.61922, -3.291429, 0 ],
            "3.333333": [ -33, -10.71406, 21 ],
            "4": [ -33, -14.00005, 21 ],
            "4.166667": [ -33, -6.105903, 1.670513 ],
            "4.433333": [ -33, 28.26459, -11.97207 ],
            "4.7": [ -33, 34.25037, -14.44374 ],
            "5.333333": [ -8, 0, 0 ],
            "5.966667": [ -11, 0, 0 ],
            "6.633333": [ -8, 0, 0 ],
            "7": [ -11, 29.92267, 0 ],
            "7.3": [ -9.172542, 17.19806, 0 ],
            "7.666667": [ -11, 0, 0 ],
            "8.3": [ -8, 0, 0 ],
            "8.633333": [ -11, -13.06178, 0 ],
            "9.1": [ -8, 0, 0 ],
            "9.466666": [ -11, -14.47995, 0 ],
            "9.966666": [ -8, 0, 0 ],
            "10.63333": [ -11, 0, 0 ],
            "11.3": [ -8, 0, 0 ],
            "11.96667": [ -11, 13.08491, 0 ],
            "12.3": [ -9.564935, 9.193788, 0 ],
            "12.63333": [ -8, 13.42992, 0 ],
            "13.3": [ -8, 0, 0 ],
            "13.96667": [ -11, 0, 0 ],
            "14.46667": [ 38, 0, 0 ],
            "14.6": [ 33, 0, 0 ],
            "14.73333": [ 38, 0, 0 ],
            "14.86667": [ 33, 0, 0 ],
            "15": [ 38, 0, 0 ],
            "15.13333": [ 33, 0, 0 ],
            "15.26667": [ 38, 0, 0 ],
            "15.4": [ 33, 10.76698, 0 ],
            "15.53333": [ 38, 20, 0 ],
            "15.66667": [ 33, 20, 0 ],
            "15.8": [ 38, 20, 0 ],
            "15.93333": [ 33, 20, 0 ],
            "16.06667": [ 23.47445, 11.80894, 0 ],
            "16.2": [ -1.930808, 0, 0 ],
            "16.3": [ -12.37375, 0, 0 ],
            "16.43333": [ -9.280468, 0, 0 ],
            "16.56667": [ -8, 0, 0 ]
          },
          "scale": {
            "0": [ 1, 1, 1 ],
            "16.56667": [ 1, 1, 1 ]
          }
        },
        "leg0": {
          "position": {
            "6.933333": [ 0, 0, 0 ],
            "12.93333": [ 0, 0, 0 ]
          },
          "rotation": {
            "6.933333": [ 0, 0, 0 ],
            "7.133333": [ -20.12703, 0, 0 ],
            "7.266667": [ -16.13683, 0, 0 ],
            "7.433333": [ 15.55924, 0, 0 ],
            "7.666667": [ 0, 0, 0 ],
            "8.6": [ 0, 0, 0 ],
            "8.8": [ -21.05292, 0, 0 ],
            "9": [ 24.05818, 0, 0 ],
            "9.1": [ 0, 0, 0 ],
            "9.3": [ -19.08817, 0, 0 ],
            "9.533334": [ 23.86122, 0, 0 ],
            "9.733334": [ 0, 0, 0 ],
            "11.6": [ 0, 0, 0 ],
            "11.93333": [ 20.7084, 0, 0 ],
            "12.26667": [ -29.60411, 0, 0 ],
            "12.6": [ 29.76223, 0, 0 ],
            "12.93333": [ 0, 0, 0 ]
          },
          "scale": {
            "6.933333": [ 1, 1, 1 ],
            "12.93333": [ 1, 1, 1 ]
          }
        },
        "leg1": {
          "position": {
            "6.933333": [ 0, 0, 0 ],
            "12.93333": [ 0, 0, 0 ]
          },
          "rotation": {
            "6.933333": [ 0, 0, 0 ],
            "7.2": [ 27.16931, 0, 0 ],
            "7.366667": [ -32.59139, 0, 0 ],
            "7.6": [ 0, 0, 0 ],
            "8.6": [ 0, 0, 0 ],
            "8.8": [ 19.14615, 0, 0 ],
            "9": [ -20.00524, 0, 0 ],
            "9.1": [ 0, 0, 0 ],
            "9.3": [ 19.96391, 0, 0 ],
            "9.533334": [ -14.95295, 0, 0 ],
            "9.733334": [ 0, 0, 0 ],
            "11.6": [ 0, 0, 0 ],
            "11.93333": [ -33.07692, 0, 0 ],
            "12.26667": [ 29.22221, 0, 0 ],
            "12.6": [ -30.73565, 0, 0 ],
            "12.93333": [ 0, 0, 0 ]
          },
          "scale": {
            "6.933333": [ 1, 1, 1 ],
            "12.93333": [ 1, 1, 1 ]
          }
        },
        "leg2": {
          "position": {
            "6.933333": [ 0, 0, 0 ],
            "12.93333": [ 0, 0, 0 ]
          },
          "rotation": {
            "6.933333": [ 0, 0, 0 ],
            "7.2": [ 27.16931, 0, 0 ],
            "7.366667": [ -32.59139, 0, 0 ],
            "7.6": [ 0, 0, 0 ],
            "8.6": [ 0, 0, 0 ],
            "8.8": [ 19.14615, 0, 0 ],
            "9": [ -20.00524, 0, 0 ],
            "9.1": [ 0, 0, 0 ],
            "9.3": [ 19.96391, 0, 0 ],
            "9.533334": [ -14.95295, 0, 0 ],
            "9.733334": [ 0, 0, 0 ],
            "11.6": [ 0, 0, 0 ],
            "11.93333": [ -33.07692, 0, 0 ],
            "12.26667": [ 29.22221, 0, 0 ],
            "12.6": [ -30.73565, 0, 0 ],
            "12.93333": [ 0, 0, 0 ]
          },
          "scale": {
            "6.933333": [ 1, 1, 1 ],
            "12.93333": [ 1, 1, 1 ]
          }
        },
        "leg3": {
          "position": {
            "6.933333": [ 0, 0, 0 ],
            "12.93333": [ 0, 0, 0 ]
          },
          "rotation": {
            "6.933333": [ 0, 0, 0 ],
            "7.133333": [ -20.12703, 0, 0 ],
            "7.266667": [ -16.13683, 0, 0 ],
            "7.433333": [ 15.55924, 0, 0 ],
            "7.666667": [ 0, 0, 0 ],
            "8.6": [ 0, 0, 0 ],
            "8.8": [ -21.05292, 0, 0 ],
            "9": [ 24.05818, 0, 0 ],
            "9.1": [ 0, 0, 0 ],
            "9.3": [ -19.08817, 0, 0 ],
            "9.533334": [ 23.86122, 0, 0 ],
            "9.733334": [ 0, 0, 0 ],
            "11.6": [ 0, 0, 0 ],
            "11.93333": [ 20.7084, 0, 0 ],
            "12.26667": [ -29.60411, 0, 0 ],
            "12.6": [ 29.76223, 0, 0 ],
            "12.93333": [ 0, 0, 0 ]
          },
          "scale": {
            "6.933333": [ 1, 1, 1 ],
            "12.93333": [ 1, 1, 1 ]
          }
        },
        "body": {
          "position": {
            "6.933333": [ 0, 0, 0 ],
            "12.93333": [ 0, 0, 0 ]
          },
          "rotation": {
            "6.933333": [ 0, 0, 0 ],
            "7.6": [ 0, 61.47884, 0 ],
            "8.6": [ 0, 61.479, 0 ],
            "9.1": [ 0, 0, 0 ],
            "9.733334": [ 0, -52.82198, 0 ],
            "11.6": [ 0, -52.82198, 0 ],
            "12.93333": [ 0, 0, 0 ]
          },
          "scale": {
            "6.933333": [ 1, 1, 1 ],