{
  "format_version": "1.8.0",
  "animations": {
    "animation.squid.tappable.mapSpawn": {
      "loop": false,
      "bones": {
        "head": {
          "position": {
            "0": [ 0, 0, 0 ],
            "0.03333334": [ 0, 0, 0 ],
            "0.1": [ 0, 0, 0 ],
            "0.2333333": [ 0, 0, 0 ],
            "0.3": [ 0, 0, 0 ],
            "0.4666667": [ 0, 0, 0 ],
            "0.5666667": [ 0, 0, 0 ],
            "0.7": [ 0, 0, 0 ],
            "0.8333333": [ 0, 0, 0 ],
            "0.9333333": [ 0, 0, 0 ],
            "1": [ 0, 0, 0 ],
            "1.066667": [ 0, 0, 0 ],
            "1.133333": [ 0, 0, 0 ]
          },
          "rotation": {
            "0": [ -8, 0, 0 ],
            "0.03333334": [ -8, 0, 0 ],
            "0.1": [ 0, 0, 0 ],
            "0.1333333": [ 5.03582, 0, 0 ],
            "0.2333333": [ 13.91962, 0, 0 ],
            "0.3": [ 11.147, 0, 0 ],
            "0.4666667": [ -30.16354, 0, 0 ],
            "0.5666667": [ -31.75813, 0, 0 ],
            "0.7": [ -33.0241, 0, 0 ],
            "0.8333333": [ -26.87644, 0, 0 ],
            "0.9333333": [ 13.24582, 0, 0 ],
            "1": [ -17.68841, 0, 0 ],
            "1.066667": [ -11.57886, 0, 0 ],
            "1.133333": [ -8, 0, 0 ]
          },
          "scale": {
            "0": [ 1, 1, 1 ],
            "0.03333334": [ 1, 1, 1 ],
            "0.1": [ 1, 1, 1 ],
            "0.2333333": [ 1, 1, 1 ],
            "0.3": [ 1, 1, 1 ],
            "0.4666667": [ 1, 1, 1 ],
            "0.5666667": [ 1, 1, 1 ],
            "0.7": [ 1, 1, 1 ],
            "0.8333333": [ 1, 1, 1 ],
            "0.9333333": [ 1, 1, 1 ],
            "1": [ 1, 1, 1 ],
            "1.066667": [ 1, 1, 1 ],
            "1.133333": [ 1, 1, 1 ]
          }
        },
        "leg0": {
          "position": {
            "0": [ 0, 0, 0 ],
            "0.03333334": [ 0, 0, 0 ],
            "0.1": [ 0, 0, 0 ],
            "0.2": [ 0, 0, 0 ],
            "0.4": [ 0, 0, 0 ],
            "0.5": [ 0, 0, 0 ],
            "0.6": [ 0, 0, 0 ],
            "0.7": [ 0, 0, 0 ],
            "0.8": [ 0, 0, 0 ],
            "0.9": [ 0, 0, 0 ],
            "1.066667": [ 0, 0, 0 ]
          },
          "rotation": {
            "0": [ 0, 0, 0 ],
            "0.03333334": [ 0, 0, 0 ],
            "0.1": [ 0, 0, 0 ],
            "0.2": [ -11.96508, 0, 0 ],
            "0.3": [ 14.74607, 0, 0 ],
            "0.4": [ 15.47837, 0, 0 ],
            "0.5": [ 21.94242, 0, 0 ],
            "0.6": [ 4.225131, 0, 0 ],
            "0.7": [ 64.46657, 0, 0 ],
            "0.8": [ 4.225131, 0, 0 ],
            "0.9": [ 0, 0, 0 ],
            "1.066667": [ 0, 0, 0 ]
          },
          "scale": {
            "0": [ 1, 1, 1 ],
            "0.03333334": [ 1, 1, 1 ],
            "0.1": [ 1, 1, 1 ],
            "0.2": [ 1, 1.162115, 1 ],
            "0.4": [ 1, 1, 1 ],
            "0.5": [ 1, 1, 1 ],
            "0.6": [ 1, 1, 1 ],
            "0.7": [ 1, 1, 1 ],
            "0.8": [ 1, 1, 1 ],
            "0.9": [ 1, 0.8515828, 1 ],
            "1.066667": [ 1, 1, 1 ]
          }
        },
        "leg1": {
          "position": {
            "0": [ 0, 0, 0 ],
            "0.03333334": [ 0, 0, 0 ],
            "0.1": [ 0, 0, 0 ],
            "0.2": [ 0, 0, 0 ],
            "0.3": [ 0, 0, 0 ],
            "0.4": [ 0, 0, 0 ],
            "0.5": [ 0, 0, 0 ],
            "0.6": [ 0, 0, 0 ],
            "0.7": [ 0, 0, 0 ],
            "0.8": [ 0, 0, 0 ],
            "0.9": [ 0, 0, 0 ],
            "1.066667": [ 0, 0, 0 ]
          },
          "rotation": {
            "0": [ 0, 0, 0 ],
            "0.03333334": [ 0, 0, 0 ],
            "0.1": [ 0, 0, 0 ],
            "0.2": [ -11.96508, 0, 0 ],
            "0.3": [ 24.1684, 0, 0 ],
            "0.4": [ 27.70448, 0, 0 ],
            "0.5": [ 56.87467, 0, 0 ],
            "0.6": [ 75.16325, 0, 0 ],
            "0.7": [ 6.116618, 0, 0 ],
            "0.8": [ 75.16325, 0, 0 ],
            "0.9": [ 0, 0, 0 ],
            "1.066667": [ 0, 0, 0 ]
          },
          "scale": {
            "0": [ 1, 1, 1 ],
            "0.03333334": [ 1, 1, 1 ],
            "0.1": [ 1, 1, 1 ],
            "0.2": [ 1, 1.162115, 1 ],
            "0.3": [ 1, 1, 1 ],
            "0.4": [ 1, 1, 1 ],
            "0.5": [ 1, 1, 1 ],
            "0.6": [ 1, 1, 1 ],
            "0.7": [ 1, 1, 1 ],
            "0.8": [ 1, 1, 1 ],
            "0.9": [ 1, 0.8515828, 1 ],
            "1.066667": [ 1, 1, 1 ]
          }
        },
        "leg2": {
          "position": {
            "0": [ 0, 0, 0 ],
            "0.03333334": [ 0, 0, 0 ],
            "0.1": [ 0, 0, 0 ],
            "0.2": [ 0, 0, 0 ],
            "0.4": [ 0, 0, 0 ],
            "0.5": [ 0, 0, 0 ],
            "0.6": [ 0, 0, 0 ],
            "0.7": [ 0, 0, 0 ],
            "0.8": [ 0, 0, 0 ],
            "0.9": [ 0, 0, 0 ],
            "1.066667": [ 0, 0, 0 ]
          },
          "rotation": {
            "0": [ 0, 0, -0.09499803 ],
            "0.03333334": [ 0, 0, -0.09499853 ],
            "0.1": [ 0, 0, 0 ],
            "0.2": [ 14.5694, 0, 0 ],
            "0.3": [ -17.96548, 0, 0.01335449 ],
            "0.4": [ -72.98225, 0, 0 ],
            "0.5": [ -70.30344, 0, 0 ],
            "0.6": [ -87.32009, 0, 0 ],
            "0.7": [ -12.41853, 0, 0 ],
            "0.8": [ -87.32009, 0, 0 ],
            "0.9": [ 0, 0, 0 ],
            "1.066667": [ 0, 0, 0 ]
          },
          "scale": {
            "0": [ 1, 1, 1 ],
            "0.03333334": [ 1, 1, 1 ],
            "0.1": [ 1, 1, 1 ],
            "0.2": [ 1, 1.162115, 1 ],
            "0.4": [ 1, 1, 1 ],
            "0.5": [ 1, 1, 1 ],
            "0.6": [ 1, 1, 1 ],
            "0.7": [ 1, 1, 1 ],
            "0.8": [ 1, 1, 1 ],
            "0.9": [ 1, 0.8515828, 1 ],
            "1.066667": [ 1, 1, 1 ]
          }
        },
        "leg3": {
          "position": {
            "0": [ 0, 0, 0 ],
            "0.03333334": [ 0, 0, 0 ],
            "0.1": [ 0, 0, 0 ],
            "0.4": [ 0, 0, 0 ],
            "0.5": [ 0, 0, 0 ],
            "0.6": [ 0, 0, 0 ],
            "0.7": [ 0, 0, 0 ],
            "0.8": [ 0, 0, 0 ],
            "0.9": [ 0, 0, 0 ],
            "1.066667": [ 0, 0, 0 ]
          },
          "rotation": {
            "0": [ 0, 0, 0 ],
            "0.03333334": [ 0, 0, 0 ],
            "0.1": [ 0, 0, 0 ],
            "0.2": [ 16.05386, 0, 0 ],
            "0.3": [ -3.604731, 0, 0 ],
            "0.4": [ -84.33793, 0, 0 ],
            "0.5": [ -45.46188, 0, 0 ],
            "0.6": [ -16.99463, 0, 0 ],
            "0.7": [ -69.68534, 0, 0 ],
            "0.8": [ -16.99463, 0, 0 ],
            "0.9": [ 0, 0, 0 ],
            "1.066667": [ 0, 0, 0 ]
          },
          "scale": {
            "0": [ 1, 1, 1 ],
            "0.03333334": [ 1, 1, 1 ],
            "0.1": [ 1, 1, 1 ],
            "0.2": [ 1, 1.162115, 1 ],
            "0.4": [ 1, 1, 1 ],
            "0.5": [ 1, 1, 1 ],
            "0.6": [ 1, 1, 1 ],
            "0.7": [ 1, 1, 1 ],
            "0.8": [ 1, 1, 1 ],
            "0.9": [ 1, 0.8515828, 1 ],
            "1.066667": [ 1, 1, 1 ]
          }
        },
        "body": {
          "position": {
            "0": [ 0, 6.106216E-06, 0 ],
            "0.03333334": [ 0, 0, 0 ],
            "0.1": [ 0, -18.86835, 0 ],
            "0.1666667": [ 0, -10.10631, 0 ],
            "0.2333333": [ 0, 19.31664, 0 ],
            "0.3666667": [ 0, 32.42615, 0 ],
            "0.4333333": [ 0, 33.27124, 0 ],
            "0.5333334": [ 0, 34.11708, 0 ],
            "0.6": [ 0, 33.40254, 0 ],
            "0.7": [ 0, 29.62629, 0 ],
            "0.7666667": [ 0, 21.90788, 0 ],
            "0.9": [ 0, -1.478074, 0 ],
            "0.9666666": [ 0, -0.5799901, 0 ],
            "1.033333": [ 0, 8.240584E-05, 0 ],
            "1.1": [ 0, 8.240584E-05, 0 ],
            "1.133333": [ 0, 8.240584E-05, 0 ]
          },
          "rotation": {
            "0": [ 0, 0, 0 ],
            "0.03333334": [ 0, 0, 0 ],
            "0.1": [ 0, 0, 0 ],