{
  "format_version": "1.8.0",
  "animations": {
    "animation.bouldering_zombie.climbprep": {
      "loop": true,
      "bones": {
        "rightLeg": {
          "position": {
            "0": [ 0, 0, 0 ],
            "1.15": [ 0, 0, 0 ]
          },
          "rotation": {
            "0": [ 0, 0, 0 ],
            "0.35": [ 28.25402, 0, 0 ],
            "0.6": [ 0, 0, 0 ],
            "0.85": [ 0, 0, 0 ],
            "1": [ -28.29784, -1.656988, 6.807752 ],
            "1.15": [ -28.29784, -1.656988, 6.807752 ]
          },
          "scale": {
            "0": [ 1, 1, 1 ],
            "1.15": [ 1, 1, 1 ]
          }
        },
        "leftLeg": {
          "position": {
            "0": [ 0, 0, 0 ],
            "1.1": [ 0, 0, 0 ],
            "1.15": [ 0, -1.380082E-09, 3.269774E-10 ]
          },
          "rotation": {
            "0": [ 0, 0, 0 ],
            "0.4": [ -28.70573, 0, 0 ],
            "0.7": [ 0, 0, 0 ],
            "0.95": [ 0, 0, 0 ],
            "1": [ -15.804, -0.2969284, -12.20631 ],
            "1.1": [ -30.08909, -1.145295, -47.08147 ],
            "1.15": [ -30.08909, -1.145295, -47.08147 ]
          },
          "scale": {
            "0": [ 1, 1, 1 ],
            "1.15": [ 1, 1, 1 ]
          }
        },
        "head": {
          "position": {
            "0.3": [ 0, 0, 0 ],
            "1.15": [ 0, 0, 0 ]
          },
          "rotation": {
            "0.3": [ 0, 0, 0 ],
            "0.45": [ 11.66181, 0, 0 ],
            "0.55": [ 0, 0, 0 ],
            "0.6": [ -7.300212, 0, 0 ],
            "0.75": [ -28.29572, 0, 0 ],
            "0.85": [ -17.73383, 0, 0 ],
            "0.95": [ 1.186617, 0, 0 ],
            "1.15": [ -35.75544, 0, 0 ]
          },
          "scale": {
            "0.3": [ 1, 1, 1 ],
            "1.15": [ 1, 1, 1 ]
          }
        },
        "torso": {
          "position": {
            "0": [ 0, 0, 0 ],
            "1.15": [ 0, 0, 0 ]
          },
          "rotation": {
            "0": [ 0, 0, 0 ],
            "0.15": [ 0, 0, 0 ],
            "0.35": [ 8.417544, -0.04071203, 0.01321502 ],
            "0.7": [ -13.44107, -0.1354693, 0.04397298 ],
            "0.8": [ -8.953105, 0, 0 ],
            "0.9": [ 0, 0, 0 ],
            "1.15": [ 0, 0, 0 ]
          },
          "scale": {
            "0": [ 1, 1, 1 ],
            "1.15": [ 1, 1, 1 ]
          }
        },
        "rightArm": {
          "position": {
            "0": [ 0, 0, 0 ],
            "0.15": [ 0, 0, 0 ],
            "0.45": [ -0.7723978, -2.077004, 1.230692 ],
            "0.6": [ -1.421914, -1.782973, 3.240238 ],
            "0.7": [ -1.809413, -1.470145, 3.937697 ],
            "0.75": [ -1.966103, -1.250223, 3.969019 ],
            "0.9": [ -2.194312, 1.52468, -1.070583 ],
            "1.15": [ -2.194312, 1.52468, -1.070583 ]
          },
          "rotation": {
            "0": [ -90, 0, 0 ],
            "0.15": [ -90, 0, 0 ],
            "0.45": [ 1.362512, -9.654984, 97.62791 ],
            "0.6": [ 28.23821, 6.96194, 112.0563 ],
            "0.7": [ 35.69038, 7.359143, 117.2821 ],
            "0.75": [ 36.80959, 5.03775, 119.1113 ],
            "0.9": [ -23.85798, -1.410443, 147.1669 ],
            "1.15": [ -23.85798, -1.873365, 147.1669 ]
          },
          "scale": {
            "0": [ 1, 1, 1 ],
            "1.15": [ 1, 1, 1 ]
          }
        },
        "leftArm": {
          "position": {
            "0": [ 0, 0, 0 ],
            "0.1": [ 0, 0, 0 ],
            "0.2": [ 0, 0, -0.4243252 ],
            "0.3": [ 0.7189234, -1.340753, -1.421108 ],
            "0.4": [ 1.437847, -1.804902, 0.1885396 ],
            "0.6": [ 0.6117502, -1.477155, 3.103458 ],
            "0.75": [ 0.07558168, -1.297927, 4.395562 ],
            "0.85": [ 0.1090539, -1.246526, 3.662977 ],
            "0.95": [ 1.370292, 0.7986678, -0.3990063 ],
            "1.15": [ 1.370292, 0.7986678, -0.3990063 ]
          },
          "rotation": {
            "0": [ -90, 0, 0 ],
            "0.2": [ -90, 0, 0 ],
            "0.3": [ -48.27543, -10.20941, -50.9085 ],
            "0.4": [ 10.05595, 19.6605, -91.49026 ],
            "0.6": [ 25.99654, -1.455609, -112.2684 ],
            "0.85": [ 46.42076, 1.830162, -136.341 ],
            "0.95": [ -27.91543, 2.642643, -140.0463 ],
            "1.15": [ -27.91543, 2.642643, -140.0463 ]
          },
          "scale": {
            "0": [ 1, 1, 1 ],
            "1.15": [ 1, 1, 1 ]
          }
        },
        "body": {
          "position": {
            "0": [ 0, 0, 0 ],
            "1.15": [ 0, 0, 0 ]
          },
          "rotation": {
            "0": [ 0, 0, 0 ],
            "1.15": [ 0, 0, 0 ]
          },
          "scale": {
            "0": [ 1, 1, 1 ],
            "1.15": [ 1, 1, 1 ]
          }
        }
      }
    }
  }
}