{
  "format_version": "1.8.0",
  "animations": {
    "animation.bouldering_zombie.climbexit": {
      "loop": true,
      "bones": {
        "leftArm": {
          "position": {
            "0": [ 1.063186, -1.653562, 0.008050581 ],
            "0.2": [ 1.244935, -0.1070696, 2.637789 ],
            "0.35": [ 1.466727, 0.8966635, 3.998382 ],
            "0.55": [ 1.770219, 0.8966635, 4.453889 ],
            "0.6": [ 2.723774, 1.128995, 0 ],
            "0.65": [ 0.108697, 1.196735, 0.3460456 ],
            "0.7": [ 0.108697, 1.196735, 0.3460456 ],
            "0.8": [ 0.0281807, 1.870876, 0.1678317 ],
            "0.85": [ 0, 1.008752, -0.07322621 ],
            "0.9": [ 0, 0.2731971, -0.2315997 ],
            "0.95": [ 0, -1.214574, -0.4529374 ],
            "1": [ 0, -1.848175, -1.565035 ],
            "1.05": [ 0, -2.898723, -2.968741 ],
            "1.1": [ 0, -4.377879, -2.956141 ],
            "1.15": [ 0, -5.509089, -3.770508 ],
            "1.2": [ 0, -2.095694, -3.242906 ],
            "1.3": [ 0, 0, 0 ]
          },
          "rotation": {
            "0": [ -29.78282, -0.786425, -105.5047 ],
            "0.2": [ 1.815838, 0, -94.61691 ],
            "0.35": [ 25.99635, 0, -116.8584 ],
            "0.55": [ 31.35201, 0, -129.7239 ],
            "0.6": [ -14.86868, 10.86976, -145.2166 ],
            "0.65": [ -115.9209, -12.68252, 17.96239 ],
            "0.7": [ -103.2483, -13.22813, 14.40114 ],
            "0.85": [ -80.71207, -13.42096, 0.9879332 ],
            "0.9": [ -71.87515, -13.87605, 1.307949 ],
            "0.95": [ -63.66383, -13.85397, 0.9969689 ],
            "1": [ -49.86349, -13.69942, 0.2199993 ],
            "1.05": [ -36.86189, -13.27993, -0.7890052 ],
            "1.1": [ -20.80901, -12.46302, -1.79609 ],
            "1.15": [ -11.83036, -3.383637, -3.33275 ],
            "1.2": [ -48.40118, -7.240583, -6.384569 ],
            "1.25": [ -88.86612, -3.620291, -3.192285 ],
            "1.3": [ -90, 0, 0 ]
          },
          "scale": {
            "0": [ 1, 1, 1 ]
          }
        }
      }
    }
  }
}