{
  "format_version": "1.8.0",
  "animations": {
    "animation.bouldering_zombie.climb": {
      "loop": true,
      "sound_effects": {
        "0.0": { "effect": "climb" }
      },
      "bones": {
        "rightLeg": {
          "position": {
            "0": [ 0, 0.3241794, 0 ],
            "0.2": [ -0.1740269, 0.1766224, -0.1943086 ],
            "0.35": [ -0.3765219, -0.9272209, -0.3204224 ],
            "0.45": [ -0.520856, -0.04936066, 0.08102098 ],
            "0.55": [ -0.6097576, 0.8284996, 2.440905 ],
            "0.7": [ -0.1460588, 0.482457, -0.0269645 ],
            "0.9": [ 0, 0.3241794, 0 ],
            "0.95": [ 0, 0.3241794, 0 ]
          },
          "rotation": {
            "0": [ -40.87825, -4.553727, 3.875847 ],
            "0.35": [ 44.29004, -12.09313, 2.614003 ],
            "0.55": [ -75.58846, -8.375812, 3.41986 ],
            "0.7": [ -61.58713, -6.430577, 4.647811 ],
            "0.9": [ -40.87825, -4.553727, 3.875847 ],
            "0.95": [ -40.87825, -4.553727, 3.875847 ]
          },
          "scale": {
            "0": [ 1, 1, 1 ],
            "0.95": [ 1, 1, 1 ]
          }
        },
        "leftLeg": {
          "position": {
            "0": [ 0.1332477, 1.39238, 1.605082 ],
            "0.4": [ 0.05836209, 0.4525454, 0.09241071 ],
            "0.5": [ -0.004120707, -0.8928296, 0.2776333 ],
            "0.55": [ -0.04248022, 0.2596303, 0.4158806 ],
            "0.65": [ -0.08483253, -0.3043771, 0.6812461 ],
            "0.7": [ 0.2164972, -0.5017797, 0.8266045 ],
            "0.75": [ 0.3500914, -0.3047871, 1.002702 ],
            "0.95": [ 0.1332477, 1.39238, 1.605082 ]
          },
          "rotation": {
            "0": [ -85.61855, -5.79246, -4.448246 ],
            "0.4": [ -46.60471, -4.635954, -2.613716 ],
            "0.45": [ -41.7561, -3.056331, -1.700262 ],
            "0.5": [ -34.88231, -0.5770863, -0.4453177 ],
            "0.55": [ -2.159865, 0.7134104, 0.1872003 ],
            "0.7": [ 39.04588, 0.3544443, -0.8235157 ],
            "0.75": [ 31.49483, -2.180602, -1.461097 ],
            "0.95": [ -85.61855, -5.79246, -4.448246 ]
          },
          "scale": {
            "0": [ 1, 1, 1 ],
            "0.95": [ 1, 1, 1 ]
          }
        },
        "torso": {
          "position": {
            "0": [ 0, 0, 0 ],
            "0.95": [ 0, 0, 0 ]
          },
          "rotation": {
            "0": [ 0, 0, 0 ],
            "0.15": [ 0, -0.1904042, 0 ],
            "0.35": [ 0, -20.15833, 0 ],
            "0.6": [ 0, -9.529427, 0 ],
            "0.8": [ 0, 10.83969, 0 ],
            "0.95": [ 0, 0, 0 ]
          },
          "scale": {
            "0": [ 1, 1, 1 ],
            "0.95": [ 1, 1, 1 ]
          }
        },
        "rightArm": {
          "position": {
            "0": [ -2.194312, 1.52468, -1.070583 ],
            "0.15": [ -2.069555, 1.063304, -1.016231 ],
            "0.4": [ -0.641904, -2.223565, -0.4818381 ],
            "0.5": [ -0.6460851, -2.188854, -0.4818381 ],
            "0.7": [ -0.7547945, -1.845246, 2.048901 ],
            "0.75": [ -0.8211699, -1.197293, 3.96791 ],
            "0.8": [ -1.524588, -0.6235748, 4.883888 ],
            "0.9": [ -2.023638, 0.8155569, 2.319411 ],
            "0.95": [ -2.194312, 1.52468, -1.070583 ]
          },
          "rotation": {
            "0": [ -29.96895, -1.046314, 146.8011 ],
            "0.15": [ -30.83507, -0.2476616, 144.3523 ],
            "0.4": [ -36.47877, -1.903327, 120.3139 ],
            "0.5": [ -36.47877, -1.903327, 120.3139 ],
            "0.7": [ 35.24545, 14.49236, 116.925 ],
            "0.75": [ 55.88403, 13.92318, 131.5236 ],
            "0.8": [ 56.44601, 7.315109, 136.4521 ],
            "0.9": [ 27.82323, 3.553823, 143.0618 ],
            "0.95": [ -29.96895, -1.046314, 146.8011 ]
          },
          "scale": {
            "0": [ 1, 1, 1 ],
            "0.95": [ 1, 1, 1 ]
          }
        },
        "leftArm": {
          "position": {
            "0": [ 1.063186, -0.8181786, 0.3967626 ],
            "0.15": [ 0.8992535, -1.310089, 1.834557 ],
            "0.25": [ 0.7090108, -0.4475975, 2.720275 ],
            "0.4": [ 0.5450783, 0.5633709, 4.016209 ],
            "0.5": [ 1.063186, -0.407755, 0.008050581 ],
            "0.7": [ 1.063186, -1.653562, 0.008050581 ],
            "0.95": [ 1.063186, -0.8181786, 0.3967626 ]
          },
          "rotation": {
            "0": [ -36.13702, -0.786425, -105.5047 ],
            "0.15": [ -15.28485, -1.854461, -116.2506 ],
            "0.25": [ 6.797566, -5.381737, -142.7603 ],
            "0.4": [ 68.25866, -0.5945621, -162.8084 ],
            "0.5": [ -36.1946, -2.489697, -146.0984 ],
            "0.7": [ -36.79148, -2.839605, -139.3767 ],
            "0.95": [ -36.13702, -0.786425, -105.5047 ]
          },
          "scale": {
            "0": [ 1, 1, 1 ],
            "0.95": [ 1, 1, 1 ]
          }
        }
      }
    }
  }
}