{
  "format_version": "1.8.0",
  "animations": {
    "animation.chest.tappable.mapSpawn": {
      "loop": false,
      "bones": {
        "chest_top": {
          "position": {
            "0": [ 0, 0, 0 ],
            "0.03333334": [ 0, 0, 0 ],
            "0.06666667": [ 0, 0, 0 ],
            "0.1": [ 0, 0, 0 ],
            "0.1333333": [ 0, 0, 0 ],
            "0.1666667": [ 0, 0, 0 ],
            "0.2": [ 0, 0, 0 ],
            "0.2333333": [ 0, 0, 0 ],
            "0.2666667": [ 0, 0, 0 ],
            "0.3": [ 0, 0, 0 ],
            "0.3333333": [ 0, 0, 0 ],
            "0.3666667": [ 0, 0, 0 ],
            "0.4": [ 0, 0, 0 ],
            "0.4333333": [ 0, 0, 0 ],
            "0.4666667": [ 0, 0, 0 ],
            "0.5": [ 0, 0, 0 ],
            "0.5333334": [ 0, 0, 0 ],
            "0.5666667": [ 0, 0, 0 ],
            "0.6": [ 0, 0, 0 ],
            "0.6333333": [ 0, 0, 0 ],
            "0.6666667": [ 0, 0, 0 ],
            "0.7": [ 0, 0, 0 ],
            "0.7333333": [ 0, 0, 0 ],
            "0.7666667": [ 0, 0, 0 ],
            "0.8": [ 0, 0, 0 ],
            "0.8333333": [ 0, 0, 0 ],
            "0.8666667": [ 0, 0, 0 ],
            "0.9": [ 0, 0, 0 ],
            "0.9333333": [ 0, 0, 0 ],
            "0.9666666": [ 0, 0, 0 ],
            "1": [ 0, 0, 0 ],
            "1.033333": [ 0, 0, 0 ]
          },
          "rotation": {
            "0": [ 0, 0, 0 ],
            "0.03333334": [ -0.2798737, 0, 0 ],
            "0.06666667": [ -1.188391, 0, 0 ],
            "0.1": [ -2.85456, 0, 0 ],
            "0.1333333": [ -5.455508, 0, 0 ],
            "0.1666667": [ -9.244267, 0, 0 ],
            "0.2": [ -14.60038, 0, 0 ],
            "0.2333333": [ -22.12738, 0, 0 ],
            "0.2666667": [ -32.84311, 0, 0 ],
            "0.3": [ -48.43177, 0, 0 ],
            "0.3333333": [ -69.83319, 0, 0 ],
            "0.3666667": [ -88.75252, 0, 0 ],
            "0.4": [ -97.13422, 0, 0 ],
            "0.4333333": [ -100.3016, 0, 0 ],
            "0.4666667": [ -102.1703, 0, 0 ],
            "0.5": [ -103.2025, 0, 0 ],
            "0.5333334": [ -103.5572, 0, 0 ],
            "0.5666667": [ -103.2704, 0, 0 ],
            "0.6": [ -102.2857, 0, 0 ],
            "0.6333333": [ -100.4149, 0, 0 ],
            "0.6666667": [ -97.13422, 0, 0 ],
            "0.7": [ -59.61174, 0, 0 ],
            "0.7333333": [ 0, 0, 0 ],
            "0.7666667": [ 0, 0, 0 ],
            "0.8": [ 0, 0, 0 ],
            "0.8333333": [ 0, 0, 0 ],
            "0.8666667": [ 0, 0, 0 ],
            "0.9": [ 0, 0, 0 ],
            "0.9333333": [ 0, 0, 0 ],
            "0.9666666": [ 0, 0, 0 ],
            "1": [ 0, 0, 0 ],
            "1.033333": [ 0, 0, 0 ]
          },
          "scale": {
            "0": [ 1, 1, 1 ],
            "0.03333334": [ 1, 1, 1 ],
            "0.06666667": [ 1, 1, 1 ],
            "0.1": [ 1, 1, 1 ],
            "0.1333333": [ 1, 1, 1 ],
            "0.1666667": [ 1, 1, 1 ],
            "0.2": [ 1, 1, 1 ],
            "0.2333333": [ 1, 1, 1 ],
            "0.2666667": [ 1, 1, 1 ],
            "0.3": [ 1, 1, 1 ],
            "0.3333333": [ 1, 1, 1 ],
            "0.3666667": [ 1, 1, 1 ],
            "0.4": [ 1, 1, 1 ],
            "0.4333333": [ 1, 1, 1 ],
            "0.4666667": [ 1, 1, 1 ],
            "0.5": [ 1, 1, 1 ],
            "0.5333334": [ 1, 1, 1 ],
            "0.5666667": [ 1, 1, 1 ],
            "0.6": [ 1, 1, 1 ],
            "0.6333333": [ 1, 1, 1 ],
            "0.6666667": [ 1, 1, 1 ],
            "0.7": [ 1, 1, 1 ],
            "0.7333333": [ 1, 1, 1 ],
            "0.7666667": [ 1, 1, 1 ],
            "0.8": [ 1, 1, 1 ],
            "0.8333333": [ 1, 1, 1 ],
            "0.8666667": [ 1, 1, 1 ],
            "0.9": [ 1, 1, 1 ],
            "0.9333333": [ 1, 1, 1 ],
            "0.9666666": [ 1, 1, 1 ],
            "1": [ 1, 1, 1 ],
            "1.033333": [ 1, 1, 1 ]
          }
        },
        "chest_bottom": {
          "position": {
            "0": [ 0, 0, 0 ],
            "0.03333334": [ 0, 0, 0 ],
            "0.06666667": [ 0, 0, 0 ],
            "0.1": [ 0, 0, 0 ],
            "0.1333333": [ 0, 0, 0 ],
            "0.1666667": [ 0, 0, 0 ],
            "0.2": [ 0, 0, 0 ],
            "0.2333333": [ 0, 0, 0 ],
            "0.2666667": [ 0, 0, 0 ],
            "0.3": [ 0, 0, 0 ],
            "0.3333333": [ 0, 0, 0 ],
            "0.3666667": [ 0, 0, 0 ],
            "0.4": [ 0, 0, 0 ],
            "0.4333333": [ 0, 0, 0 ],
            "0.4666667": [ 0, 0, 0 ],
            "0.5": [ 0, 0, 0 ],
            "0.5333334": [ 0, 0, 0 ],
            "0.5666667": [ 0, 0, 0 ],
            "0.6": [ 0, 0, 0 ],
            "0.6333333": [ 0, 0, 0 ],
            "0.6666667": [ 0, 0, 0 ],
            "0.7": [ 0, 0, 0 ],
            "0.7333333": [ 0, 0, 0 ],
            "0.7666667": [ 0, 0, 0 ],
            "0.8": [ 0, 0, 0 ],
            "0.8333333": [ 0, 0, 0 ],
            "0.8666667": [ 0, 0, 0 ],
            "0.9": [ 0, 0, 0 ],
            "0.9333333": [ 0, 0, 0 ],
            "0.9666666": [ 0, 0, 0 ],
            "1": [ 0, 0, 0 ],
            "1.033333": [ 0, 0, 0 ]
          },
          "rotation": {
            "0": [ 0, 0, 0 ],
            "0.03333334": [ 0, 0, 0 ],
            "0.06666667": [ 0, 0, 0 ],
            "0.1": [ 0, 0, 0 ],
            "0.1333333": [ 0, 0, 0 ],
            "0.1666667": [ 0, 0, 0 ],
            "0.2": [ 0, 0, 0 ],
            "0.2333333": [ 0, 0, 0 ],
            "0.2666667": [ 0, 0, 0 ],
            "0.3": [ -0.1941532, 0, 0 ],
            "0.3333333": [ -0.7813604, 0, 0 ],
            "0.3666667": [ -1.764747, 0, 0 ],
            "0.4": [ -3.141003, 0, 0 ],
            "0.4333333": [ -4.899062, 0, 0 ],
            "0.4666667": [ -7.019038, 0, 0 ],
            "0.5": [ -9.471624, 0, 0 ],
            "0.5333334": [ -12.21819, 0, 0 ],
            "0.5666667": [ -15.21169, 0, 0 ],
            "0.6": [ -18.39841, 0, 0 ],
            "0.6333333": [ -21.72045, 0, 0 ],
            "0.6666667": [ -25.11848, 0, 0 ],
            "0.7": [ -12.55924, 0, 0 ],
            "0.7333333": [ 0, 0, 0 ],
            "0.7666667": [ 7.5, 0, 0 ],
            "0.8": [ 12, 0, 0 ],
            "0.8333333": [ 9.1875, 0, 0 ],
            "0.8666667": [ 3, 0, 0 ],
            "0.9": [ -3.1875, 0, 0 ],
            "0.9333333": [ -6, 0, 0 ],
            "0.9666666": [ -4.888889, 0, 0 ],
            "1": [ -2.444444, 0, 0 ],
            "1.033333": [ 0, 0, 0 ]
          },
          "scale": {
            "0": [ 1, 1, 1 ],
            "0.03333334": [ 1, 1, 1 ],
            "0.06666667": [ 1, 1, 1 ],
            "0.1": [ 1, 1, 1 ],
            "0.1333333": [ 1, 1, 1 ],
            "0.1666667": [ 1, 1, 1 ],
            "0.2": [ 1, 1, 1 ],
            "0.2333333": [ 1, 1, 1 ],
            "0.2666667": [ 1, 1, 1 ],
            "0.3": [ 1, 1, 1 ],
            "0.3333333": [ 1, 1, 1 ],
            "0.3666667": [ 1, 1, 1 ],
            "0.4": [ 1, 1, 1 ],
            "0.4333333": [ 1, 1, 1 ],
            "0.4666667": [ 1, 1, 1 ],
            "0.5": [ 1, 1, 1 ],
            "0.5333334": [ 1, 1, 1 ],
            "0.5666667": [ 1, 1, 1 ],
            "0.6": [ 1, 1, 1 ],
            "0.6333333": [ 1, 1, 1 ],
            "0.6666667": [ 1, 1, 1 ],
            "0.7": [ 1, 1, 1 ],
            "0.7333333": [ 1, 1, 1 ],
            "0.7666667": [ 1, 1, 1 ],
            "0.8": [ 1, 1, 1 ],
            "0.8333333": [ 1, 1, 1 ],
            "0.8666667": [ 1, 1, 1 ],
            "0.9": [ 1, 1, 1 ],
            "0.9333333": [ 1, 1, 1 ],
            "0.9666666": [ 1, 1, 1 ],
            "1": [ 1, 1, 1 ],
            "1.033333": [ 1, 1, 1 ]
          }
        },
        "root": {
          "position": {
            "0": [ 0, 0, 0 ],
            "0.03333334": [ 0, 4.897398, 0 ],
            "0.06666667": [ 0, 16.77219, 0 ],
            "0.1": [ 0, 31.39829, 0 ],
            "0.1333333": [ 0, 44.54959, 0 ],
            "0.1666667": [ 0, 52, 0 ],
            "0.2": [ 0, 54.91395, 0 ],
            "0.2333333": [ 0, 57.2774, 0 ],