{
  "format_version": "1.8.0",
  "animations": {
    "animation.chest.tappable.awardTransition": {
      "loop": true,
      "bones": {
        "root": {
          "position": {
            "0": [ 0, 0, 0 ],
            "0.2": [ 0, 1.449686, 0 ],
            "0.2666667": [ 0, 0.5798756, 0 ],
            "0.4": [ 0, -1.905298, 0 ],
            "0.5333334": [ 0, 0.04310893, 0 ],
            "0.6666667": [ 0, 2.087153, 0 ],
            "0.8": [ 0, 0.02467931, 0 ],
            "0.9": [ 0, -1.209272, 0 ],
            "0.9666666": [ 0, -0.7027318, 0 ],
            "1.033333": [ 0, 0.007284768, 0 ]
          },
          "rotation": {
            "0": [ 0, 0, 0 ],
            "0.2666667": [ 0, 89.27419, 0 ],
            "0.5333334": [ 0, 180, 0 ],
            "0.8": [ 0, 275.3256, 0 ],
            "0.9666666": [ 0, 335.9105, 0 ],
            "1.033333": [ 0, 360, 0 ]
          },
          "scale": {
            "0": [ 1, 1, 1 ],
            "0.9666666": [ 1, 1, 1 ]
          }
        }
      }
    }
  }
}