{
  "format_version": "1.8.0",
  "animations": {
    "animation.chest.tappable.mapDespawn": {
      "loop": false,
      "bones": {
        "chest_top": {
          "position": {
            "0": [ 0, 0, 0 ],
            "0.03333334": [ 0, 0, 0 ],
            "0.06666667": [ 0, 0, 0 ],
            "0.1": [ 0, 0, 0 ],
            "0.1333333": [ 0, 0, 0 ],
            "0.1666667": [ 0, 0, 0 ],
            "0.2": [ 0, 0, 0 ],
            "0.2333333": [ 0, 0, 0 ],
            "0.2666667": [ 0, 0, 0 ],
            "0.3": [ 0, 0, 0 ],
            "0.3333333": [ 0, 0, 0 ],
            "0.3666667": [ 0, 0, 0 ],
            "0.4": [ 0, 0, 0 ],
            "0.4333333": [ 0, 0, 0 ],
            "0.4666667": [ 0, 0, 0 ],
            "0.5": [ 0, 0, 0 ],
            "0.5333334": [ 0, 0, 0 ],
            "0.5666667": [ 0, 0, 0 ],
            "0.6": [ 0, 0, 0 ],
            "0.6333333": [ 0, 0, 0 ],
            "0.6666667": [ 0, 0, 0 ],
            "0.7": [ 0, 0, 0 ],
            "0.7333333": [ 0, 0, 0 ],
            "0.7666667": [ 0, 0, 0 ],
            "0.8": [ 0, 0, 0 ],
            "0.8333333": [ 0, 0, 0 ],
            "0.8666667": [ 0, 0, 0 ],
            "0.9": [ 0, 0, 0 ]
          },
          "rotation": {
            "0": [ 0, 0, 0 ],
            "0.03333334": [ 0, 0, 0 ],
            "0.06666667": [ 0, 0, 0 ],
            "0.1": [ 0, 0, 0 ],
            "0.1333333": [ 0, 0, 0 ],
            "0.1666667": [ 0, 0, 0 ],
            "0.2": [ 0, 0, 0 ],
            "0.2333333": [ 0, 0, 0 ],
            "0.2666667": [ -0.1971097, 0, 0 ],
            "0.3": [ -0.8242913, 0, 0 ],
            "0.3333333": [ -1.944577, 0, 0 ],
            "0.3666667": [ -3.636538, 0, 0 ],
            "0.4": [ -5.999645, 0, 0 ],
            "0.4333333": [ -9.161875, 0, 0 ],
            "0.4666667": [ -13.29039, 0, 0 ],
            "0.5": [ -18.60573, 0, 0 ],
            "0.5333334": [ -25.3968, 0, 0 ],
            "0.5666667": [ -34.02024, 0, 0 ],
            "0.6": [ -44.81347, 0, 0 ],
            "0.6333333": [ -57.70426, 0, 0 ],
            "0.6666667": [ -71.31483, 0, 0 ],
            "0.7": [ -82.86333, 0, 0 ],
            "0.7333333": [ -90.50655, 0, 0 ],
            "0.7666667": [ -94.42784, 0, 0 ],
            "0.8": [ -95.54258, 0, 0 ],
            "0.8333333": [ -87.84785, 0, 0 ],
            "0.8666667": [ -73.55766, 0, 0 ],
            "0.9": [ -65.86293, 0, 0 ]
          },
          "scale": {
            "0": [ 1, 1, 1 ],
            "0.03333334": [ 1, 1, 1 ],
            "0.06666667": [ 1, 1, 1 ],
            "0.1": [ 1, 1, 1 ],
            "0.1333333": [ 1, 1, 1 ],
            "0.1666667": [ 1, 1, 1 ],
            "0.2": [ 1, 1, 1 ],
            "0.2333333": [ 1, 1, 1 ],
            "0.2666667": [ 1, 1, 1 ],
            "0.3": [ 1, 1, 1 ],
            "0.3333333": [ 1, 1, 1 ],
            "0.3666667": [ 1, 1, 1 ],
            "0.4": [ 1, 1, 1 ],
            "0.4333333": [ 1, 1, 1 ],
            "0.4666667": [ 1, 1, 1 ],
            "0.5": [ 1, 1, 1 ],
            "0.5333334": [ 1, 1, 1 ],
            "0.5666667": [ 1, 1, 1 ],
            "0.6": [ 1, 1, 1 ],
            "0.6333333": [ 1, 1, 1 ],
            "0.6666667": [ 1, 1, 1 ],
            "0.7": [ 1, 1, 1 ],
            "0.7333333": [ 1, 1, 1 ],
            "0.7666667": [ 1, 1, 1 ],
            "0.8": [ 1, 1, 1 ],
            "0.8333333": [ 1, 1, 1 ],
            "0.8666667": [ 1, 1, 1 ],
            "0.9": [ 1, 1, 1 ]
          }
        },
        "chest_bottom": {
          "position": {
            "0": [ 0, 0, 0 ],
            "0.03333334": [ 0, 0, 0 ],
            "0.06666667": [ 0, 0, 0 ],
            "0.1": [ 0, 0, 0 ],
            "0.1333333": [ 0, 0, 0 ],
            "0.1666667": [ 0, 0, 0 ],
            "0.2": [ 0, 0, 0 ],
            "0.2333333": [ 0, 0, 0 ],
            "0.2666667": [ 0, 0, 0 ],
            "0.3": [ 0, 0, 0 ],
            "0.3333333": [ 0, 0, 0 ],
            "0.3666667": [ 0, 0, 0 ],
            "0.4": [ 0, 0, 0 ],
            "0.4333333": [ 0, 0, 0 ],
            "0.4666667": [ 0, 0, 0 ],
            "0.5": [ 0, 0, 0 ],
            "0.5333334": [ 0, 0, 0 ],
            "0.5666667": [ 0, 0, 0 ],
            "0.6": [ 0, 0, 0 ],
            "0.6333333": [ 0, 0, 0 ],
            "0.6666667": [ 0, 0, 0 ],
            "0.7": [ 0, 0, 0 ],
            "0.7333333": [ 0, 0, 0 ],
            "0.7666667": [ 0, 0, 0 ],
            "0.8": [ 0, 0, 0 ],
            "0.8333333": [ 0, 0, 0 ],
            "0.8666667": [ 0, 0, 0 ],
            "0.9": [ 0, 0, 0 ]
          },
          "rotation": {
            "0": [ 0, 0, 0 ],
            "0.03333334": [ 11.77193, 0, 0 ],
            "0.06666667": [ 16.71881, 0, 0 ],
            "0.1": [ 18.61462, 0, 0 ],
            "0.1333333": [ 19.13928, 0, 0 ],
            "0.1666667": [ 19.18436, 0, 0 ],
            "0.2": [ 15.42756, 0, 0 ],
            "0.2333333": [ 9.938995, 0, 0 ],
            "0.2666667": [ 1.196134, 0, 0 ],
            "0.3": [ -9.391824, 0, 0 ],
            "0.3333333": [ -16.18238, 0, 0 ],
            "0.3666667": [ -20.20674, 0, 0 ],
            "0.4": [ -22.83997, 0, 0 ],
            "0.4333333": [ -24.67195, 0, 0 ],
            "0.4666667": [ -25.98511, 0, 0 ],
            "0.5": [ -26.9342, 0, 0 ],
            "0.5333334": [ -27.61295, 0, 0 ],
            "0.5666667": [ -28.08245, 0, 0 ],
            "0.6": [ -28.38479, 0, 0 ],
            "0.6333333": [ -28.55024, 0, 0 ],
            "0.6666667": [ -28.60133, 0, 0 ],
            "0.7": [ -28.60133, 0, 0 ],
            "0.7333333": [ -28.60133, 0, 0 ],
            "0.7666667": [ -28.60133, 0, 0 ],
            "0.8": [ -28.60133, 0, 0 ],
            "0.8333333": [ -28.60133, 0, 0 ],
            "0.8666667": [ -28.60133, 0, 0 ],
            "0.9": [ -28.60133, 0, 0 ]
          },
          "scale": {
            "0": [ 1, 1, 1 ],
            "0.03333334": [ 1, 1, 1 ],
            "0.06666667": [ 1, 1, 1 ],
            "0.1": [ 1, 1, 1 ],
            "0.1333333": [ 1, 1, 1 ],
            "0.1666667": [ 1, 1, 1 ],
            "0.2": [ 1, 1, 1 ],
            "0.2333333": [ 1, 1, 1 ],
            "0.2666667": [ 1, 1, 1 ],
            "0.3": [ 1, 1, 1 ],
            "0.3333333": [ 1, 1, 1 ],
            "0.3666667": [ 1, 1, 1 ],
            "0.4": [ 1, 1, 1 ],
            "0.4333333": [ 1, 1, 1 ],
            "0.4666667": [ 1, 1, 1 ],
            "0.5": [ 1, 1, 1 ],
            "0.5333334": [ 1, 1, 1 ],
            "0.5666667": [ 1, 1, 1 ],
            "0.6": [ 1, 1, 1 ],
            "0.6333333": [ 1, 1, 1 ],
            "0.6666667": [ 1, 1, 1 ],
            "0.7": [ 1, 1, 1 ],
            "0.7333333": [ 1, 1, 1 ],
            "0.7666667": [ 1, 1, 1 ],
            "0.8": [ 1, 1, 1 ],
            "0.8333333": [ 1, 1, 1 ],
            "0.8666667": [ 1, 1, 1 ],
            "0.9": [ 1, 1, 1 ]
          }
        },
        "root": {
          "position": {
            "0": [ 0, 0, 0 ],
            "0.03333334": [ 0, 1.709882, 0 ],
            "0.06666667": [ 0, 2.470465, 0 ],
            "0.1": [ 0, 2.612585, 0 ],
            "0.1333333": [ 0, 2.649544, 0 ],
            "0.1666667": [ 0, 2.859335, 0 ],
            "0.2": [ 0, 16.84006, -1.467475 ],
            "0.2333333": [ 0, 31.95115, -3.09044 ],
            "0.2666667": [ 0, 44.8015, -4.32036 ],
            "0.3": [ 0, 52, -4.86556 ],
            "0.3333333": [ 0, 54.9472, -5.036147 ],
            "0.3666667": [ 0, 57.31958, -5.177963 ],
            "0.4": [ 0, 59.13995, -5.291103 ],
            "0.4333333": [ 0, 60.43111, -5.375661 ],
            "0.4666667": [ 0, 61.21587, -5.431728 ],
            "0.5": [ 0, 61.51703, -5.459397 ],
            "0.5333334": [ 0, 61.3574, -5.458759 ],
            "0.5666667": [ 0, 60.75978, -5.429905 ],
            "0.6": [ 0, 59.74697, -5.372927 ],
            "0.6333333": [ 0, 58.34179, -5.287914 ],
            "0.6666667": [ 0, 56.56702, -5.174955 ],
            "0.7": [ 0, 54.4455, -5.034141 ],
            "0.7333333": [ 0, 52, -4.86556 ],
            "0.7666667": [ 0, 44.85007, -4.337233 ],