{
  "format_version": "1.8.0",
  "animations": {
    "animation.pig.tappable.mapDespawn": {
      "loop": false,
      "bones": {
        "head": {
          "position": {
            "0": [ 0, 0, 0 ],
            "0.1": [ 0, 0, 0 ],
            "0.2333333": [ 0, 0, 0 ],
            "0.5333334": [ 0, 0, 0 ],
            "0.6333333": [ 0, 0, 0 ]
          },
          "rotation": {
            "0": [ 3.282995, 0, 0 ],
            "0.1": [ 21.01116, 0, 0 ],
            "0.2333333": [ 0, 0, 0 ],
            "0.5333334": [ 0, 0, 0 ],
            "0.6333333": [ -21.93027, 0, 0 ]
          },
          "scale": {
            "0": [ 1, 1, 1 ],
            "0.1": [ 1, 1, 1 ],
            "0.2333333": [ 1, 1, 1 ],
            "0.5333334": [ 1, 1, 1 ],
            "0.6333333": [ 1, 1, 1 ]
          }
        },
        "leg0": {
          "position": {
            "0": [ 0, 0, 0 ],
            "0.2666667": [ 0, 0, 0 ],
            "0.3333333": [ 0, 0, 0 ],
            "0.4333333": [ 0, 0, 0 ]
          },
          "rotation": {
            "0": [ 0, 0, 0 ],
            "0.2666667": [ 0, 0, 0 ],
            "0.3333333": [ 0, 0, 0 ],
            "0.4333333": [ -5.995951, 0, 0 ]
          },
          "scale": {
            "0": [ 1, 1, 1 ],
            "0.2666667": [ 1, 1, 1 ],
            "0.3333333": [ 1, 1, 1 ],
            "0.4333333": [ 1, 1.039353, 1 ]
          }
        },
        "leg1": {
          "position": {
            "0": [ 0, 0, 0 ],
            "0.2666667": [ 0, 0, 0 ],
            "0.3333333": [ 0, 0, 0 ],
            "0.4333333": [ 0, 0, 0 ]
          },
          "rotation": {
            "0": [ 0, 0, 0 ],
            "0.2666667": [ 0, 0, 0 ],
            "0.3333333": [ 0, 0, 0 ],
            "0.4333333": [ -5.995951, 0, 0 ]
          },
          "scale": {
            "0": [ 1, 1, 1 ],
            "0.2666667": [ 1, 1, 1 ],
            "0.3333333": [ 1, 1, 1 ],
            "0.4333333": [ 1, 1.039353, 1 ]
          }
        },
        "leg2": {
          "position": {
            "0": [ 0, 0, 0 ],
            "0.2666667": [ 0, 0, 0 ],
            "0.3333333": [ 0, 0, 0 ],
            "0.5": [ 0, 0, 0 ]
          },
          "rotation": {
            "0": [ 0, 0, 0 ],
            "0.2666667": [ -7.003887, 0, 0 ],
            "0.3333333": [ -7, 0, 0 ],
            "0.5": [ 4.5, 0, 0 ]
          },
          "scale": {
            "0": [ 1, 1, 1 ],
            "0.2666667": [ 1, 1, 1 ],
            "0.3333333": [ 1, 1, 1 ],
            "0.5": [ 1, 1.039353, 1 ]
          }
        },
        "leg3": {
          "position": {
            "0": [ 0, 0, 0 ],
            "0.3333333": [ 0, 0, 0 ],
            "0.5": [ 0, 0, 0 ]
          },
          "rotation": {
            "0": [ 0, 0, 0 ],
            "0.3333333": [ -7, 0, 0 ],
            "0.5": [ 4.5, 0, 0 ]
          },
          "scale": {
            "0": [ 1, 1, 1 ],
            "0.3333333": [ 1, 1, 1 ],
            "0.5": [ 1, 1.039353, 1 ]
          }
        },
        "body": {
          "position": {
            "0": [ 0, 0, 0 ],
            "0.03333334": [ 0, 10.37412, 0 ],
            "0.1333333": [ 0, 29.4462, 0 ],
            "0.2666667": [ 0, 35.47656, 0 ],
            "0.3333333": [ 0, 35.53955, 0 ],
            "0.4": [ 0, 35.77466, 0 ],
            "0.5": [ 0, 36.55459, 0 ],
            "0.5666667": [ 0, 35.47569, 0 ],
            "0.6333333": [ 0, -10.65407, 0 ],
            "0.7": [ 0, -16.29354, 0 ]
          },
          "rotation": {
            "0": [ 0, 0, 0 ],
            "0.03333334": [ 0, 0, 0 ],
            "0.1333333": [ 0, 0, 0 ],
            "0.2666667": [ 0, 0, 0 ],
            "0.3333333": [ 0, 0, 0 ],
            "0.4": [ 0, 0, 0 ],
            "0.5": [ 0, 0, 0 ],
            "0.5666667": [ 0, 0, 0 ],
            "0.6333333": [ 0, 0, 0 ],
            "0.7": [ 0, 0, 0 ]
          },
          "scale": {
            "0": [ 1, 1, 1 ],
            "0.03333334": [ 1, 1, 1 ],
            "0.1333333": [ 1, 1, 1 ],
            "0.2666667": [ 1, 1, 1 ],
            "0.3333333": [ 1, 1, 1 ],
            "0.4": [ 1, 1, 1 ],
            "0.5": [ 1, 1.163178, 0.9121526 ],
            "0.5666667": [ 1, 1.14498, 0.8185049 ],
            "0.6333333": [ 1, 1.430693, 0.8220852 ],
            "0.7": [ 0.2592593, 0.3709203, 0.2131332 ]
          }
        }
      }
    }
  }
}