{
  "format_version": "1.8.0",
  "animations": {
    "animation.sheep_tappable_award": {
      "loop": false,
      "bones": {
        "head": {
          "position": {
            "0": [ 0, 0, 0 ],
            "0.1333333": [ 0, 0, 0 ],
            "0.2666667": [ 0, 0, 0 ]
          },
          "rotation": {
            "0": [ 0, 0, 0 ],
            "0.1333333": [ -3.409708, 0, 0 ],
            "0.2666667": [ -2.668651, 0, 0 ]
          },
          "scale": {
            "0": [ 1, 1, 1 ],
            "0.1333333": [ 1, 1, 1 ],
            "0.2666667": [ 1, 1, 1 ]
          }
        },
        "leg0": {
          "position": {
            "0": [ 0, 0, 0 ],
            "0.06666667": [ 0, 0.2456788, -0.1354279 ],
            "0.1333333": [ 0, -1.216055, -0.5252627 ],
            "0.2666667": [ 0, 0.782898, 0.7996209 ]
          },
          "rotation": {
            "0": [ 0, 0, 0 ],
            "0.1333333": [ -7.344508, 0, 0 ],
            "0.2666667": [ 20.01493, 0, 0 ]
          },
          "scale": {
            "0": [ 1, 1, 1 ],
            "0.2666667": [ 1, 1, 1 ]
          }
        },
        "leg1": {
          "position": {
            "0": [ 0, 0, 0 ],
            "0.06666667": [ 0, 0.2456788, -0.1354279 ],
            "0.1333333": [ 0, -1.216055, -0.5252627 ],
            "0.2666667": [ 0, 0.782898, 0.7996209 ]
          },
          "rotation": {
            "0": [ 0, 0, 0 ],
            "0.1333333": [ -7.344508, 0, 0 ],
            "0.2666667": [ 20.01493, 0, 0 ]
          },
          "scale": {
            "0": [ 1, 1, 1 ],
            "0.2666667": [ 1, 1, 1 ]
          }
        },
        "leg2": {
          "position": {
            "0": [ 0, 0, 0 ],
            "0.06666667": [ 0, 0.9057316, 0.01695271 ],
            "0.1333333": [ 0, 1.142849, 0.1214958 ],
            "0.2666667": [ 0, 2.359281, -0.6274864 ]
          },
          "rotation": {
            "0": [ 0, 0, 0 ],
            "0.06666667": [ -2.387426, 0, 0 ],
            "0.1333333": [ -8.937417, 0, 0 ],
            "0.2666667": [ 38.32148, 0, 0 ]
          },
          "scale": {
            "0.06666667": [ 1, 1, 1 ],
            "0.1333333": [ 1, 1, 1 ],
            "0.2666667": [ 1, 1, 1 ]
          }
        },
        "leg3": {
          "position": {
            "0": [ 0, 0, 0 ],
            "0.06666667": [ 0, 0.9057316, 0.01695271 ],
            "0.1333333": [ 0, 1.142849, 0.1214958 ],
            "0.2666667": [ 0, 2.359281, -0.6274864 ]
          },
          "rotation": {
            "0": [ 0, 0, 0 ],
            "0.06666667": [ -2.387426, 0, 0 ],
            "0.1333333": [ -8.937417, 0, 0 ],
            "0.2666667": [ 38.32148, 0, 0 ]
          },
          "scale": {
            "0.06666667": [ 1, 1, 1 ],
            "0.1333333": [ 1, 1, 1 ],
            "0.2666667": [ 1, 1, 1 ]
          }
        },
        "body": {
          "position": {
            "0": [ 0, 0, 0 ],
            "0.06666667": [ 0, -1.158643, 0 ],
            "0.1333333": [ 0, -2.110203, 0 ],
            "0.2": [ 15.02413, 11.69648, -15.02413 ],
            "0.2666667": [ 20.8, 18.48417, -20.8 ],
            "0.3333333": [ 20.8, 18.36504, -20.8 ]
          },
          "rotation": {
            "0": [ 0, -45, 0 ],
            "0.06666667": [ 2.409247, -45, 0 ],
            "0.1333333": [ 9.292809, -45, 0 ],
            "0.2": [ -12.53553, -45, 0 ],
            "0.2666667": [ -2.058122, -45, 0 ],
            "0.3333333": [ 2.382217, -45, 0 ]
          },
          "scale": {
            "0": [ 1, 1, 1 ],
            "0.06666667": [ 1, 0.9631711, 1 ],
            "0.1333333": [ 1, 0.8579456, 1 ],
            "0.2": [ 1, 0.9289728, 1 ],
            "0.2666667": [ 1, 1, 1 ],
            "0.3333333": [ 1, 1, 1 ]
          }
        }
      }
    }
  }
}