{
  "format_version": "1.8.0",
  "animations": {
    "animation.sheep_tappable_award_transition": {
      "loop": false,
      "bones": {
        "head": {
          "position": {
            "0": [ 0, 0, 0 ],
            "0.3333333": [ 0, 0, 0 ],
            "0.7666667": [ 0, 0, 0 ],
            "1": [ 0, 0, 0 ]
          },
          "rotation": {
            "0": [ 0, 0, 0 ],
            "0.3333333": [ -14.18037, -37.15556, 5.724076 ],
            "0.6": [ -10.48772, -10.46108, 1.10427 ],
            "0.7666667": [ -8.668983, 0, 0 ],
            "1": [ -8.669, 0, 0 ]
          },
          "scale": {
            "0": [ 1, 1, 1 ],
            "0.3333333": [ 1, 1, 1 ],
            "0.7666667": [ 1, 1, 1 ],
            "1": [ 1, 1, 1 ]
          }
        },
        "leg0": {
          "position": {
            "0": [ 0, 0, 0 ],
            "0.2666667": [ 0, 0, 0 ],
            "0.5": [ 0, 0, 0 ],
            "0.7666667": [ 0, 0, 0 ]
          },
          "rotation": {
            "0": [ 0, 0, 0 ],
            "0.2666667": [ -19.55741, 0, 0 ],
            "0.5": [ 19.40251, 0, 0 ],
            "0.7666667": [ 0, 0, 0 ]
          },
          "scale": {
            "0": [ 1, 1, 1 ],
            "0.2666667": [ 1, 1, 1 ],
            "0.5": [ 1, 1, 1 ],
            "0.7666667": [ 1, 1, 1 ]
          }
        },
        "leg1": {
          "position": {
            "0": [ 0, 0, 0 ],
            "0.2666667": [ 0, 0, 0 ],
            "0.5": [ 0, 0, 0 ],
            "0.7666667": [ 0, 0, 0 ]
          },
          "rotation": {
            "0": [ 0, 0, 0 ],
            "0.2666667": [ 16.3136, 0, 0 ],
            "0.5": [ -16.9091, 0, 0 ],
            "0.7666667": [ 0, 0, 0 ]
          },
          "scale": {
            "0": [ 1, 1, 1 ],
            "0.2666667": [ 1, 1, 1 ],
            "0.5": [ 1, 1, 1 ],
            "0.7666667": [ 1, 1, 1 ]
          }
        },
        "leg2": {
          "position": {
            "0": [ 0, 0, 0 ],
            "0.2666667": [ 0, 0, 0 ],
            "0.5": [ 0, 0, 0 ],
            "0.7666667": [ 0, 0, 0 ]
          },
          "rotation": {
            "0": [ 0, 0, 0 ],
            "0.2666667": [ 16.3136, 0, 0 ],
            "0.5": [ -16.9091, 0, 0 ],
            "0.7666667": [ 0, 0, 0 ]
          },
          "scale": {
            "0": [ 1, 1, 1 ],
            "0.2666667": [ 1, 1, 1 ],
            "0.5": [ 1, 1, 1 ],
            "0.7666667": [ 1, 1, 1 ]
          }
        },
        "leg3": {
          "position": {
            "0": [ 0, 0, 0 ],
            "0.2666667": [ 0, 0, 0 ],
            "0.5": [ 0, 0, 0 ],
            "0.7666667": [ 0, 0, 0 ]
          },
          "rotation": {
            "0": [ 0, 0, 0 ],
            "0.2666667": [ -19.55741, 0, 0 ],
            "0.5": [ 19.40251, 0, 0 ],
            "0.7666667": [ 0, 0, 0 ]
          },
          "scale": {
            "0": [ 1, 1, 1 ],
            "0.2666667": [ 1, 1, 1 ],
            "0.5": [ 1, 1, 1 ],
            "0.7666667": [ 1, 1, 1 ]
          }
        },
        "body": {
          "position": {
            "0": [ 0, 0, 0 ],
            "0.1666667": [ 0, 0, 0 ],
            "0.7666667": [ 0, 0, 0 ]
          },
          "rotation": {
            "0": [ 0, 0, 0 ],
            "0.1666667": [ 0, -7.273773, 0 ],
            "0.7666667": [ 0, -45, 0 ]
          },
          "scale": {
            "0": [ 1, 1, 1 ],
            "0.1666667": [ 1, 1, 1 ],
            "0.7666667": [ 1, 1, 1 ]
          }
        },
        "root": {
          "position": {
            "0": [ 0, 0, 0 ]
          },
          "rotation": {
            "0": [ 0, 0, 0 ]
          },
          "scale": {
            "0": [ 1, 1, 1 ]
          }
        }
      }
    }
  }
}