{
  "format_version": "1.8.0",
  "animations": {
    "animation.sheep_tappable_idle": {
      "loop": true,
      "bones": {
        "body": {
          "position": {
            "0": [ 0, 0, 0 ],
            "1.466667": [ 0, 0, 0 ],
            "1.633333": [ 0, 0, 0 ],
            "1.733333": [ 0, 2.637162, 0 ],
            "1.833333": [ 0, -0.02118607, 0 ],
            "1.933333": [ 0, 1.174806, 0 ],
            "2.1": [ 0, 0, 0 ],
            "3.3": [ 0, 0, 0 ]
          },
          "rotation": {
            "0": [ 0, 0, 0 ],
            "1.466667": [ 0, 0, 0 ],
            "1.633333": [ 0, 0, 0 ],
            "1.733333": [ 0, 0, 0 ],
            "1.833333": [ 0, 0, 0 ],
            "1.933333": [ 0, 0, 0 ],
            "2.1": [ 0, 0, 0 ],
            "3.3": [ 0, 0, 0 ]
          },
          "scale": {
            "0": [ 1, 1, 1 ],
            "1.466667": [ 1.165584, 1.165584, 1.165584 ],
            "1.633333": [ 1.165584, 1.165584, 1.165584 ],
            "1.733333": [ 1.165584, 1.165584, 1.165584 ],
            "1.833333": [ 1.165584, 1.165584, 1.165584 ],
            "1.933333": [ 1.165584, 1.165584, 1.165584 ],
            "2.1": [ 1.165584, 1.165584, 1.165584 ],
            "3.3": [ 1, 1, 1 ]
          }
        }
      }
    }
  }
}