{
  "format_version": "1.8.0",
  "animations": {
    "animation.sheep_tappable_tap_1": {
      "loop": false,
      "bones": {
        "head": {
          "position": {
            "0": [ 0, 0, 0 ],
            "0.1": [ 0, 0, 0 ],
            "0.2": [ 0, 0, 0 ],
            "0.3333333": [ 0, 0, 0 ],
            "0.4333333": [ 0, 0, 0 ],
            "0.6333333": [ 0, 0, 0 ]
          },
          "rotation": {
            "0": [ -4.090662, 0, 0 ],
            "0.1": [ -3.409708, 0, 0 ],
            "0.2": [ -2.668651, 0, 0 ],
            "0.3333333": [ -32.05998, 0, 0 ],
            "0.4333333": [ 17.60629, 0, 0 ],
            "0.5333334": [ -22.49182, 0, 0 ],
            "0.6333333": [ -25.73699, 0, 0 ]
          },
          "scale": {
            "0": [ 1, 1, 1 ],
            "0.1": [ 1, 1, 1 ],
            "0.2": [ 1, 1, 1 ],
            "0.3333333": [ 1, 1, 1 ],
            "0.4333333": [ 1, 1, 1 ],
            "0.6333333": [ 1, 1, 1 ]
          }
        },
        "leg0": {
          "position": {
            "0": [ 0, 0, 0 ],
            "0.03333334": [ 0, 0.2456788, -0.1354279 ],
            "0.06666667": [ 0, -0.1448145, -0.1011132 ],
            "0.1": [ 0, -1.216055, 0 ],
            "0.2": [ 0, 0.782898, 0.7996209 ],
            "0.3333333": [ -0.1395569, -0.4018462, -0.0631353 ],
            "0.4": [ -0.1884018, -0.8165067, -0.3651 ],
            "0.4333333": [ -0.1779656, -0.6689484, -0.4758109 ],
            "0.5": [ -0.1142495, -0.1357937, 0 ],
            "0.5666667": [ -0.0373508, 0.9304439, -0.08898589 ],
            "0.6333333": [ 0, 0, 0 ],
            "0.6666667": [ 0, 0, 0 ]
          },
          "rotation": {
            "0": [ 0, 0, 0 ],
            "0.1": [ -7.344508, 0, 0 ],
            "0.2": [ 20.01493, 0, 0 ],
            "0.2666667": [ -9.698028, 0, 3.470561 ],
            "0.3333333": [ -41.29353, 0, 6.941122 ],
            "0.4": [ -21.36235, 0, 0 ],
            "0.5": [ 0, 0, 0 ],
            "0.5666667": [ 5.463044, 0, 0 ],
            "0.6333333": [ 0, 0, 0 ],
            "0.6666667": [ 0, 0, 0 ]
          },
          "scale": {
            "0": [ 1, 1, 1 ],
            "0.2": [ 1, 1, 1 ],
            "0.3333333": [ 1, 1, 1 ],
            "0.4": [ 1, 1, 1 ],
            "0.6666667": [ 1, 1, 1 ]
          }
        },
        "leg1": {
          "position": {
            "0": [ 0, 0, 0 ],
            "0.03333334": [ 0, 0.2456788, -0.1354279 ],
            "0.06666667": [ 0, -0.1448145, -0.1011132 ],
            "0.1": [ 0, -1.216055, 0 ],
            "0.2": [ 0, 0.782898, 0.7996209 ],
            "0.3333333": [ 0.1888953, -0.3741616, -0.1003668 ],
            "0.4": [ 0.2550087, -0.7791325, -0.4153626 ],
            "0.4333333": [ 0.2408829, -0.6328914, -0.5113335 ],
            "0.5": [ 0.1546409, -0.1357937, 0 ],
            "0.5666667": [ 0.05055566, 0.9304439, -0.08898589 ],
            "0.6333333": [ 0, 0, 0 ],
            "0.6666667": [ 0, 0, 0 ]
          },
          "rotation": {
            "0": [ 0, 0, 0 ],
            "0.1": [ -7.344508, 0, 0 ],
            "0.2": [ 20.01493, 0, 0 ],
            "0.2666667": [ -9.698028, 0, -4.815865 ],
            "0.3333333": [ -42.78903, 0, -9.631729 ],
            "0.4": [ -23.92606, 0, 0 ],
            "0.5": [ 0, 0, 0 ],
            "0.5666667": [ 5.463044, 0, 0 ],
            "0.6333333": [ 0, 0, 0 ],
            "0.6666667": [ 0, 0, 0 ]
          },
          "scale": {
            "0": [ 1, 1, 1 ],
            "0.2": [ 1, 1, 1 ],
            "0.3333333": [ 1, 1, 1 ],
            "0.4": [ 1, 1, 1 ],
            "0.6666667": [ 1, 1, 1 ]
          }
        },
        "leg2": {
          "position": {
            "0": [ 0, 0, 0 ],
            "0.03333334": [ 0, 0.9057316, 0.01695271 ],
            "0.06666667": [ 0, 1.546007, 0.259052 ],
            "0.2": [ 0, 2.359281, -0.6274864 ],
            "0.2666667": [ -0.03349768, 2.616155, -2.274384 ],
            "0.3333333": [ -0.06699535, 2.015635, -1.394564 ],
            "0.4": [ 0.4912967, 2.508846, -0.8127431 ],
            "0.4333333": [ 0.4263651, 1.859925, -0.7568586 ],
            "0.4666667": [ 0.2965474, 0.6841246, -0.2951902 ],
            "0.5": [ 0.1657432, 0, 0 ],
            "0.5666667": [ 0, 0, 0 ],
            "0.6333333": [ 0, 0, 0 ],
            "0.7": [ 0, 0, 0 ]
          },
          "rotation": {
            "0": [ 0, 0, 0 ],
            "0.03333334": [ -2.387426, 0, 0 ],
            "0.06666667": [ -6.264422, 0, 0 ],
            "0.2": [ 38.32148, 0, 0 ],
            "0.2666667": [ 34.89478, 0, 3.001989 ],
            "0.3333333": [ -23.27156, 0, 6.003978 ],
            "0.4": [ -20.54269, 0, 6.003978 ],
            "0.5": [ -1.942532, 0, 3.640896 ],
            "0.5666667": [ 4.182039, 0, 1.391593 ],
            "0.6333333": [ 0, 0, 0 ],
            "0.7": [ 0, 0, 0 ]
          },
          "scale": {
            "0.03333334": [ 1, 1, 1 ],
            "0.06666667": [ 1, 1, 1 ],
            "0.2": [ 1, 1, 1 ],
            "0.3333333": [ 1, 1, 1 ],
            "0.4": [ 1, 1, 1 ],
            "0.5": [ 1, 1, 1 ],
            "0.6333333": [ 1, 1, 1 ],
            "0.7": [ 1, 1, 1 ]
          }
        },
        "leg3": {
          "position": {
            "0": [ 0, 0, 0 ],
            "0.03333334": [ 0, 0.9057316, 0.01695271 ],
            "0.06666667": [ 0, 1.546007, 0.259052 ],
            "0.2": [ 0, 2.359281, -0.6274864 ],
            "0.2666667": [ 0.01621396, 2.616155, -2.274384 ],
            "0.3333333": [ 0.03242793, 2.195725, -1.39178 ],
            "0.4": [ -0.2383248, 2.521554, -0.8120967 ],
            "0.4333333": [ -0.2068481, 1.870137, -0.7564773 ],
            "0.4666667": [ -0.143857, 0.688473, -0.2950775 ],
            "0.5": [ -0.08035859, 0, 0 ],
            "0.5666667": [ 0, 0, 0 ],
            "0.6333333": [ 0, 0, 0 ],
            "0.7": [ 0, 0, 0 ]
          },
          "rotation": {
            "0": [ 0, 0, 0 ],
            "0.03333334": [ -2.387426, 0, 0 ],
            "0.06666667": [ -6.264422, 0, 0 ],
            "0.2": [ 38.32148, 0, 0 ],
            "0.2666667": [ 34.89478, 0, -1.452017 ],
            "0.3333333": [ -23.5621, 0, -2.904033 ],
            "0.4": [ -20.73096, 0, -2.904033 ],
            "0.5": [ -2.130801, 0, -1.761046 ],
            "0.5666667": [ 3.99377, 0, -0.6730922 ],
            "0.6333333": [ 0, 0, 0 ],
            "0.7": [ 0, 0, 0 ]
          },
          "scale": {
            "0.03333334": [ 1, 1, 1 ],
            "0.06666667": [ 1, 1, 1 ],
            "0.2": [ 1, 1, 1 ],
            "0.3333333": [ 1, 1, 1 ],
            "0.4": [ 1, 1, 1 ],
            "0.5": [ 1, 1, 1 ],
            "0.6333333": [ 1, 1, 1 ],
            "0.7": [ 1, 1, 1 ]
          }
        },
        "body": {
          "position": {
            "0": [ 0, 0, 0 ],
            "0.03333334": [ 0, -1.158643, 0 ],
            "0.06666667": [ 0, -2.329692, 0 ],
            "0.1": [ 0, -2.110203, 0 ],
            "0.2": [ 0, 9.590732, 0 ],
            "0.2666667": [ 0, 13.63929, 0 ],
            "0.3333333": [ 0, 9.433452, 0 ],
            "0.4": [ 0, -1.299392, 0 ],
            "0.4666667": [ 0, -0.3937323, 0 ],
            "0.5": [ 0, 0, 0 ],
            "0.5666667": [ 0, -0.3676102, 0 ],
            "0.6333333": [ 0, 0, 0 ],
            "0.7": [ 0, 0, 0 ]
          },
          "rotation": {
            "0": [ 0, 0, 0 ],
            "0.03333334": [ 2.409247, 0, 0 ],
            "0.1": [ 9.292809, 0, 0 ],
            "0.2": [ -16.93734, 0, 0 ],
            "0.2666667": [ -4.343033, 0, 0 ],
            "0.3333333": [ 18.60308, 0, 0 ],
            "0.4": [ 18.34727, 0, 0 ],
            "0.5": [ 1.190523, 0, 0 ],
            "0.5666667": [ -4.699221, 0, 0 ],
            "0.6333333": [ 0, 0, 0 ],
            "0.7": [ 0, 0, 0 ]
          },
          "scale": {
            "0": [ 1, 1, 1 ],
            "0.03333334": [ 1, 0.9631711, 1 ],
            "0.1": [ 1, 0.8579456, 1 ],
            "0.2": [ 1, 1, 1 ],
            "0.2666667": [ 1, 1, 1 ],