{
  "format_version": "1.8.0",
  "animations": {
    "animation.sheep_tappable_tap_3": {
      "loop": false,
      "bones": {
        "head": {
          "position": {
            "0.03333334": [ 0, 0, 0 ],
            "0.1666667": [ 0, 0, 0 ],
            "0.3666667": [ 0, 0, 0 ],
            "0.5": [ 0, 0, 0 ],
            "0.6": [ 0, 0, 0 ]
          },
          "rotation": {
            "0.03333334": [ -19.58838, 25.85666, 0 ],
            "0.1666667": [ -19.58838, 25.85666, 0 ],
            "0.3666667": [ -19.58838, 39.29533, 0 ],
            "0.5": [ -16.60757, 0, 0 ],
            "0.6": [ 21.30803, -24.28959, 0 ]
          },
          "scale": {
            "0.03333334": [ 1, 1, 1 ],
            "0.1666667": [ 1, 1, 1 ],
            "0.3666667": [ 1, 1, 1 ],
            "0.5": [ 1, 1, 1 ],
            "0.6": [ 1, 1, 1 ]
          }
        },
        "leg0": {
          "position": {
            "0.03333334": [ 0, 0, 0 ],
            "0.1666667": [ 0, 0, 0 ],
            "0.3666667": [ 0, 0, 0 ],
            "0.5333334": [ 0, 0, 0 ],
            "0.6666667": [ 0, 0, 0 ]
          },
          "rotation": {
            "0.03333334": [ 0, 0, 0 ],
            "0.1666667": [ 0, 0, 0 ],
            "0.3666667": [ -14.41026, 0, 0 ],
            "0.5333334": [ 0, 0, 0 ],
            "0.6666667": [ 0, 0, 0 ]
          },
          "scale": {
            "0.03333334": [ 1, 1, 1 ],
            "0.1666667": [ 1, 1, 1 ],
            "0.3666667": [ 1, 1, 1 ],
            "0.5333334": [ 1, 1, 1 ],
            "0.6666667": [ 1, 1, 1 ]
          }
        },
        "leg1": {
          "position": {
            "0.03333334": [ 0, 0, 0 ],
            "0.1666667": [ 0, 0, 0 ],
            "0.3666667": [ 0, 0, 0 ],
            "0.5333334": [ 0, 0, 0 ],
            "0.6666667": [ 0, 0, 0 ]
          },
          "rotation": {
            "0.03333334": [ 0, 0, 0 ],
            "0.1666667": [ 0, 0, 0 ],
            "0.3666667": [ -14.41026, 0, 0 ],
            "0.5333334": [ 0, 0, 0 ],
            "0.6666667": [ 0, 0, 0 ]
          },
          "scale": {
            "0.03333334": [ 1, 1, 1 ],
            "0.1666667": [ 1, 1, 1 ],
            "0.3666667": [ 1, 1, 1 ],
            "0.5333334": [ 1, 1, 1 ],
            "0.6666667": [ 1, 1, 1 ]
          }
        },
        "leg2": {
          "position": {
            "0.03333334": [ 0, 0, 0 ],
            "0.1666667": [ 0, 0, 0 ],
            "0.2666667": [ 0, 0, 0 ],
            "0.3666667": [ 0, 0, 0 ],
            "0.4333333": [ 0, 0, 0 ],
            "0.5": [ 0, 1.589056, 0.2746618 ],
            "0.6333333": [ 0, 0, 0 ]
          },
          "rotation": {
            "0.03333334": [ 0, 0, 0 ],
            "0.1666667": [ 0, 0, 0 ],
            "0.2666667": [ -44.07212, 0, 0 ],
            "0.3666667": [ -16.69553, 0, 15.3888 ],
            "0.4333333": [ -1.250922, 0, 0 ],
            "0.5": [ -9.806447, 0, 0 ],
            "0.6333333": [ 0, 0, 0 ]
          },
          "scale": {
            "0.03333334": [ 1, 1, 1 ],
            "0.1666667": [ 1, 1, 1 ],
            "0.2666667": [ 1, 1, 1 ],
            "0.3666667": [ 1, 1, 1 ],
            "0.4333333": [ 1, 1, 1 ],
            "0.5": [ 1, 1, 1 ],
            "0.6333333": [ 1, 1, 1 ]
          }
        },
        "leg3": {
          "position": {
            "0.03333334": [ 0, 0, 0 ],
            "0.1666667": [ 0, 0, 0 ],
            "0.2666667": [ 0, 0, 0 ],
            "0.3666667": [ 0, 0, 0 ],
            "0.5": [ 0, 1.589056, 0.2746618 ],
            "0.6333333": [ 0, 0, 0 ]
          },
          "rotation": {
            "0.03333334": [ 0, 0, 0 ],
            "0.1666667": [ 0, 0, 0 ],
            "0.2666667": [ 19.01104, 0, 0 ],
            "0.3666667": [ 38.02208, 0, 0 ],
            "0.5": [ -9.806447, 0, 0 ],
            "0.6333333": [ 0, 0, 0 ]
          },
          "scale": {
            "0.03333334": [ 1, 1, 1 ],
            "0.1666667": [ 1, 1, 1 ],
            "0.2666667": [ 1, 1, 1 ],
            "0.3666667": [ 1, 1, 1 ],
            "0.5": [ 1, 1, 1 ],
            "0.6333333": [ 1, 1, 1 ]
          }
        },
        "body": {
          "position": {
            "0.03333334": [ 0, 0, 0 ],
            "0.1666667": [ 0, -2.082037, 0 ],
            "0.2666667": [ 0, 8.712138, 0 ],
            "0.3666667": [ 0, 11.84889, 0 ],
            "0.4333333": [ 0, 8.468646, 0 ],
            "0.5333334": [ 0, -1.925577, 0 ],
            "0.6333333": [ 0, 0, 0 ]
          },
          "rotation": {
            "0.03333334": [ 0, -94, 0 ],
            "0.1666667": [ 0, -94, 0 ],
            "0.2666667": [ 0, -94, -6.366204 ],
            "0.3666667": [ -16.70415, -41.63305, 0 ],
            "0.4333333": [ -3.804905, -14.10224, 0 ],
            "0.5333334": [ 9.094344, 0, 0 ],
            "0.6333333": [ 0, 0, 0 ]
          },
          "scale": {
            "0.03333334": [ 1, 1, 1 ],
            "0.1666667": [ 1, 0.8322893, 1 ],
            "0.2666667": [ 1, 1, 1 ],
            "0.3666667": [ 1.107421, 1.107421, 1.107421 ],
            "0.4333333": [ 1, 0.9549307, 1 ],
            "0.5333334": [ 1, 0.9098615, 1 ],
            "0.6333333": [ 1, 1, 1 ]
          }
        }
      }
    }
  }
}