{
  "format_version": "1.8.0",
  "animations": {
    "animation.sheep_tappable_award_loop": {
      "loop": true,
      "bones": {
        "head": {
          "position": {
            "0": [ 0, 0, 0 ],
            "0.2666667": [ 0, 0, 0 ],
            "0.3666667": [ 0, 0, 0 ],
            "0.5": [ 0, 0, 0 ],
            "0.6": [ 0, 0, 0 ]
          },
          "rotation": {
            "0": [ 0, 0, 0 ],
            "0.2666667": [ -3.409708, 0, 0 ],
            "0.3666667": [ -2.668651, 0, 0 ],
            "0.5": [ -19.52342, 0, 0 ],
            "0.6": [ 14.51239, 0, 0 ],
            "0.6666667": [ -8.701605, 0, 0 ],
            "0.8666667": [ 0, 0, 0 ]
          },
          "scale": {
            "0": [ 1, 1, 1 ],
            "0.2666667": [ 1, 1, 1 ],
            "0.3666667": [ 1, 1, 1 ],
            "0.5": [ 1, 1, 1 ],
            "0.6": [ 1, 1, 1 ]
          }
        },
        "leg0": {
          "position": {
            "0": [ 0, 0, 0 ],
            "0.06666667": [ 0, 0.2456788, -0.1354279 ],
            "0.1666667": [ 0, -0.1448145, -0.1011132 ],
            "0.2666667": [ 0, -1.216055, -0.5252627 ],
            "0.3666667": [ 0, 0.782898, 0.7996209 ],
            "0.5": [ -0.1395569, -0.4018462, -0.0631353 ],
            "0.5666667": [ -0.1884018, -0.8165067, -0.3651 ],
            "0.6666667": [ -0.1395569, -0.1357937, 0 ],
            "0.8": [ -0.02377636, 0.9304439, -0.08898589 ],
            "0.8666667": [ 0, 0, 0 ],
            "0.9": [ 0, 0, 0 ]
          },
          "rotation": {
            "0": [ 0, 0, 0 ],
            "0.2666667": [ -7.344508, 0, 0 ],
            "0.3666667": [ 20.01493, 0, 0 ],
            "0.4333333": [ -9.698028, 0, 3.470561 ],
            "0.5": [ -41.29353, 0, 6.941122 ],
            "0.5666667": [ -21.36235, 0, 0 ],
            "0.6666667": [ 0, 0, 0 ],
            "0.8": [ 5.463044, 0, 0 ],
            "0.8666667": [ 0, 0, 0 ],
            "0.9": [ 0, 0, 0 ]
          },
          "scale": {
            "0": [ 1, 1, 1 ],
            "0.3666667": [ 1, 1, 1 ],
            "0.5": [ 1, 1, 1 ],
            "0.5666667": [ 1, 1, 1 ],
            "0.9": [ 1, 1, 1 ]
          }
        },
        "leg1": {
          "position": {
            "0": [ 0, 0, 0 ],
            "0.06666667": [ 0, 0.2456788, -0.1354279 ],
            "0.1666667": [ 0, -0.1448145, -0.1011132 ],
            "0.2666667": [ 0, -1.216055, -0.5252627 ],
            "0.3666667": [ 0, 0.782898, 0.7996209 ],
            "0.5": [ 0.1888953, -0.3741616, -0.1003668 ],
            "0.5666667": [ 0.2550087, -0.7791325, -0.4153626 ],
            "0.6666667": [ 0.1888953, -0.1357937, 0 ],
            "0.8": [ 0.03218217, 0.9304439, -0.08898589 ],
            "0.8666667": [ 0, 0, 0 ],
            "0.9": [ 0, 0, 0 ]
          },
          "rotation": {
            "0": [ 0, 0, 0 ],
            "0.2666667": [ -7.344508, 0, 0 ],
            "0.3666667": [ 20.01493, 0, 0 ],
            "0.4333333": [ -9.698028, 0, -4.815865 ],
            "0.5": [ -42.78903, 0, -9.631729 ],
            "0.5666667": [ -23.92606, 0, 0 ],
            "0.6666667": [ 0, 0, 0 ],
            "0.8": [ 5.463044, 0, 0 ],
            "0.8666667": [ 0, 0, 0 ],
            "0.9": [ 0, 0, 0 ]
          },
          "scale": {
            "0": [ 1, 1, 1 ],
            "0.3666667": [ 1, 1, 1 ],
            "0.5": [ 1, 1, 1 ],
            "0.5666667": [ 1, 1, 1 ],
            "0.9": [ 1, 1, 1 ]
          }
        },
        "leg2": {
          "position": {
            "0": [ 0, 0, 0 ],
            "0.06666667": [ 0, 0.9057316, 0.01695271 ],
            "0.1666667": [ 0, 1.546007, 0.259052 ],
            "0.2666667": [ 0, 1.142849, 0.1214958 ],
            "0.3666667": [ 0, 2.359281, -0.6274864 ],
            "0.4333333": [ -0.03349768, 2.616155, -2.274384 ],
            "0.5": [ -0.06699535, 2.015635, -1.394564 ],
            "0.5666667": [ 0.4708615, 2.314548, 0 ],
            "0.6666667": [ 0.3202994, 0, 0 ],
            "0.8": [ 0, 0, 0 ],
            "0.8666667": [ 0, 0, 0 ],
            "0.9333333": [ 0, 0, 0 ]
          },
          "rotation": {
            "0": [ 0, 0, 0 ],
            "0.06666667": [ -2.387426, 0, 0 ],
            "0.1666667": [ -6.264422, 0, 0 ],
            "0.2666667": [ -8.937417, 0, 0 ],
            "0.3666667": [ 38.32148, 0, 0 ],
            "0.4333333": [ 34.89478, 0, 3.001989 ],
            "0.5": [ -11.10918, 0, 6.003978 ],
            "0.5666667": [ -13.51649, 0, 0 ],
            "0.6666667": [ 0, 0, 0 ],
            "0.8": [ 4.344556, 0, 0 ],
            "0.8666667": [ 0, 0, 0 ],
            "0.9333333": [ 0, 0, 0 ]
          },
          "scale": {
            "0.06666667": [ 1, 1, 1 ],
            "0.1666667": [ 1, 1, 1 ],
            "0.2666667": [ 1, 1, 1 ],
            "0.3666667": [ 1, 1, 1 ],
            "0.5": [ 1, 1, 1 ],
            "0.5666667": [ 1, 1, 1 ],
            "0.6666667": [ 1, 1, 1 ],
            "0.8666667": [ 1, 1, 1 ],
            "0.9333333": [ 1, 1, 1 ]
          }
        },
        "leg3": {
          "position": {
            "0": [ 0, 0, 0 ],
            "0.06666667": [ 0, 0.9057316, 0.01695271 ],
            "0.1666667": [ 0, 1.546007, 0.259052 ],
            "0.2666667": [ 0, 1.142849, 0.1214958 ],
            "0.3666667": [ 0, 2.359281, -0.6274864 ],
            "0.4333333": [ 0.01621396, 2.616155, -2.274384 ],
            "0.5": [ 0.03242793, 2.195725, -1.39178 ],
            "0.5666667": [ -0.2282915, 2.323769, 0 ],
            "0.6666667": [ -0.1553326, 0, 0 ],
            "0.8": [ 0, 0, 0 ],
            "0.8666667": [ 0, 0, 0 ],
            "0.9333333": [ 0, 0, 0 ]
          },
          "rotation": {
            "0": [ 0, 0, 0 ],
            "0.06666667": [ -2.387426, 0, 0 ],
            "0.1666667": [ -6.264422, 0, 0 ],
            "0.2666667": [ -8.937417, 0, 0 ],
            "0.3666667": [ 38.32148, 0, 0 ],
            "0.4333333": [ 34.89478, 0, -1.452017 ],
            "0.5": [ -11.39972, 0, -2.904033 ],
            "0.5666667": [ -13.70476, 0, 0 ],
            "0.6666667": [ 0, 0, 0 ],
            "0.8": [ 4.156287, 0, 0 ],
            "0.8666667": [ 0, 0, 0 ],
            "0.9333333": [ 0, 0, 0 ]
          },
          "scale": {
            "0.06666667": [ 1, 1, 1 ],
            "0.1666667": [ 1, 1, 1 ],
            "0.2666667": [ 1, 1, 1 ],
            "0.3666667": [ 1, 1, 1 ],
            "0.5": [ 1, 1, 1 ],
            "0.5666667": [ 1, 1, 1 ],
            "0.6666667": [ 1, 1, 1 ],
            "0.8666667": [ 1, 1, 1 ],
            "0.9333333": [ 1, 1, 1 ]
          }
        },
        "body": {
          "position": {
            "0": [ 0, 0, 0 ],
            "0.06666667": [ 0, -1.158643, 0 ],
            "0.1666667": [ 0, -2.329692, 0 ],
            "0.2666667": [ 0, -2.110203, 0 ],
            "0.3666667": [ 0, 9.590732, 0 ],
            "0.4333333": [ 0, 13.63929, 0 ],
            "0.5": [ 0, 9.433452, 0 ],
            "0.5666667": [ 0, -1.299392, 0 ],
            "0.6333333": [ 0, -0.3937323, 0 ],
            "0.6666667": [ 0, 0, 0 ],
            "0.8": [ 0, -0.3676102, 0 ],
            "0.8666667": [ 0, 0, 0 ],
            "0.9333333": [ 0, 0, 0 ]
          },
          "rotation": {
            "0": [ 0, -45, 0 ],
            "0.06666667": [ 2.409247, -45, 0 ],
            "0.2666667": [ 9.292809, -45, 0 ],
            "0.3666667": [ -16.93734, -45, 0 ],
            "0.4333333": [ -4.343033, -45, 0 ],
            "0.5": [ 18.60308, -45, 0 ],
            "0.5666667": [ 18.34727, -45, 0 ],
            "0.6666667": [ 1.190523, -45, 0 ],
            "0.8": [ -4.699221, -45, 0 ],
            "0.8666667": [ 0, -45, 0 ],
            "0.9333333": [ 0, -45, 0 ]
          },
          "scale": {
            "0": [ 1, 1, 1 ],
            "0.06666667": [ 1, 0.9631711, 1 ],
            "0.2666667": [ 1, 0.8579456, 1 ],
            "0.3666667": [ 1, 1, 1 ],
            "0.4333333": [ 1, 1, 1 ],
            "0.5": [ 1, 0.9612181, 1 ],
            "0.5666667": [ 1, 1, 1 ],
            "0.6333333": [ 1, 1, 1 ],