{
  "format_version": "1.8.0",
  "animations": {
    "animation.sheep_tappable_enter": {
      "loop": false,
      "bones": {
        "body": {
          "position": {
            "0": [ 0, 0, 0 ],
            "0.2333333": [ 0, 0, 0 ],
            "0.3": [ 0, 0, 0 ]
          },
          "rotation": {
            "0": [ 0, 0, 0 ],
            "0.2333333": [ 0, 0, 0 ],
            "0.3": [ 0, 0, 0 ]
          },
          "scale": {
            "0": [ 0.798843, 0.798843, 0.798843 ],
            "0.2333333": [ 1.014791, 1.014791, 1.014791 ],
            "0.3": [ 1, 1, 1 ]
          }
        }
      }
    }
  }
}