{
  "format_version": "1.8.0",
  "animations": {
    "animation.sheep_tappable_tap_2": {
      "loop": false,
      "bones": {
        "head": {
          "position": {
            "0": [ 0, 0, 0 ],
            "0.3": [ 0, 0, 0 ],
            "0.5333334": [ 0, 0, 0 ],
            "0.6333333": [ 0, 0, 0 ]
          },
          "rotation": {
            "0": [ -27.42373, 0, 0 ],
            "0.1333333": [ -27.42373, -25.42662, 0 ],
            "0.3": [ -27.42373, 22.375, 0 ],
            "0.4": [ -26.8233, 25.85666, 0 ],
            "0.5333334": [ 15.28422, 25.85666, 0 ],
            "0.6333333": [ -19.58838, 25.85666, 0 ]
          },
          "scale": {
            "0": [ 1, 1, 1 ],
            "0.3": [ 1, 1, 1 ],
            "0.5333334": [ 1, 1, 1 ],
            "0.6333333": [ 1, 1, 1 ]
          }
        },
        "leg0": {
          "position": {
            "0": [ 0, 0, 0 ],
            "0.1": [ 0, -1.638339, -0.8166849 ],
            "0.1666667": [ 0, 1.89523, 0.2868825 ],
            "0.2333333": [ 0, 1.89523, 0.2868825 ],
            "0.3333333": [ 0, 1.89523, 0.2868825 ],
            "0.4333333": [ 0, 1.89523, 0.2868825 ],
            "0.5333334": [ 0, 0.179132, 0.2958468 ],
            "0.6": [ 0, 0, 0 ],
            "0.6333333": [ 0, 0, 0 ],
            "0.6666667": [ 0, 0, 0 ]
          },
          "rotation": {
            "0": [ 0, 0, 0 ],
            "0.1": [ -15.98165, 0, 0 ],
            "0.1333333": [ -2.205898, 0, 0 ],
            "0.1666667": [ 10, 0, 0 ],
            "0.2333333": [ 18.32106, 0, 0 ],
            "0.3333333": [ -1.633523, 0, 0 ],
            "0.4333333": [ -31.85657, 0, 0 ],
            "0.5333334": [ -0.2665817, 0, 0 ],
            "0.5666667": [ 2.490942, 0, 0 ],
            "0.6": [ 0, 0, 0 ],
            "0.6333333": [ 0, 0, 0 ],
            "0.6666667": [ 0, 0, 0 ]
          },
          "scale": {
            "0": [ 1, 1, 1 ],
            "0.1": [ 1, 1, 1 ],
            "0.1666667": [ 1, 1, 1 ],
            "0.2333333": [ 1, 1, 1 ],
            "0.3333333": [ 1, 1, 1 ],
            "0.4333333": [ 1, 1, 1 ],
            "0.6666667": [ 1, 1, 1 ]
          }
        },
        "leg1": {
          "position": {
            "0": [ 0, 0, 0 ],
            "0.1": [ 0, -1.638339, -0.8166849 ],
            "0.1666667": [ 0, 1.89523, 0.2868825 ],
            "0.2333333": [ 0, 1.89523, 0.2868825 ],
            "0.3333333": [ 0, 1.89523, 0.2868825 ],
            "0.4333333": [ 0, 1.89523, 0.2868825 ],
            "0.5333334": [ 0, 0.179132, 0.2958468 ],
            "0.6": [ 0, 0, 0 ],
            "0.6333333": [ 0, 0, 0 ],
            "0.6666667": [ 0, 0, 0 ]
          },
          "rotation": {
            "0": [ 0, 0, 0 ],
            "0.1": [ -15.98165, 0, 0 ],
            "0.1333333": [ -2.205898, 0, 0 ],
            "0.1666667": [ 10, 0, 0 ],
            "0.2333333": [ 18.32106, 0, 0 ],
            "0.3333333": [ -1.633523, 0, 0 ],
            "0.4333333": [ -31.85657, 0, 0 ],
            "0.5333334": [ -0.2665817, 0, 0 ],
            "0.5666667": [ 2.490942, 0, 0 ],
            "0.6": [ 0, 0, 0 ],
            "0.6333333": [ 0, 0, 0 ],
            "0.6666667": [ 0, 0, 0 ]
          },
          "scale": {
            "0": [ 1, 1, 1 ],
            "0.1": [ 1, 1, 1 ],
            "0.1666667": [ 1, 1, 1 ],
            "0.2333333": [ 1, 1, 1 ],
            "0.3333333": [ 1, 1, 1 ],
            "0.4333333": [ 1, 1, 1 ],
            "0.6666667": [ 1, 1, 1 ]
          }
        },
        "leg2": {
          "position": {
            "0": [ 0, 0, 0 ],
            "0.1": [ 0, 2.016717, -0.2934619 ],
            "0.1666667": [ 0, 2.016717, -0.2934619 ],
            "0.2333333": [ 0, 2.016717, -0.2934619 ],
            "0.3333333": [ 0, 2.016717, -0.2934619 ],
            "0.4": [ 0, 0.4967844, -0.4342386 ],
            "0.4666667": [ 0, 1.125655, 0.2274 ],
            "0.6666667": [ 0, 0, 0 ]
          },
          "rotation": {
            "0": [ 0, 0, 0 ],
            "0.1": [ -15.98165, 0, 0 ],
            "0.1666667": [ 6.494538, 0, 0 ],
            "0.2333333": [ 28.71847, 0, 0 ],
            "0.3333333": [ -25.4406, 0, 5.472677 ],
            "0.4": [ -14.43774, 0, 16.50066 ],
            "0.4666667": [ -11.42094, 0, 0 ],
            "0.6666667": [ 0, 0, 0 ]
          },
          "scale": {
            "0": [ 1, 1, 1 ],
            "0.1": [ 1, 1, 1 ],
            "0.1666667": [ 1, 1, 1 ],
            "0.2333333": [ 1, 1, 1 ],
            "0.3333333": [ 1, 1, 1 ],
            "0.4": [ 1, 1, 1 ],
            "0.4666667": [ 1, 1, 1 ]
          }
        },
        "leg3": {
          "position": {
            "0": [ 0, 0, 0 ],
            "0.1": [ 0, 2.016717, -0.2934619 ],
            "0.1666667": [ 0, 2.016717, -0.2934619 ],
            "0.2333333": [ 0, 2.016717, -0.2934619 ],
            "0.3333333": [ 0, 2.016717, -0.2934619 ],
            "0.4": [ 0, 0.4967844, -0.4342386 ],
            "0.4666667": [ 0, 1.125655, 0.2274 ],
            "0.6666667": [ 0, 0, 0 ]
          },
          "rotation": {
            "0": [ 0, 0, 0 ],
            "0.1": [ -15.98165, 0, 0 ],
            "0.1666667": [ 6.494538, 0, 0 ],
            "0.2333333": [ 10.2676, 0, -3.231091 ],
            "0.3333333": [ -25.4406, 0, 5.472677 ],
            "0.4": [ -22.59565, 0, -8.593209 ],
            "0.4666667": [ -11.42094, 0, 0 ],
            "0.6666667": [ 0, 0, 0 ]
          },
          "scale": {
            "0": [ 1, 1, 1 ],
            "0.1": [ 1, 1, 1 ],
            "0.1666667": [ 1, 1, 1 ],
            "0.2333333": [ 1, 1, 1 ],
            "0.3333333": [ 1, 1, 1 ],
            "0.4": [ 1, 1, 1 ],
            "0.4666667": [ 1, 1, 1 ]
          }
        },
        "body": {
          "position": {
            "0": [ 0, 0, 0 ],
            "0.1": [ 0, -1.039772, 0 ],
            "0.1666667": [ 0, -0.5954422, 0 ],
            "0.2333333": [ 0, 7.89691, 0 ],
            "0.3": [ 0, 9.951921, 0 ],
            "0.3666667": [ 0, 7.739274, 0 ],
            "0.4333333": [ 0, 0, 0 ],
            "0.5": [ 0, -1.368289, 0 ],
            "0.5666667": [ 0, 0.6044037, 0 ],
            "0.7": [ 0, 0, 0 ]
          },
          "rotation": {
            "0": [ 0, 0, 0 ],
            "0.1": [ 15.47391, 0, 0 ],
            "0.1666667": [ -9.720433, 0, 0 ],
            "0.2333333": [ -9.720433, -30.22019, 0 ],
            "0.3": [ -13.84183, -73.72253, 0 ],
            "0.3666667": [ 2.310091, -94, 0 ],
            "0.4333333": [ -2.310891, -94, 12.50352 ],
            "0.5666667": [ 0, -94, 0 ],
            "0.7": [ 0, -94, 0 ]
          },
          "scale": {
            "0": [ 1, 1, 1 ],
            "0.1": [ 1, 0.9224021, 1 ],
            "0.1666667": [ 1, 1, 1 ],
            "0.2333333": [ 1, 1, 1 ],
            "0.3": [ 1, 1, 1 ],
            "0.3666667": [ 1, 1, 1 ],
            "0.4333333": [ 1, 1, 1 ],
            "0.5": [ 1, 1, 1 ],
            "0.5333334": [ 1, 1, 1 ],
            "0.5666667": [ 1, 1, 1 ],
            "0.7": [ 1, 1, 1 ]
          }
        }
      }
    }
  }
}