{
  "format_version": "1.8.0",
  "animations": {
    "animation.sheep_tappable_tap_4": {
      "loop": false,
      "bones": {
        "head": {
          "position": {
            "0": [ 0, 0, 0 ],
            "0.1": [ 0, 0, 0 ],
            "0.2": [ 0, 0, 0 ],
            "0.3333333": [ 0, 0, 0 ],
            "0.4333333": [ 0, 0, 0 ]
          },
          "rotation": {
            "0": [ -19.58838, -24.28959, 0 ],
            "0.1": [ 12.62425, -24.28959, 0 ],
            "0.2": [ -19.90642, -24.28959, 0 ],
            "0.3333333": [ -19.52342, 0, 0 ],
            "0.4333333": [ 27.58461, 0, 0 ],
            "0.6333333": [ -18.58759, -16.06247, 0 ]
          },
          "scale": {
            "0": [ 1, 1, 1 ],
            "0.1": [ 1, 1, 1 ],
            "0.2": [ 1, 1, 1 ],
            "0.3333333": [ 1, 1, 1 ],
            "0.4333333": [ 1, 1, 1 ]
          }
        },
        "leg0": {
          "position": {
            "0": [ 0, 0, 0 ],
            "0.03333334": [ 0.03875065, 0.2456788, 0 ],
            "0.06666667": [ 0.1107161, -0.1448145, 0 ],
            "0.1": [ 0.1494668, -1.456655, 0 ],
            "0.2": [ 0, 0.782898, 0 ],
            "0.3333333": [ -0.1395569, -0.4018462, 0 ],
            "0.4": [ -0.1884018, -1.09401, 0 ],
            "0.5": [ -0.1142495, -0.1357937, 0 ],
            "0.5666667": [ -0.0373508, 0.9304439, 0 ],
            "0.6333333": [ 0, 0, 0 ],
            "0.6666667": [ 0, 0, 0 ]
          },
          "rotation": {
            "0": [ 0, 0, 0 ],
            "0.1": [ -7.344508, 0, 0 ],
            "0.2": [ 20.01493, 0, 0 ],
            "0.2666667": [ -9.698028, 0, 3.470561 ],
            "0.3333333": [ -41.29353, 0, 6.941122 ],
            "0.4": [ -21.36235, 0, 0 ],
            "0.5": [ 0, 0, 0 ],
            "0.5666667": [ 5.463044, 0, 0 ],
            "0.6333333": [ 0, 0, 0 ],
            "0.6666667": [ 0, 0, 0 ]
          },
          "scale": {
            "0": [ 1, 1, 1 ],
            "0.2": [ 1, 1, 1 ],
            "0.3333333": [ 1, 1, 1 ],
            "0.4": [ 1, 1, 1 ],
            "0.6666667": [ 1, 1, 1 ]
          }
        },
        "leg1": {
          "position": {
            "0": [ 0, 0, 0 ],
            "0.03333334": [ 0.03875065, 0.2456788, 0 ],
            "0.06666667": [ 0.1107161, -0.1448145, 0 ],
            "0.1": [ 0.1494668, -1.456655, 0 ],
            "0.2": [ 0, 0.782898, 0 ],
            "0.3333333": [ 0.1888953, -0.3741616, 0 ],
            "0.4": [ 0.2550087, -1.088093, 0 ],
            "0.5": [ 0.1546409, -0.1357937, 0 ],
            "0.5666667": [ 0.05055566, 0.9304439, 0 ],
            "0.6333333": [ 0, 0, 0 ],
            "0.6666667": [ 0, 0, 0 ]
          },
          "rotation": {
            "0": [ 0, 0, 0 ],
            "0.1": [ -7.344508, 0, 0 ],
            "0.2": [ 20.01493, 0, 0 ],
            "0.2666667": [ -9.698028, 0, -4.815865 ],
            "0.3333333": [ -42.78903, 0, -9.631729 ],
            "0.4": [ -23.92606, 0, 0 ],
            "0.5": [ 0, 0, 0 ],
            "0.5666667": [ 5.463044, 0, 0 ],
            "0.6333333": [ 0, 0, 0 ],
            "0.6666667": [ 0, 0, 0 ]
          },
          "scale": {
            "0": [ 1, 1, 1 ],
            "0.2": [ 1, 1, 1 ],
            "0.3333333": [ 1, 1, 1 ],
            "0.4": [ 1, 1, 1 ],
            "0.6666667": [ 1, 1, 1 ]
          }
        },
        "leg2": {
          "position": {
            "0": [ 0, 0, 0 ],
            "0.03333334": [ 0, 0.9057316, 0.01695271 ],
            "0.06666667": [ 0, 1.546007, 0.259052 ],
            "0.1": [ 0.1494668, 0.9035363, 0.08386028 ],
            "0.2": [ 0, 2.359281, -0.6274864 ],
            "0.2666667": [ -0.04895926, 2.616155, -2.274384 ],
            "0.3333333": [ -0.06699535, 2.015635, -1.394564 ],
            "0.4": [ 0.4708615, 2.885487, 0.2624101 ],
            "0.4666667": [ 0.4011883, 0.7480893, 0 ],
            "0.5": [ 0.3202994, 0, 0 ],
            "0.5666667": [ 0, 0, 0 ],
            "0.6333333": [ 0, 0, 0 ],
            "0.7": [ 0, 0, 0 ]
          },
          "rotation": {
            "0": [ 0, 0, 0 ],
            "0.03333334": [ -2.387426, 0, 0 ],
            "0.06666667": [ -6.264422, 0, 0 ],
            "0.1": [ -8.937417, 0, 0 ],
            "0.2": [ 38.32148, 0, 0 ],
            "0.2666667": [ 34.89478, 0, 3.001989 ],
            "0.3333333": [ -11.10918, 0, 6.003978 ],
            "0.4": [ -15.89384, 0, 0 ],
            "0.5": [ 2.040142, 0, 0 ],
            "0.5666667": [ 6.854784, 0, 0 ],
            "0.6333333": [ 0, 0, 0 ],
            "0.7": [ 0, 0, 0 ]
          },
          "scale": {
            "0.03333334": [ 1, 1, 1 ],
            "0.06666667": [ 1, 1, 1 ],
            "0.1": [ 1, 1, 1 ],
            "0.2": [ 1, 1, 1 ],
            "0.3333333": [ 1, 1, 1 ],
            "0.4": [ 1, 1, 1 ],
            "0.5": [ 1, 1, 1 ],
            "0.6333333": [ 1, 1, 1 ],
            "0.7": [ 1, 1, 1 ]
          }
        },
        "leg3": {
          "position": {
            "0": [ 0, 0, 0 ],
            "0.03333334": [ 0, 0.9057316, 0.01695271 ],
            "0.06666667": [ 0, 1.546007, 0.259052 ],
            "0.1": [ 0.1494668, 0.9035363, 0.08386028 ],
            "0.2": [ 0, 2.359281, -0.6274864 ],
            "0.2666667": [ 0.01621396, 2.616155, -2.274384 ],
            "0.3333333": [ 0.03242793, 2.195725, -1.39178 ],
            "0.4": [ -0.2282915, 2.893843, 0.2642847 ],
            "0.4666667": [ -0.1945405, 0.7502556, 0 ],
            "0.5": [ -0.1553326, 0, 0 ],
            "0.5666667": [ 0, 0, 0 ],
            "0.6333333": [ 0, 0, 0 ],
            "0.7": [ 0, 0, 0 ]
          },
          "rotation": {
            "0": [ 0, 0, 0 ],
            "0.03333334": [ -2.387426, 0, 0 ],
            "0.06666667": [ -6.264422, 0, 0 ],
            "0.1": [ -8.937417, 0, 0 ],
            "0.2": [ 38.32148, 0, 0 ],
            "0.2666667": [ 34.89478, 0, -1.452017 ],
            "0.3333333": [ -11.39972, 0, -2.904033 ],
            "0.4": [ -16.08211, 0, 0 ],
            "0.5": [ 1.851872, 0, 0 ],
            "0.5666667": [ 6.666514, 0, 0 ],
            "0.6333333": [ 0, 0, 0 ],
            "0.7": [ 0, 0, 0 ]
          },
          "scale": {
            "0.03333334": [ 1, 1, 1 ],
            "0.06666667": [ 1, 1, 1 ],
            "0.1": [ 1, 1, 1 ],
            "0.2": [ 1, 1, 1 ],
            "0.3333333": [ 1, 1, 1 ],
            "0.4": [ 1, 1, 1 ],
            "0.5": [ 1, 1, 1 ],
            "0.6333333": [ 1, 1, 1 ],
            "0.7": [ 1, 1, 1 ]
          }
        },
        "body": {
          "position": {
            "0": [ 0, 0, 0 ],
            "0.03333334": [ 0, -1.158643, 0 ],
            "0.06666667": [ 0, -2.329692, 0 ],
            "0.1": [ 0, -2.110203, 0 ],
            "0.2": [ 0, 9.590732, 0 ],
            "0.2666667": [ 0, 13.63929, 0 ],
            "0.3333333": [ 0, 9.433452, 0 ],
            "0.4": [ 0, -1.299392, 0 ],
            "0.4666667": [ 0, -0.3937323, 0 ],
            "0.5": [ 0, 0, 0 ],
            "0.5666667": [ 0, -0.3676102, 0 ],
            "0.6333333": [ 0, 0, 0 ],
            "0.7": [ 0, 0, 0 ]
          },
          "rotation": {
            "0": [ 0, 0, 0 ],
            "0.03333334": [ 2.409247, 0, 0 ],
            "0.1": [ 9.292809, 0, 0 ],
            "0.2": [ -16.93734, 0, 0 ],
            "0.2666667": [ -4.343033, 0, 0 ],
            "0.3333333": [ 18.60308, 0, 0 ],
            "0.4": [ 18.34727, 0, 0 ],
            "0.5": [ 1.190523, 0, 0 ],
            "0.5666667": [ -4.699221, 0, 0 ],
            "0.6333333": [ 0, 0, 0 ],
            "0.7": [ 0, 0, 0 ]
          },
          "scale": {
            "0": [ 1, 1, 1 ],
            "0.03333334": [ 1, 0.9631711, 1 ],
            "0.1": [ 1, 0.8579456, 1 ],
            "0.2": [ 1, 1, 1 ],
            "0.2666667": [ 1, 1, 1 ],
            "0.3333333": [ 1, 0.9612181, 1 ],
            "0.4": [ 1, 1, 1 ],
            "0.4666667": [ 1, 1, 1 ],
            "0.5": [ 1, 1, 1 ],
            "0.5666667": [ 1, 1, 1 ],
            "0.6333333": [ 1, 1, 1 ],