{
  "format_version": "1.8.0",
  "animations": {
    "animation.sheep_tappable_tap_5": {
      "loop": false,
      "bones": {
        "head": {
          "position": {
            "0": [ 0, 0, 0 ],
            "0.1333333": [ 0, 0, 0 ],
            "0.2666667": [ 0, 0, 0 ],
            "0.4": [ 0, 0, 0 ],
            "0.5333334": [ 0, 0, 0 ],
            "0.6333333": [ 0, 0, 0 ]
          },
          "rotation": {
            "0": [ 0, -32.12494, 0 ],
            "0.1333333": [ 0, -32.12494, 0 ],
            "0.2666667": [ 17.19687, -32.12494, 0 ],
            "0.4": [ -33.9817, -32.12494, 0 ],
            "0.5333334": [ 13.7857, -32.12494, 0 ],
            "0.6333333": [ -5.484745, -32.12494, 0 ]
          },
          "scale": {
            "0": [ 1, 1, 1 ],
            "0.1333333": [ 1, 1, 1 ],
            "0.2666667": [ 1, 1, 1 ],
            "0.4": [ 1, 1, 1 ],
            "0.5333334": [ 1, 1, 1 ],
            "0.6333333": [ 1, 1, 1 ]
          }
        },
        "leg0": {
          "position": {
            "0": [ 0, 0, 0 ],
            "0.1333333": [ 0, 0, 0 ],
            "0.2": [ 0, 0, 0 ],
            "0.3333333": [ 0, 1.172407, 0 ],
            "0.4666667": [ 0, 0, 0 ]
          },
          "rotation": {
            "0": [ 0, 0, 0 ],
            "0.1333333": [ 0, 0, 0 ],
            "0.2": [ 0, 0, 0 ],
            "0.3333333": [ -6.816553, 0, 0 ],
            "0.4666667": [ 0, 0, 0 ]
          },
          "scale": {
            "0": [ 1, 1, 1 ],
            "0.1333333": [ 1, 1, 1 ],
            "0.2": [ 1, 1, 1 ],
            "0.3333333": [ 1, 1, 1 ],
            "0.4666667": [ 1, 1, 1 ]
          }
        },
        "leg1": {
          "position": {
            "0": [ 0, 0, 0 ],
            "0.1333333": [ 0, 0, 0 ],
            "0.2": [ 0, 0, 0 ],
            "0.3333333": [ 0, 1.172407, 0 ],
            "0.4666667": [ 0, 0, 0 ]
          },
          "rotation": {
            "0": [ 0, 0, 0 ],
            "0.1333333": [ 0, 0, 0 ],
            "0.2": [ 0, 0, 0 ],
            "0.3333333": [ -6.816553, 0, 0 ],
            "0.4666667": [ 0, 0, 0 ]
          },
          "scale": {
            "0": [ 1, 1, 1 ],
            "0.1333333": [ 1, 1, 1 ],
            "0.2": [ 1, 1, 1 ],
            "0.3333333": [ 1, 1, 1 ],
            "0.4666667": [ 1, 1, 1 ]
          }
        },
        "leg2": {
          "position": {
            "0": [ 0, 0, 0 ],
            "0.1333333": [ 0, 0, 0 ],
            "0.2": [ 0, 0, 0 ],
            "0.3333333": [ 0, 1.162784, -0.2052128 ],
            "0.4666667": [ 0, 0, 0 ]
          },
          "rotation": {
            "0": [ 0, 0, 0 ],
            "0.1333333": [ 0, 0, 0 ],
            "0.2": [ 0, 0, 0 ],
            "0.3333333": [ 10.00872, 0, 0 ],
            "0.4666667": [ 0, 0, 0 ]
          },
          "scale": {
            "0": [ 1, 1, 1 ],
            "0.1333333": [ 1, 1, 1 ],
            "0.2": [ 1, 1, 1 ],
            "0.3333333": [ 1, 1, 1 ],
            "0.4666667": [ 1, 1, 1 ]
          }
        },
        "leg3": {
          "position": {
            "0": [ 0, 0, 0 ],
            "0.1333333": [ 0, 0, 0 ],
            "0.2": [ 0, 0, 0 ],
            "0.3333333": [ 0, 1.162784, -0.2052128 ],
            "0.4666667": [ 0, 0, 0 ]
          },
          "rotation": {
            "0": [ 0, 0, 0 ],
            "0.1333333": [ 0, 0, 0 ],
            "0.2": [ 0, 0, 0 ],
            "0.3333333": [ 10.00872, 0, 0 ],
            "0.4666667": [ 0, 0, 0 ]
          },
          "scale": {
            "0": [ 1, 1, 1 ],
            "0.1333333": [ 1, 1, 1 ],
            "0.2": [ 1, 1, 1 ],
            "0.3333333": [ 1, 1, 1 ],
            "0.4666667": [ 1, 1, 1 ]
          }
        },
        "body": {
          "position": {
            "0": [ 0, 0, 0 ],
            "0.1333333": [ 0, -3.683939, 0 ],
            "0.2333333": [ 0, 12.26639, 0 ],
            "0.3333333": [ 0, 14.34413, 0 ],
            "0.4333333": [ 0, -2.558882, 0 ],
            "0.5333334": [ 0, 0, 0 ]
          },
          "rotation": {
            "0": [ 0, 0, 0 ],
            "0.1333333": [ 0, 0, 0 ],
            "0.2333333": [ 0, 0, 0 ],
            "0.3333333": [ 0, 0, 0 ],
            "0.4333333": [ 0, 0, 0 ],
            "0.5333334": [ 0, 0, 0 ]
          },
          "scale": {
            "0": [ 1, 1, 1 ],
            "0.1333333": [ 1, 0.7584755, 1 ],
            "0.2333333": [ 1, 1.054772, 1 ],
            "0.3333333": [ 1.068176, 1.068176, 1.068176 ],
            "0.4333333": [ 1, 0.8356838, 1 ],
            "0.5333334": [ 1, 1, 1 ]
          }
        }
      }
    }
  }
}