{
  "format_version": "1.8.0",
  "animations": {
    "animation.sheep_tappable_tap_6": {
      "loop": false,
      "bones": {
        "head": {
          "position": {
            "0": [ 0, 0, 0 ],
            "0.1666667": [ 0, 0, 0 ],
            "0.4666667": [ 0, 0, 0 ],
            "0.5666667": [ 0, 0, 0 ],
            "0.6666667": [ 0, 0, 0 ]
          },
          "rotation": {
            "0": [ -5.484745, -29.77433, 0 ],
            "0.1666667": [ -5.484745, -23.4559, 0 ],
            "0.4666667": [ -27.14687, 0, 0 ],
            "0.5666667": [ 7.353924, 0, 0 ],
            "0.6666667": [ -12.27734, 0, 0 ]
          },
          "scale": {
            "0": [ 1, 1, 1 ],
            "0.1666667": [ 1, 1, 1 ],
            "0.4666667": [ 1, 1, 1 ],
            "0.5666667": [ 1, 1, 1 ],
            "0.6666667": [ 1, 1, 1 ]
          }
        },
        "leg0": {
          "position": {
            "0": [ 0, 0, 0 ],
            "0.1333333": [ 0, -1.186601, -0.1241489 ],
            "0.2666667": [ 0, 1.04276, 0.3415903 ],
            "0.4333333": [ 0, 0, 0 ],
            "0.5": [ 0, 0, 0 ],
            "0.5666667": [ 0, 0, 0 ],
            "0.6666667": [ 0, 0, 0 ]
          },
          "rotation": {
            "0": [ 0, 0, 0 ],
            "0.1333333": [ -5.97288, 0, 0 ],
            "0.2666667": [ -18.13791, 0, 0 ],
            "0.4333333": [ 34.73614, 0, 0 ],
            "0.5": [ 11.04334, 0, 0 ],
            "0.5666667": [ 0, 0, 0 ],
            "0.6666667": [ 0, 0, 0 ]
          },
          "scale": {
            "0": [ 1, 1, 1 ],
            "0.1333333": [ 1, 1, 1 ],
            "0.2666667": [ 1, 1, 1 ],
            "0.4333333": [ 1, 1, 1 ],
            "0.5": [ 1, 1, 1 ],
            "0.5666667": [ 1, 1, 1 ],
            "0.6666667": [ 1, 1, 1 ]
          }
        },
        "leg1": {
          "position": {
            "0": [ 0, 0, 0 ],
            "0.1333333": [ 0, -1.186601, -0.1241489 ],
            "0.2666667": [ 0, 1.04276, 0.3415903 ],
            "0.4333333": [ 0, 0, 0 ],
            "0.5": [ 0, 0, 0 ],
            "0.5666667": [ 0, 0, 0 ],
            "0.6666667": [ 0, 0, 0 ]
          },
          "rotation": {
            "0": [ 0, 0, 0 ],
            "0.1333333": [ -5.97288, 0, 0 ],
            "0.2666667": [ -18.13791, 0, 0 ],
            "0.4333333": [ 24.91622, 0, 0 ],
            "0.5": [ 0, 0, 0 ],
            "0.5666667": [ 0, 0, 0 ],
            "0.6666667": [ 0, 0, 0 ]
          },
          "scale": {
            "0": [ 1, 1, 1 ],
            "0.1333333": [ 1, 1, 1 ],
            "0.2666667": [ 1, 1, 1 ],
            "0.4333333": [ 1, 1, 1 ],
            "0.5": [ 1, 1, 1 ],
            "0.5666667": [ 1, 1, 1 ],
            "0.6666667": [ 1, 1, 1 ]
          }
        },
        "leg2": {
          "position": {
            "0": [ 0, 0, 0 ],
            "0.1333333": [ 0, 0.5590917, 0.07392985 ],
            "0.2666667": [ 0, 0, 0 ],
            "0.5": [ 0.1825983, 1.810507, 0.5521548 ],
            "0.6": [ 0, 0, 0 ]
          },
          "rotation": {
            "0": [ 0, 0, 0 ],
            "0.1333333": [ -7.532638, 0, 0 ],
            "0.2666667": [ 20.95956, 0, 0 ],
            "0.3333333": [ 29.55358, 0, 11.51816 ],
            "0.5": [ -16.87954, 0, 3.644418 ],
            "0.6": [ 0, 0, 0 ]
          },
          "scale": {
            "0": [ 1, 1, 1 ],
            "0.1333333": [ 1, 1, 1 ],
            "0.2666667": [ 1, 1, 1 ],
            "0.6": [ 1, 1, 1 ]
          }
        },
        "leg3": {
          "position": {
            "0": [ 0, 0, 0 ],
            "0.1333333": [ 0, 0.5590917, 0.07392985 ],
            "0.2666667": [ 0, 0, 0 ],
            "0.5": [ 0.1825983, 1.810507, 0.5521548 ],
            "0.6": [ 0, 0, 0 ]
          },
          "rotation": {
            "0": [ 0, 0, 0 ],
            "0.1333333": [ -7.532638, 0, 0 ],
            "0.2666667": [ 20.95956, 0, 0 ],
            "0.3333333": [ 29.55358, 0, 11.51816 ],
            "0.5": [ -16.87954, 0, 3.644418 ],
            "0.6": [ 0, 0, 0 ]
          },
          "scale": {
            "0": [ 1, 1, 1 ],
            "0.1333333": [ 1, 1, 1 ],
            "0.2666667": [ 1, 1, 1 ],
            "0.6": [ 1, 1, 1 ]
          }
        },
        "body": {
          "position": {
            "0": [ 0, 0, 0 ],
            "0.1333333": [ 0, -1.488093, 0 ],
            "0.2333333": [ 0, 6.869694, 0 ],
            "0.3333333": [ 0, 9.329375, 0 ],
            "0.4": [ 0, 6.85936, 0 ],
            "0.5": [ 0, -1.848174, 0 ],
            "0.6": [ 0, 0, 0 ]
          },
          "rotation": {
            "0": [ 0, 0, 0 ],
            "0.1333333": [ 7.615659, 0, 0 ],
            "0.2333333": [ -9.312476, -41.60378, 0 ],
            "0.3333333": [ -15.2692, -78.83007, 0 ],
            "0.4": [ 8.552342, -97.65083, 0 ],
            "0.5": [ 0, -105, 10.55959 ],
            "0.6": [ 0, -105, 0 ]
          },
          "scale": {
            "0": [ 1, 1, 1 ],
            "0.1333333": [ 1, 0.9233191, 1 ],
            "0.2333333": [ 1, 1, 1 ],
            "0.3333333": [ 1, 1, 1 ],
            "0.4": [ 1, 0.9605705, 1 ],
            "0.5": [ 1, 0.8479149, 1 ],
            "0.6": [ 1, 1, 1 ]
          }
        }
      }
    }
  }
}