{
  "format_version": "1.8.0",
  "animations": {
    "animation.sheep_tappable_tap_7": {
      "loop": false,
      "bones": {
        "head": {
          "position": {
            "0": [ 0, 0, 0 ],
            "0.1333333": [ 0, 0, 0 ],
            "0.2666667": [ 0, 0, 0 ],
            "0.4": [ 0, 0, 0 ],
            "0.5": [ 0, 0, 0 ],
            "0.6333333": [ 0, 0, 0 ]
          },
          "rotation": {
            "0": [ -12.277, 0, 0 ],
            "0.1333333": [ 0, 0, 0 ],
            "0.2666667": [ 17.19687, 0, 0 ],
            "0.4": [ -14.23522, 0, 0 ],
            "0.5": [ 26.98581, 0, 0 ],
            "0.6333333": [ 0, 0, 0 ]
          },
          "scale": {
            "0": [ 1, 1, 1 ],
            "0.1333333": [ 1, 1, 1 ],
            "0.2666667": [ 1, 1, 1 ],
            "0.4": [ 1, 1, 1 ],
            "0.5": [ 1, 1, 1 ],
            "0.6333333": [ 1, 1, 1 ]
          }
        },
        "leg0": {
          "position": {
            "0": [ 0, 0, 0 ],
            "0.1333333": [ 0, 0, 0 ],
            "0.2": [ 0, 0, 0 ],
            "0.3333333": [ 0, 1.172407, 0.1401446 ],
            "0.4666667": [ 0, 0, 0 ],
            "0.6666667": [ 0, 0, 0 ]
          },
          "rotation": {
            "0": [ 0, 0, 0 ],
            "0.1333333": [ 0, 0, 0 ],
            "0.2": [ 0, 0, 0 ],
            "0.3333333": [ -6.816553, 0, 0 ],
            "0.4666667": [ 0, 0, 0 ],
            "0.6666667": [ 0, 0, 0 ]
          },
          "scale": {
            "0": [ 1, 1, 1 ],
            "0.1333333": [ 1, 1, 1 ],
            "0.2": [ 1, 1, 1 ],
            "0.3333333": [ 1, 1, 1 ],
            "0.4666667": [ 1, 1, 1 ],
            "0.6666667": [ 1, 1, 1 ]
          }
        },
        "leg1": {
          "position": {
            "0": [ 0, 0, 0 ],
            "0.1333333": [ 0, 0, 0 ],
            "0.2": [ 0, 0, 0 ],
            "0.3333333": [ 0, 1.172407, 0.1401446 ],
            "0.4666667": [ 0, 0, 0 ],
            "0.6666667": [ 0, 0, 0 ]
          },
          "rotation": {
            "0": [ 0, 0, 0 ],
            "0.1333333": [ 0, 0, 0 ],
            "0.2": [ 0, 0, 0 ],
            "0.3333333": [ -6.816553, 0, 0 ],
            "0.4666667": [ 0, 0, 0 ],
            "0.6666667": [ 0, 0, 0 ]
          },
          "scale": {
            "0": [ 1, 1, 1 ],
            "0.1333333": [ 1, 1, 1 ],
            "0.2": [ 1, 1, 1 ],
            "0.3333333": [ 1, 1, 1 ],
            "0.4666667": [ 1, 1, 1 ],
            "0.6666667": [ 1, 1, 1 ]
          }
        },
        "leg2": {
          "position": {
            "0": [ 0, 0, 0 ],
            "0.1333333": [ 0, 0, 0 ],
            "0.2": [ 0, 0, 0 ],
            "0.3333333": [ 0, 1.162784, -0.2052128 ],
            "0.4666667": [ 0, 0, 0 ],
            "0.6666667": [ 0, 0, 0 ]
          },
          "rotation": {
            "0": [ 0, 0, 0 ],
            "0.1333333": [ 0, 0, 0 ],
            "0.2": [ 0, 0, 0 ],
            "0.3333333": [ -43.06191, 0, 15.20257 ],
            "0.4666667": [ 0, 0, 0 ],
            "0.6666667": [ 0, 0, 0 ]
          },
          "scale": {
            "0": [ 1, 1, 1 ],
            "0.1333333": [ 1, 1, 1 ],
            "0.2": [ 1, 1, 1 ],
            "0.3333333": [ 1, 1, 1 ],
            "0.4666667": [ 1, 1, 1 ],
            "0.6666667": [ 1, 1, 1 ]
          }
        },
        "leg3": {
          "position": {
            "0": [ 0, 0, 0 ],
            "0.1333333": [ 0, 0, 0 ],
            "0.2": [ 0, 0, 0 ],
            "0.3333333": [ 0, 1.162784, -0.2052128 ],
            "0.4666667": [ 0, 0, 0 ],
            "0.6666667": [ 0, 0, 0 ]
          },
          "rotation": {
            "0": [ 0, 0, 0 ],
            "0.1333333": [ 0, 0, 0 ],
            "0.2": [ 0, 0, 0 ],
            "0.3333333": [ -32.21973, 0, 0 ],
            "0.4666667": [ 0, 0, 0 ],
            "0.6666667": [ 0, 0, 0 ]
          },
          "scale": {
            "0": [ 1, 1, 1 ],
            "0.1333333": [ 1, 1, 1 ],
            "0.2": [ 1, 1, 1 ],
            "0.3333333": [ 1, 1, 1 ],
            "0.4666667": [ 1, 1, 1 ],
            "0.6666667": [ 1, 1, 1 ]
          }
        },
        "body": {
          "position": {
            "0": [ 0, 0, 0 ],
            "0.1333333": [ 0, -3.683939, 0 ],
            "0.2333333": [ 0, 12.26639, 0 ],
            "0.3333333": [ 0, 14.34413, 0 ],
            "0.4333333": [ 0, -2.558882, 0 ],
            "0.5333334": [ 0, 0, 0 ],
            "0.6666667": [ 0, 0, 0 ]
          },
          "rotation": {
            "0": [ 0, -105, 0 ],
            "0.1333333": [ 0, -105, 0 ],
            "0.2333333": [ 0, -87.30672, 0 ],
            "0.3333333": [ 4.870701, -50.15081, 0 ],
            "0.4333333": [ 6.392244, 0, 0 ],
            "0.5333334": [ 0, 0, 0 ],
            "0.6666667": [ 0, 0, 0 ]
          },
          "scale": {
            "0": [ 1, 1, 1 ],
            "0.1333333": [ 1, 0.7584755, 1 ],
            "0.2333333": [ 1.119178, 1.180477, 1.119178 ],
            "0.3333333": [ 1, 1, 1 ],
            "0.4333333": [ 1, 0.8356838, 1 ],
            "0.5333334": [ 1, 1, 1 ],
            "0.6666667": [ 1, 1, 1 ]
          }
        }
      }
    }
  }
}