{
  "format_version": "1.8.0",
  "animations": {
    "animation.chicken_tappable_tap_5": {
      "loop": false,
      "bones": {
        "comb": {
          "position": {
            "0.2666667": [ 0, 0, 0 ],
            "0.4": [ 0, -0.3962747, -1.388028 ],
            "0.5": [ 0, 0.2041964, -0.05322357 ],
            "0.6333333": [ 0, 0.13825, -0.6005748 ],
            "0.7666667": [ 0, -0.2372942, -0.8347339 ],
            "0.8666667": [ 0, 0.6186255, 0.03774801 ],
            "0.9666666": [ 0, 0.2534862, -1.074739 ],
            "1.1": [ 0, 0, 0 ]
          },
          "rotation": {
            "0.2666667": [ 0, 0, 0 ],
            "0.4": [ -25.30477, 0, 0 ],
            "0.5": [ 1.822398, 0, 0 ],
            "0.6333333": [ -7.458087, 0, 0 ],
            "0.7666667": [ -17.79369, 0, 0 ],
            "0.8666667": [ 6.284014, 0, 0 ],
            "0.9666666": [ -4.867856, 0, 0 ],
            "1.1": [ 0, 0, 0 ]
          },
          "scale": {
            "0.2666667": [ 1, 1, 1 ],
            "0.4": [ 1, 1, 1 ],
            "0.5": [ 1, 1, 1 ],
            "0.6333333": [ 1, 1, 1 ],
            "0.7666667": [ 1, 1, 1 ],
            "0.8666667": [ 1, 1, 1 ],
            "0.9666666": [ 1, 1, 1 ],
            "1.1": [ 1, 1, 1 ]
          }
        },
        "head": {
          "position": {
            "0.2": [ 0, -0.5592728, 0.05852706 ],
            "0.3": [ 0, 0.6932895, -0.08458045 ],
            "0.4333333": [ 0, 0, 0 ],
            "0.5333334": [ 0, -0.8260254, 0.03758273 ],
            "0.7333333": [ 0, 0, 0 ],
            "0.8": [ 0, 0, 0 ],
            "0.9": [ 0, 0, 0 ],
            "1": [ 0, 0, 0 ],
            "1.133333": [ 0, 0, 0 ]
          },
          "rotation": {
            "0.2": [ 27.00144, 0, 0 ],
            "0.3": [ 0.0766196, 0, 0 ],
            "0.4333333": [ -12.55259, 0, 0 ],
            "0.5333334": [ 11.88403, 0, 0 ],
            "0.7333333": [ -14.35304, 0, 0 ],
            "0.8": [ -6.848893, 0, 0 ],
            "0.9": [ 15.0421, 0, 0 ],
            "1": [ 0, 0, 0 ],
            "1.133333": [ 0, 0, 0 ]
          },
          "scale": {
            "0.3": [ 1, 1, 1 ],
            "0.4333333": [ 1, 1, 1 ],
            "0.7333333": [ 1, 1, 1 ],
            "0.8": [ 1, 1, 1 ],
            "0.9": [ 1, 1, 1 ],
            "1": [ 1, 1, 1 ],
            "1.133333": [ 1, 1, 1 ]
          }
        },
        "leg0": {
          "position": {
            "0.1333333": [ 0, 0, 0 ],
            "0.3": [ 0, 0, 0 ],
            "0.3666667": [ 0, 0, 0 ],
            "0.5": [ 0, 0, 0 ],
            "0.8": [ 0, 0, 0 ],
            "1.133333": [ 0, 0, 0 ]
          },
          "rotation": {
            "0.1333333": [ 0, 0, 0 ],
            "0.3": [ 11.72295, 0, 0 ],
            "0.3666667": [ 15.2868, 0, 0 ],
            "0.5": [ 20.10537, 0, 0 ],
            "0.8": [ 0, 0, 0 ],
            "1.133333": [ 0, 0, 0 ]
          },
          "scale": {
            "0.1333333": [ 1, 1, 1 ],
            "0.3": [ 1, 1, 1 ],
            "0.3666667": [ 1, 1, 1 ],
            "0.5": [ 1, 1, 1 ],
            "0.8": [ 1, 1, 1 ],
            "1.133333": [ 1, 1, 1 ]
          }
        },
        "leg1": {
          "position": {
            "0.1333333": [ 0, 0, 0 ],
            "0.3": [ 0, 0, 0 ],
            "0.3666667": [ 0, 0, 0 ],
            "0.5": [ 0, 0, 0 ],
            "0.8": [ 0, 0, 0 ],
            "1.133333": [ 0, 0, 0 ]
          },
          "rotation": {
            "0.1333333": [ 0, 0, 0 ],
            "0.3": [ 11.72295, 0, 0 ],
            "0.3666667": [ 21.92606, 0, 0 ],
            "0.5": [ 35.37101, 0, 0 ],
            "0.8": [ 0, 0, 0 ],
            "1.133333": [ 0, 0, 0 ]
          },
          "scale": {
            "0.1333333": [ 1, 1, 1 ],
            "0.3": [ 1, 1, 1 ],
            "0.3666667": [ 1, 1, 1 ],
            "0.5": [ 1, 1, 1 ],
            "0.8": [ 1, 1, 1 ],
            "1.133333": [ 1, 1, 1 ]
          }
        },
        "wing0": {
          "position": {
            "0.06666667": [ 0, 0, 0 ],
            "0.1333333": [ 0, 0, 0 ],
            "0.2": [ 0, 0, 0 ],
            "0.3": [ 0, 0, 0 ],
            "0.3666667": [ 0, 0, 0 ],
            "0.4666667": [ 0, 0, 0 ],
            "0.7333333": [ 0, 0, 0 ],
            "1.133333": [ 0, 0, 0 ]
          },
          "rotation": {
            "0.06666667": [ 0, 0, 122.0763 ],
            "0.1333333": [ 9.021007, 36.23979, 97.5733 ],
            "0.2": [ -17.11018, 2.697007, 0 ],
            "0.3": [ 29.25011, 0, 122.8294 ],
            "0.3666667": [ 24.01785, 0, 145.9557 ],
            "0.4666667": [ -18.19992, 0, 0 ],
            "0.7333333": [ 24.01785, 0, 145.9557 ],
            "0.8666667": [ 2.434918, 0, 0 ],
            "0.9333333": [ -5.119105, 0, 0 ],
            "1.133333": [ -5.119105, 0, 0 ]
          },
          "scale": {
            "0.06666667": [ 1, 1, 1 ],
            "0.1333333": [ 1, 1, 1 ],
            "0.2": [ 1, 1, 1 ],
            "0.3": [ 1, 1, 1 ],
            "0.3666667": [ 1, 1, 1 ],
            "0.4666667": [ 1, 1, 1 ],
            "0.7333333": [ 1, 1, 1 ],
            "1.133333": [ 1, 1, 1 ]
          }
        },
        "wing1": {
          "position": {
            "0.06666667": [ 0, 0, 0 ],
            "0.1333333": [ 0, 0, 0 ],
            "0.2": [ 0, 0, 0 ],
            "0.2666667": [ 0, 0, 0 ],
            "0.3666667": [ 0, 0, 0 ],
            "0.4666667": [ 0, 0, 0 ],
            "0.7333333": [ 0, 0, 0 ],
            "1.133333": [ 0, 0, 0 ]
          },
          "rotation": {
            "0.06666667": [ 0, 0, -121.4638 ],
            "0.1333333": [ 0, -36.605, -75.90973 ],
            "0.2": [ -18.94897, -2.848246, 0 ],
            "0.2666667": [ 0, 0, -116.9636 ],
            "0.3": [ 29.25011, 0, -133.2096 ],
            "0.3666667": [ 24.01785, 0, -140.0501 ],
            "0.4666667": [ -18.19992, 0, 0 ],
            "0.7333333": [ 24.01785, 0, -140.0501 ],
            "0.8666667": [ 2.434918, 0, 0 ],
            "0.9333333": [ -5.119105, 0, 0 ],
            "1.133333": [ -5.119105, 0, 0 ]
          },
          "scale": {
            "0.06666667": [ 1, 1, 1 ],
            "0.1333333": [ 1, 1, 1 ],
            "0.2": [ 1, 1, 1 ],
            "0.2666667": [ 1, 1, 1 ],
            "0.3666667": [ 1, 1, 1 ],
            "0.4666667": [ 1, 1, 1 ],
            "0.7333333": [ 1, 1, 1 ],
            "1.133333": [ 1, 1, 1 ]
          }
        },
        "body": {
          "position": {
            "0.06666667": [ 0, -1.677525, 0.009747257 ],
            "0.1": [ 0, -1.471907, 0.009747257 ],
            "0.1333333": [ 0, -1.159487, 0.009747257 ],
            "0.2333333": [ 0, 7.558314, 0.0001378489 ],
            "0.3333333": [ 0, 8.301936, 0.01307269 ],
            "0.4333333": [ 0, 7.122531, 0.01262315 ],
            "0.5666667": [ 0, 14.9109, 0.01124248 ],
            "0.7666667": [ 0, 0.8608464, 0.009747257 ],
            "0.8333333": [ 0, -1.57961, 0.009747257 ],
            "0.8666667": [ 0, -0.7198049, 0.009747257 ],
            "0.9": [ 0, 0, 0.009747257 ],
            "1.133333": [ 0, 0, 0.009747257 ]
          },
          "rotation": {
            "0.06666667": [ 0, 0, 0 ],
            "0.1333333": [ 0, 0, 0 ],
            "0.2333333": [ -9.166408, 0, 0 ],
            "0.3333333": [ -6.555285, 0, 0 ],
            "0.4333333": [ -4.65213, 0, 0 ],
            "0.5666667": [ -2.288456, 0, 0 ],
            "0.7666667": [ 0, 0, 0 ],
            "0.8333333": [ 0, 0, 0 ],
            "0.9": [ 0, 0, 0 ],
            "1.133333": [ 0, 0, 0 ]
          },
          "scale": {
            "0.06666667": [ 1, 0.7864501, 1 ],
            "0.1333333": [ 1, 0.8441798, 1 ],
            "0.2333333": [ 1, 0.8993551, 1 ],
            "0.3333333": [ 1, 1.044191, 1 ],
            "0.4333333": [ 1, 0.9578508, 1 ],
            "0.5666667": [ 1, 0.9795162, 1 ],
            "0.7666667": [ 1, 1, 1 ],
            "0.8333333": [ 1, 0.8095213, 1 ],
            "0.9": [ 1, 1, 1 ],