{
  "format_version": "1.8.0",
  "animations": {
    "animation.chicken_tappable_idle": {
      "loop": true,
      "bones": {
        "head": {
          "position": {
            "0": [ 0, 0, 0 ]
          },
          "rotation": {
            "0": [ -2.913, 0, 0 ]
          },
          "scale": {
            "0": [ 1, 1, 1 ]
          }
        },
        "leg0": {
          "position": {
            "0": [ 0, 0, 0 ]
          },
          "rotation": {
            "0": [ 0, 0, 0 ]
          },
          "scale": {
            "0": [ 1, 1, 1 ]
          }
        },
        "leg1": {
          "position": {
            "0": [ 0, 0, 0 ]
          },
          "rotation": {
            "0": [ 0, 0, 0 ]
          },
          "scale": {
            "0": [ 1, 1, 1 ]
          }
        },
        "wing0": {
          "position": {
            "0": [ 0, 0, 0 ]
          },
          "rotation": {
            "0": [ 0, 0, 0 ]
          },
          "scale": {
            "0": [ 1, 1, 1 ]
          }
        },
        "wing1": {
          "position": {
            "0": [ 0, 0, 0 ]
          },
          "rotation": {
            "0": [ 0, 0, 0 ]
          },
          "scale": {
            "0": [ 1, 1, 1 ]
          }
        },
        "body": {
          "position": {
            "0": [ 0, 0, 0 ],
            "1.466667": [ 0, 0, 0 ],
            "1.633333": [ 0, 0, 0 ],
            "1.733333": [ 0, 2.890154, 0 ],
            "1.833333": [ 0, -0.347812, 0 ],
            "1.933333": [ 0, 1.159443, 0 ],
            "2.066667": [ 0, 0, 0 ],
            "2.233333": [ 0, 0, 0 ],
            "3.3": [ 0, 0, 0 ]
          },
          "rotation": {
            "0": [ 0, 0, 0 ],
            "1.466667": [ 0, 0, 0 ],
            "1.633333": [ 0, 0, 0 ],
            "1.733333": [ 0, 0, 0 ],
            "1.833333": [ 0, 0, 0 ],
            "1.933333": [ 0, 0, 0 ],
            "2.066667": [ 0, 0, 0 ],
            "2.233333": [ 0, 0, 0 ],
            "3.3": [ 0, 0, 0 ]
          },
          "scale": {
            "0": [ 1, 1, 1 ],
            "1.466667": [ 1.082, 1.082, 1.082 ],
            "1.633333": [ 1.082, 1.082, 1.082 ],
            "1.733333": [ 1.082, 1.082, 1.082 ],
            "1.833333": [ 1.082, 1.082, 1.082 ],
            "1.933333": [ 1.082, 1.082, 1.082 ],
            "2.066667": [ 1.082, 1.082, 1.082 ],
            "2.233333": [ 1.082, 1.082, 1.082 ],
            "3.3": [ 1, 1, 1 ]
          }
        }
      }
    }
  }
}