{
  "format_version": "1.8.0",
  "animations": {
    "animation.chicken_tappable_tap_4": {
      "loop": false,
      "bones": {
        "comb": {
          "position": {
            "0.2333333": [ 0, 0, 0 ],
            "0.3666667": [ 0.03739733, -0.1446338, -0.9402884 ],
            "0.5": [ 0.03739733, 0.8201786, 0.3838021 ],
            "0.6333333": [ 0.03739733, 0.8201786, -0.6425791 ],
            "0.7333333": [ 0, 0, 0 ]
          },
          "rotation": {
            "0.2333333": [ 0, 0, 0 ],
            "0.3666667": [ -16.81741, 0, 0 ],
            "0.5": [ 17.67455, 0, 0 ],
            "0.6333333": [ -3.044371, 0, 0 ],
            "0.7333333": [ 0, 0, 0 ]
          },
          "scale": {
            "0.2333333": [ 1, 1, 1 ],
            "0.3666667": [ 1, 1, 1 ],
            "0.5": [ 1, 1, 1 ],
            "0.6333333": [ 1, 1, 1 ],
            "0.7333333": [ 1, 1, 1 ]
          }
        },
        "head": {
          "position": {
            "0.3": [ 0, 0, 0 ],
            "0.4333333": [ 0, 0, 0 ],
            "0.5": [ 0, 0, 0 ],
            "0.6333333": [ 0, 0, 0 ],
            "0.8": [ 0, 0, 0 ]
          },
          "rotation": {
            "0.3": [ 0, 0, 0 ],
            "0.4333333": [ 0, 0, 0 ],
            "0.5": [ 15.0421, 0, 0 ],
            "0.6333333": [ 1.53526, 0, 0 ],
            "0.8": [ 0, 0, 0 ]
          },
          "scale": {
            "0.3": [ 1, 1, 1 ],
            "0.4333333": [ 1, 1, 1 ],
            "0.5": [ 1, 1, 1 ],
            "0.6333333": [ 1, 1, 1 ],
            "0.8": [ 1, 1, 1 ]
          }
        },
        "leg0": {
          "position": {
            "0.1333333": [ 0, 0, 0 ],
            "0.3": [ 0, 0, 0 ],
            "0.3666667": [ 0, 0, 0 ],
            "0.5": [ 0, 0, 0 ]
          },
          "rotation": {
            "0.1333333": [ 0, 0, 0 ],
            "0.3": [ 11.72295, 0, 0 ],
            "0.3666667": [ 15.2868, 0, 0 ],
            "0.5": [ 0, 0, 0 ]
          },
          "scale": {
            "0.1333333": [ 1, 1, 1 ],
            "0.3": [ 1, 1, 1 ],
            "0.3666667": [ 1, 1, 1 ],
            "0.5": [ 1, 1, 1 ]
          }
        },
        "leg1": {
          "position": {
            "0.1333333": [ 0, 0, 0 ],
            "0.3": [ 0, 0, 0 ],
            "0.3666667": [ 0, 0, 0 ],
            "0.5": [ 0, 0, 0 ]
          },
          "rotation": {
            "0.1333333": [ 0, 0, 0 ],
            "0.3": [ 11.72295, 0, 0 ],
            "0.3666667": [ 21.92606, 0, 0 ],
            "0.5": [ 0, 0, 0 ]
          },
          "scale": {
            "0.1333333": [ 1, 1, 1 ],
            "0.3": [ 1, 1, 1 ],
            "0.3666667": [ 1, 1, 1 ],
            "0.5": [ 1, 1, 1 ]
          }
        },
        "wing0": {
          "position": {
            "0.06666667": [ 0, 0, 0 ],
            "0.1333333": [ 0, 0, 0 ],
            "0.2": [ 0, 0, 0 ],
            "0.3": [ 0, 0, 0 ],
            "0.3666667": [ 0, 0, 0 ],
            "0.4333333": [ 0, 0, 0 ],
            "0.8": [ 0, 0, 0 ]
          },
          "rotation": {
            "0.06666667": [ 0, 0, 122.0763 ],
            "0.1333333": [ 9.021007, 36.23979, 97.5733 ],
            "0.2": [ -17.11018, 2.697007, 0 ],
            "0.3": [ 29.25011, 0, 122.8294 ],
            "0.3666667": [ 24.01785, 0, 145.9557 ],
            "0.4333333": [ 24.01785, 0, 145.9557 ],
            "0.5666667": [ 2.434918, 0, 0 ],
            "0.6333333": [ -5.119105, 0, 0 ],
            "0.8": [ 0, 0, 0 ]
          },
          "scale": {
            "0.06666667": [ 1, 1, 1 ],
            "0.1333333": [ 1, 1, 1 ],
            "0.2": [ 1, 1, 1 ],
            "0.3": [ 1, 1, 1 ],
            "0.3666667": [ 1, 1, 1 ],
            "0.4333333": [ 1, 1, 1 ],
            "0.8": [ 1, 1, 1 ]
          }
        },
        "wing1": {
          "position": {
            "0.06666667": [ 0, 0, 0 ],
            "0.1333333": [ 0, 0, 0 ],
            "0.2": [ 0, 0, 0 ],
            "0.2666667": [ 0, 0, 0 ],
            "0.3666667": [ 0, 0, 0 ],
            "0.4333333": [ 0, 0, 0 ],
            "0.8": [ 0, 0, 0 ]
          },
          "rotation": {
            "0.06666667": [ 0, 0, -121.4638 ],
            "0.1333333": [ 0, -36.605, -75.90973 ],
            "0.2": [ -18.94897, -2.848246, 0 ],
            "0.2666667": [ 0, 0, -116.9636 ],
            "0.3": [ 29.25011, 0, -133.2096 ],
            "0.3666667": [ 24.01785, 0, -140.0501 ],
            "0.4333333": [ 24.01785, 0, -140.0501 ],
            "0.5666667": [ 2.434918, 0, 0 ],
            "0.6333333": [ -5.119105, 0, 0 ],
            "0.8": [ 0, 0, 0 ]
          },
          "scale": {
            "0.06666667": [ 1, 1, 1 ],
            "0.1333333": [ 1, 1, 1 ],
            "0.2": [ 1, 1, 1 ],
            "0.2666667": [ 1, 1, 1 ],
            "0.3666667": [ 1, 1, 1 ],
            "0.4333333": [ 1, 1, 1 ],
            "0.8": [ 1, 1, 1 ]
          }
        },
        "body": {
          "position": {
            "0.06666667": [ 0, -1.677525, 0.009747257 ],
            "0.1333333": [ 0, -1.159487, 0.009747257 ],
            "0.2333333": [ 0, 5.498287, 0.009747257 ],
            "0.3666667": [ 0, 6.404547, 0.009747257 ],
            "0.4333333": [ 0, 0.8608464, 0.009747257 ],
            "0.5": [ 0, -1.57961, 0.009747257 ],
            "0.5666667": [ 0, 0, 0.009747257 ],
            "0.8": [ 0, 0, 0.009747257 ]
          },
          "rotation": {
            "0.06666667": [ 0, 0, 0 ],
            "0.1333333": [ 0, 0, 0 ],
            "0.2333333": [ -3.441759, 0, 0 ],
            "0.3666667": [ -8.744617, 0, 0 ],
            "0.4333333": [ 0, 0, 0 ],
            "0.5": [ 0, 0, 0 ],
            "0.5666667": [ 0, 0, 0 ],
            "0.8": [ 0, 0, 0 ]
          },
          "scale": {
            "0.06666667": [ 1, 0.7864501, 1 ],
            "0.1333333": [ 1, 0.8441798, 1 ],
            "0.2333333": [ 1, 1.077115, 1 ],
            "0.3666667": [ 1.063361, 1.063361, 1.063361 ],
            "0.4333333": [ 1, 1, 1 ],
            "0.5": [ 1, 0.8095213, 1 ],
            "0.5666667": [ 1, 1, 1 ],
            "0.8": [ 1, 1, 1 ]
          }
        }
      }
    }
  }
}