{
  "format_version": "1.8.0",
  "animations": {
    "animation.chicken_tappable_tap_7": {
      "loop": false,
      "bones": {
        "comb": {
          "position": {
            "0.06666667": [ 0, 0, 0 ],
            "0.2": [ 0.8335166, 0.2568661, -0.4167666 ],
            "0.3": [ -0.3910875, 0.5180063, -0.3808826 ],
            "0.4": [ 0.5228331, 0.3308316, -0.1535087 ],
            "0.5": [ 0.01146873, -0.04047173, -1.280331 ],
            "0.6333333": [ 0.02228826, 1.161153, 0.270324 ],
            "0.7333333": [ 0, 0, 0 ],
            "0.8666667": [ 0, -0.0859945, -0.8310286 ],
            "0.9333333": [ 0, -0.1370504, -1.32442 ],
            "1.033333": [ 0, 1.182031, 0.2660586 ],
            "1.133333": [ 0, -0.4871061, -0.7344474 ],
            "1.233333": [ 0, 0.7033005, 0.05064926 ],
            "1.333333": [ 0, 0, 0 ]
          },
          "rotation": {
            "0.06666667": [ 0, 0, 0 ],
            "0.2": [ 0, 0, -21.63227 ],
            "0.3": [ 0, 0, 21.07731 ],
            "0.4": [ 0, 0, -21.80384 ],
            "0.5": [ -16.5726, 0, 0 ],
            "0.6333333": [ 23.88976, 0, 0 ],
            "0.7333333": [ 0, 0, 0 ],
            "0.8666667": [ -13.68178, 0, 0 ],
            "0.9333333": [ -23.5517, 0, 0 ],
            "1.033333": [ 19.43647, 0, 0 ],
            "1.133333": [ -12.21898, 0, 0 ],
            "1.233333": [ 5.804574, 0, 0 ],
            "1.333333": [ 0, 0, 0 ]
          },
          "scale": {
            "0.06666667": [ 1, 1, 1 ],
            "0.2": [ 1, 1, 1 ],
            "0.3": [ 1, 1, 1 ],
            "0.4": [ 1, 1, 1 ],
            "0.5": [ 1, 1, 1 ],
            "0.6333333": [ 1, 1, 1 ],
            "0.7333333": [ 1, 1, 1 ],
            "0.9333333": [ 1, 1, 1 ],
            "1.033333": [ 1, 1, 1 ],
            "1.133333": [ 1, 1, 1 ],
            "1.233333": [ 1, 1, 1 ],
            "1.333333": [ 1, 1, 1 ]
          }
        },
        "head": {
          "position": {
            "0.03333334": [ 0, 0, 0 ],
            "0.1": [ 0, 0, 0 ],
            "0.2": [ 0, 1.017242, 0 ],
            "0.3": [ 0, 0.6953802, 0 ],
            "0.4666667": [ 0, 0, 0 ],
            "0.7333333": [ 0, 0, 0 ],
            "0.9666666": [ 0, 0, 0 ],
            "1.1": [ 0, 0, 0 ],
            "1.2": [ 0, 0, 0 ]
          },
          "rotation": {
            "0.03333334": [ 0, 0, 0 ],
            "0.1": [ 0, 0, 0 ],
            "0.2": [ 0, 0, 15.91212 ],
            "0.3": [ 0, 0, -11.52402 ],
            "0.4666667": [ -6.895787, 0, 0 ],
            "0.6": [ -11.8283, 0, 0 ],
            "0.7333333": [ 0, 0, 0 ],
            "0.8333333": [ -5.907916, 0, 0 ],
            "0.9666666": [ -5.907916, 0, 0 ],
            "1.1": [ 32.52606, 0, 0 ],
            "1.2": [ 0, 0, 0 ]
          },
          "scale": {
            "0.03333334": [ 1, 1, 1 ],
            "0.1": [ 1, 1, 1 ],
            "0.2": [ 1, 1, 1 ],
            "0.3": [ 1, 1, 1 ],
            "0.7333333": [ 1, 1, 1 ],
            "0.9666666": [ 1, 1, 1 ],
            "1.1": [ 1, 1, 1 ],
            "1.2": [ 1, 1, 1 ]
          }
        },
        "leg0": {
          "position": {
            "0.03333334": [ 0, 0, 0 ],
            "0.1": [ 0, 0, 0 ],
            "0.2": [ 0, 0, 0 ],
            "0.5": [ 0, 0, 0 ],
            "0.8": [ 0, 0, 0 ]
          },
          "rotation": {
            "0.03333334": [ 0, 0, 0 ],
            "0.1": [ 0, 0, 0 ],
            "0.2": [ 0, 0, 0 ],
            "0.5": [ 0.493016, 0, 0 ],
            "0.6666667": [ 11.81091, 0, 0 ],
            "0.8": [ 0, 0, 0 ]
          },
          "scale": {
            "0.03333334": [ 1, 1, 1 ],
            "0.1": [ 1, 1, 1 ],
            "0.2": [ 1, 1, 1 ],
            "0.5": [ 1, 1, 1 ],
            "0.8": [ 1, 1, 1 ]
          }
        },
        "leg1": {
          "position": {
            "0.03333334": [ 0, 0, 0 ],
            "0.1": [ 0, 0, 0 ],
            "0.2": [ 0, 0, 0 ],
            "0.3666667": [ 0, 0, 0 ],
            "0.5": [ 0, 0, 0 ],
            "0.6666667": [ 0, 0, 0 ]
          },
          "rotation": {
            "0.03333334": [ 0, 0, 0 ],
            "0.1": [ 0, 0, 0 ],
            "0.2": [ 26.20236, 0, -26.32791 ],
            "0.3666667": [ 0, 0, 0 ],
            "0.5": [ 11.75116, 0, 0 ],
            "0.6666667": [ 0, 0, 0 ]
          },
          "scale": {
            "0.03333334": [ 1, 1, 1 ],
            "0.1": [ 1, 1, 1 ],
            "0.2": [ 1, 1, 1 ],
            "0.3666667": [ 1, 1, 1 ],
            "0.5": [ 1, 1, 1 ],
            "0.6666667": [ 1, 1, 1 ]
          }
        },
        "wing0": {
          "position": {
            "0.03333334": [ 0, 0, 0 ],
            "0.1": [ 0, 0, 0 ],
            "0.2": [ 0, 0, 0 ],
            "0.4333333": [ 0, 0, 0 ],
            "0.5333334": [ 0, 0, 0 ],
            "0.6333333": [ 0, 0, 0 ],
            "0.8": [ 0, 0, 0 ],
            "0.9": [ 0, 0, 0 ],
            "1.1": [ 0, 0, 0 ]
          },
          "rotation": {
            "0.03333334": [ -5.119105, 0, 0 ],
            "0.1": [ -5.119105, 0, 0 ],
            "0.2": [ 24.02559, 21.66822, 146.5995 ],
            "0.3333333": [ -10.93777, 0, 0 ],
            "0.4333333": [ 23.19683, 8.385519, 164.0592 ],
            "0.5333334": [ 0, 0, 0 ],
            "0.6333333": [ -11.85913, 15.45535, 130.0231 ],
            "0.8": [ 0, 0, 0 ],
            "0.9": [ -11.85913, 15.45535, 143.7344 ],
            "1.1": [ 0, 0, 0 ]
          },
          "scale": {
            "0.03333334": [ 1, 1, 1 ],
            "0.1": [ 1, 1, 1 ],
            "0.2": [ 1, 1, 1 ],
            "0.4333333": [ 1, 1, 1 ],
            "0.5333334": [ 1, 1, 1 ],
            "0.6333333": [ 1, 1, 1 ],
            "0.8": [ 1, 1, 1 ],
            "0.9": [ 1, 1, 1 ],
            "1.1": [ 1, 1, 1 ]
          }
        },
        "wing1": {
          "position": {
            "0.03333334": [ 0, 0, 0 ],
            "0.1": [ 0, 0, 0 ],
            "0.2": [ 0, 0, 0 ],
            "0.4333333": [ 0, 0, 0 ],
            "0.5333334": [ 0, 0, 0 ],
            "0.6333333": [ 0, 0, 0 ],
            "0.9": [ 0, 0, 0 ],
            "1.1": [ 0, 0, 0 ]
          },
          "rotation": {
            "0.03333334": [ -5.119105, 0, 0 ],
            "0.1": [ -5.119105, 0, 0 ],
            "0.2": [ -2.217256, -29.76892, -139.8561 ],
            "0.3333333": [ 9.814015, 0, 0 ],
            "0.4333333": [ 6.413832, -27.15693, -152.0008 ],
            "0.5333334": [ 0, 0, 0 ],
            "0.6333333": [ 6.413832, -27.15693, -122.9139 ],
            "0.8": [ 0, 0, 0 ],
            "0.9": [ 6.413832, -27.15693, -135.7404 ],
            "1.1": [ 0, 0, 0 ]
          },
          "scale": {
            "0.03333334": [ 1, 1, 1 ],
            "0.1": [ 1, 1, 1 ],
            "0.2": [ 1, 1, 1 ],
            "0.4333333": [ 1, 1, 1 ],
            "0.5333334": [ 1, 1, 1 ],
            "0.6333333": [ 1, 1, 1 ],
            "0.9": [ 1, 1, 1 ],
            "1.1": [ 1, 1, 1 ]
          }
        },
        "body": {
          "position": {
            "0.03333334": [ 0, 0, 0.009747257 ],
            "0.1": [ 0, -1.156576, 0.009747257 ],
            "0.2": [ -1.147552, -0.5397229, 0.5999092 ],
            "0.2666667": [ -0.1158935, 5.039746, 0.009747257 ],
            "0.3666667": [ 0, 8.246084, 0.009747257 ],
            "0.4666667": [ 0, 9.782044, 0.009747257 ],
            "0.5666667": [ 0, 7.966743, 0.009747257 ],
            "0.6666667": [ 0, 7.72067, 0.009747257 ],
            "0.7333333": [ 0, 7.892587, 0.009747257 ],
            "0.8333333": [ 0, 8.20907, 0.009747257 ],
            "0.9333333": [ 0, 0.1397828, 0.009747257 ],
            "1": [ 0, -1.408838, 0.009747257 ],
            "1.033333": [ 0, -1.730773, 0.009747257 ],
            "1.133333": [ 0, 0, 0.009747257 ]
          },
          "rotation": {
            "0.03333334": [ 0, -76.37053, 0 ],
            "0.1": [ 0, -76.37053, 0 ],
            "0.2": [ 2.224456, -31.04138, 0.1720165 ],
            "0.2666667": [ 7.162771, 0, -3.890224 ],