{
  "format_version": "1.8.0",
  "animations": {
    "animation.chicken_tappable_tap_1": {
      "loop": false,
      "bones": {
        "comb": {
          "position": {
            "0.03333334": [ 0, 0, 0 ],
            "0.1333333": [ 0, -0.3269737, -0.8662811 ],
            "0.2333333": [ 0, 0.4210212, -0.8511889 ],
            "0.3333333": [ 0, 0.4108559, -0.3144288 ],
            "0.4": [ 0, 0.395075, 0.5188515 ],
            "0.4666667": [ 0, 0, -0.3793385 ],
            "0.5333334": [ 0, 0, 0 ]
          },
          "rotation": {
            "0.03333334": [ 0, 0, 0 ],
            "0.1333333": [ -12.80159, 0, 0 ],
            "0.2333333": [ -1.898711, 0, 0 ],
            "0.3333333": [ 0.3736836, 0, 0 ],
            "0.4": [ 6.722658, 0, 0 ],
            "0.4666667": [ -2.564696, 0, 0 ],
            "0.5333334": [ 0, 0, 0 ]
          },
          "scale": {
            "0.03333334": [ 1, 1, 1 ],
            "0.1333333": [ 1, 1, 1 ],
            "0.2333333": [ 1, 1, 1 ],
            "0.3333333": [ 1, 1, 1 ],
            "0.4": [ 1, 1, 1 ],
            "0.4666667": [ 1, 1, 1 ],
            "0.5333334": [ 1, 1, 1 ]
          }
        },
        "head": {
          "position": {
            "0.03333334": [ 0, 0, 0 ],
            "0.3": [ 0, 0.9089795, 0 ],
            "0.3333333": [ 0, 1.262445, 0 ],
            "0.3666667": [ 0, -0.6889305, 0 ],
            "0.4666667": [ 0, 0, 0 ]
          },
          "rotation": {
            "0.03333334": [ 25.10804, 0, 0 ],
            "0.1333333": [ -20.67878, 0, 0 ],
            "0.3": [ -11.48381, 0, 0 ],
            "0.3666667": [ 11.36489, 0, 0 ],
            "0.4666667": [ 0, 0, 0 ]
          },
          "scale": {
            "0.03333334": [ 1, 1, 1 ],
            "0.3": [ 1, 1, 1 ],
            "0.3666667": [ 1, 1, 1 ],
            "0.4666667": [ 1, 1, 1 ]
          }
        },
        "leg0": {
          "position": {
            "0.03333334": [ 0, 0, 0 ],
            "0.1": [ 0, 0, 0 ],
            "0.2666667": [ 0, 0, 0 ]
          },
          "rotation": {
            "0.03333334": [ 0, 0, 0 ],
            "0.1": [ -16.66448, 0, 0 ],
            "0.2666667": [ 0, 0, 0 ]
          },
          "scale": {
            "0.03333334": [ 1, 1, 1 ],
            "0.1": [ 1, 1.194741, 1 ],
            "0.2": [ 1, 1, 1 ],
            "0.2666667": [ 1, 1, 1 ]
          }
        },
        "leg1": {
          "position": {
            "0.03333334": [ 0, 0, 0 ],
            "0.1": [ 0, 0, 0 ],
            "0.3": [ 0, 0, 0 ]
          },
          "rotation": {
            "0.03333334": [ 0, 0, 0 ],
            "0.1": [ 32.31245, 0, 0 ],
            "0.3": [ 0, 0, 0 ]
          },
          "scale": {
            "0.03333334": [ 1, 1, 1 ],
            "0.1": [ 1, 1.194741, 1 ],
            "0.1666667": [ 1, 1, 1 ],
            "0.3": [ 1, 1, 1 ]
          }
        },
        "wing0": {
          "position": {
            "0.03333334": [ 0, 0, 0 ],
            "0.1": [ 0, 0, 0 ],
            "0.2333333": [ 0, 0, 0 ],
            "0.3": [ 0, 0, 0 ],
            "0.3666667": [ 0, 0, 0 ]
          },
          "rotation": {
            "0.03333334": [ 0, 0, 0 ],
            "0.1": [ 0, 0, 83.39076 ],
            "0.1666667": [ 0, 0, 149.617 ],
            "0.2333333": [ 0, 0, 159.15 ],
            "0.3": [ 0, 0, 149.6167 ],
            "0.3666667": [ 0, 0, 0 ]
          },
          "scale": {
            "0.03333334": [ 1, 1, 1 ],
            "0.1": [ 1, 1, 1 ],
            "0.2333333": [ 1, 1, 1 ],
            "0.3": [ 1, 1, 1 ],
            "0.3666667": [ 1, 1, 1 ]
          }
        },
        "wing1": {
          "position": {
            "0.03333334": [ 0, 0, 0 ],
            "0.1": [ 0, 0, 0 ],
            "0.2333333": [ 0, 0, 0 ],
            "0.3": [ 0, 0, 0 ],
            "0.3666667": [ 0, 0, 0 ]
          },
          "rotation": {
            "0.03333334": [ 0, 0, 0 ],
            "0.1": [ 0, 0, -86.84532 ],
            "0.1666667": [ 0, 0, -145.938 ],
            "0.2333333": [ 0, 0, -170.6368 ],
            "0.3": [ 0, 0, -145.9378 ],
            "0.3666667": [ 0, 0, 0 ]
          },
          "scale": {
            "0.03333334": [ 1, 1, 1 ],
            "0.1": [ 1, 1, 1 ],
            "0.2333333": [ 1, 1, 1 ],
            "0.3": [ 1, 1, 1 ],
            "0.3666667": [ 1, 1, 1 ]
          }
        },
        "body": {
          "position": {
            "0.03333334": [ 0, -1.949288, 0.009747257 ],
            "0.1333333": [ 0, 6.497893, 0.009747257 ],
            "0.2": [ 0, 7.519877, 0.009747257 ],
            "0.2666667": [ 0, 2.626913, 0.009747257 ],
            "0.3333333": [ 0, -1.329723, 0.009747257 ],
            "0.3666667": [ 0, -0.6647658, 0.009747257 ],
            "0.4": [ 0, 0, 0.009747257 ]
          },
          "rotation": {
            "0.03333334": [ 0, 0, 0 ],
            "0.1333333": [ 0, 0, 0 ],
            "0.2": [ 0, 0, 0 ],
            "0.2666667": [ 0, 0, 0 ],
            "0.3333333": [ 0, 0, 0 ],
            "0.4": [ 0, 0, 0 ]
          },
          "scale": {
            "0.03333334": [ 1, 0.7346779, 1 ],
            "0.1333333": [ 1.127661, 1.234524, 1.300613 ],
            "0.2": [ 1, 0.8775276, 1 ],
            "0.2666667": [ 1, 1, 1 ],
            "0.3333333": [ 1, 0.8385143, 1 ],
            "0.4": [ 1, 1, 1 ]
          }
        }
      }
    }
  }
}