{
  "format_version": "1.8.0",
  "animations": {
    "animation.chicken_tappable_award": {
      "loop": false,
      "bones": {
        "comb": {
          "position": {
            "0": [ 0, 0, 0 ],
            "0.03333334": [ 0, 0, 0 ],
            "0.06666667": [ 0, 0, 0 ],
            "0.1": [ 0, 0, 0 ],
            "0.1333333": [ 0, 0, 0 ],
            "0.1666667": [ 0, 0, 0 ],
            "0.2": [ 0, 0, 0 ],
            "0.2333333": [ 0, 0, 0 ],
            "0.2666667": [ 0, 0, 0 ],
            "0.3": [ 0, 0, 0 ],
            "0.3333333": [ 0, 0, 0 ],
            "0.3666667": [ 0, 0, 0 ],
            "0.4": [ 0, 0, 0 ]
          },
          "rotation": {
            "0": [ 0, 0, 0 ],
            "0.03333334": [ 0, 0, 0 ],
            "0.06666667": [ 0, 0, 0 ],
            "0.1": [ 0, 0, 0 ],
            "0.1333333": [ 0, 0, 0 ],
            "0.1666667": [ 0, 0, 0 ],
            "0.2": [ 0, 0, 0 ],
            "0.2333333": [ 0, 0, 0 ],
            "0.2666667": [ 0, 0, 0 ],
            "0.3": [ 0, 0, 0 ],
            "0.3333333": [ 0, 0, 0 ],
            "0.3666667": [ 0, 0, 0 ],
            "0.4": [ 0, 0, 0 ]
          },
          "scale": {
            "0": [ 1, 1, 1 ],
            "0.03333334": [ 1, 1, 1 ],
            "0.06666667": [ 1, 1, 1 ],
            "0.1": [ 1, 1, 1 ],
            "0.1333333": [ 1, 1, 1 ],
            "0.1666667": [ 1, 1, 1 ],
            "0.2": [ 1, 1, 1 ],
            "0.2333333": [ 1, 1, 1 ],
            "0.2666667": [ 1, 1, 1 ],
            "0.3": [ 1, 1, 1 ],
            "0.3333333": [ 1, 1, 1 ],
            "0.3666667": [ 1, 1, 1 ],
            "0.4": [ 1, 1, 1 ]
          }
        },
        "head": {
          "position": {
            "0": [ 0, 0, 0 ],
            "0.2": [ 0, 0, 0 ],
            "0.3333333": [ 0, 0, 0 ]
          },
          "rotation": {
            "0": [ -1.25728, 0, 0 ],
            "0.1": [ 39.01918, 0, 0 ],
            "0.2": [ 37.58135, 0, 0 ],
            "0.3333333": [ -14.74772, 0, 0 ],
            "0.3666667": [ -19.65193, 0, 0 ]
          },
          "scale": {
            "0.2": [ 1, 1, 1 ],
            "0.3333333": [ 1, 1, 1 ]
          }
        },
        "wing0": {
          "position": {
            "0": [ 0, 0, 0 ],
            "0.06666667": [ 0, 0, 0 ],
            "0.1333333": [ 0, 0, 0 ],
            "0.2": [ 1.009052, 0.2597068, 0 ],
            "0.2666667": [ 0, 0, 0 ],
            "0.3666667": [ 1.06535, 0.5167836, 0 ]
          },
          "rotation": {
            "0": [ 0, 0, 0 ],
            "0.06666667": [ -15.92934, -4.716053, 38.13145 ],
            "0.1333333": [ 0, 0, 0 ],
            "0.2": [ 0, 0, 120.4425 ],
            "0.2666667": [ 0, 0, 0 ],
            "0.3666667": [ 0, 0, 119.9341 ]
          },
          "scale": {
            "0": [ 1, 1, 1 ],
            "0.06666667": [ 1, 1, 1 ],
            "0.1333333": [ 1, 1, 1 ],
            "0.2666667": [ 1, 1, 1 ],
            "0.3666667": [ 1, 1, 1 ]
          }
        },
        "wing1": {
          "position": {
            "0": [ 0, 0, 0 ],
            "0.06666667": [ 0, 0, 0 ],
            "0.1333333": [ 0, 0, 0 ],
            "0.2": [ -0.9231218, 0.3112651, 0 ],
            "0.2666667": [ 0, 0, 0 ],
            "0.3666667": [ -1.261275, 1.132244, 0 ]
          },
          "rotation": {
            "0": [ 0, 0, 0 ],
            "0.06666667": [ -9.897001, 0.3360414, -36.34686 ],
            "0.1333333": [ 0, 0, 0 ],
            "0.2": [ 0, 0, -122.3336 ],
            "0.2666667": [ 0, 0, 0 ],
            "0.3666667": [ 0, 0, -106.5664 ]
          },
          "scale": {
            "0": [ 1, 1, 1 ],
            "0.06666667": [ 1, 1, 1 ],
            "0.1333333": [ 1, 1, 1 ],
            "0.2666667": [ 1, 1, 1 ],
            "0.3666667": [ 1, 1, 1 ]
          }
        },
        "body": {
          "position": {
            "0.03333334": [ 0, 0, 0 ],
            "0.1666667": [ 0, -1.015972, 0 ],
            "0.3333333": [ 27.06018, 23.91359, -27.06018 ],
            "0.4": [ 27.06018, 27.36775, -27.06018 ]
          },
          "rotation": {
            "0.03333334": [ 0, -45, 0 ],
            "0.4": [ 0, -45, 0 ]
          },
          "scale": {
            "0.03333334": [ 1, 1, 1 ],
            "0.1666667": [ 1, 0.8508865, 1 ],
            "0.4": [ 1, 1, 1 ]
          }
        }
      }
    }
  }
}