{
  "format_version": "1.8.0",
  "animations": {
    "animation.chicken_tappable_tap_3": {
      "loop": false,
      "bones": {
        "comb": {
          "position": {
            "0.1333333": [ 0, 0, 0 ],
            "0.4": [ -1.128412, 0.7807965, -0.4204738 ],
            "0.5333334": [ 0.6823651, 0.2710938, -0.3647833 ],
            "0.6333333": [ 0.813677, 0.8779019, -0.3754733 ],
            "0.7333333": [ -0.07575508, 0.5689778, -0.3029206 ],
            "0.8": [ 0, 0, 0 ]
          },
          "rotation": {
            "0.1333333": [ 0, 0, 0 ],
            "0.4": [ 0, 0, 33.7815 ],
            "0.5333334": [ 0, 0, -8.450634 ],
            "0.6333333": [ 0, 0, -27.0653 ],
            "0.7333333": [ 0, 0, 12.51944 ],
            "0.8": [ 0, 0, 0 ]
          },
          "scale": {
            "0.1333333": [ 1, 1, 1 ],
            "0.4": [ 1, 1, 1 ],
            "0.5333334": [ 1, 1, 1 ],
            "0.6333333": [ 1, 1, 1 ],
            "0.7333333": [ 1, 1, 1 ],
            "0.8": [ 1, 1, 1 ]
          }
        },
        "head": {
          "position": {
            "0": [ 0, 0, 0 ],
            "0.3": [ 0, 0, 0 ],
            "0.4": [ 0, 0, 0 ],
            "0.5": [ 0, 0, 0 ],
            "0.7": [ 0, 0, 0 ]
          },
          "rotation": {
            "0": [ 0, 0, 0 ],
            "0.1": [ 31.00073, 0, 1.967853 ],
            "0.2": [ -14.46049, 0, 3.935705 ],
            "0.3": [ -14.46049, 0, -23.55483 ],
            "0.4": [ -14.46049, 0, 8.514463 ],
            "0.5": [ 17.26468, 0, -4.088271 ],
            "0.6": [ -1.362505, 0, -16.48156 ],
            "0.7": [ 0, 0, 0 ]
          },
          "scale": {
            "0": [ 1, 1, 1 ],
            "0.3": [ 1, 1, 1 ],
            "0.4": [ 1, 1, 1 ],
            "0.5": [ 1, 1, 1 ],
            "0.7": [ 1, 1, 1 ]
          }
        },
        "leg0": {
          "position": {
            "0.1333333": [ 0, 0, 0 ],
            "0.3": [ 0, 0, 0 ],
            "0.4": [ 0, 0, 0 ]
          },
          "rotation": {
            "0.1333333": [ 0, 0, 0 ],
            "0.3": [ 0, 0, 30.69643 ],
            "0.4": [ 0, 0, 0 ]
          },
          "scale": {
            "0.1333333": [ 1, 1, 1 ],
            "0.3": [ 1, 1, 1 ],
            "0.4": [ 1, 1, 1 ]
          }
        },
        "leg1": {
          "position": {
            "0.1333333": [ 0, 0, 0 ],
            "0.3": [ 0, 0, 0 ],
            "0.4": [ 0, 0, 0 ]
          },
          "rotation": {
            "0.1333333": [ 0, 0, 0 ],
            "0.3": [ 0, 0, -23.39173 ],
            "0.4": [ 0, 0, 0 ]
          },
          "scale": {
            "0.1333333": [ 1, 1, 1 ],
            "0.3": [ 1, 1, 1 ],
            "0.4": [ 1, 1, 1 ]
          }
        },
        "wing0": {
          "position": {
            "0.2": [ 0, 0, 0 ],
            "0.3": [ 0, 0, 0 ],
            "0.4": [ 0, 0, 0 ],
            "0.5": [ 0, 0, 0 ],
            "0.8": [ 0, 0, 0 ]
          },
          "rotation": {
            "0.2": [ 0, 0, 0 ],
            "0.3": [ 0, 0, 141.5936 ],
            "0.4": [ 0, 0, 141.5936 ],
            "0.5": [ 0, 0, 0 ],
            "0.8": [ 0, 0, 0 ]
          },
          "scale": {
            "0.2": [ 1, 1, 1 ],
            "0.3": [ 1, 1, 1 ],
            "0.4": [ 1, 1, 1 ],
            "0.5": [ 1, 1, 1 ],
            "0.8": [ 1, 1, 1 ]
          }
        },
        "wing1": {
          "position": {
            "0.2": [ 0, 0, 0 ],
            "0.3": [ 0, 0, 0 ],
            "0.4": [ 0, 0, 0 ],
            "0.5": [ 0, 0, 0 ],
            "0.8": [ 0, 0, 0 ]
          },
          "rotation": {
            "0.2": [ 0, 0, 0 ],
            "0.3": [ 0, 0, -140.8385 ],
            "0.4": [ 0, 0, -140.8385 ],
            "0.5": [ 0, 0, 0 ],
            "0.8": [ 0, 0, 0 ]
          },
          "scale": {
            "0.2": [ 1, 1, 1 ],
            "0.3": [ 1, 1, 1 ],
            "0.4": [ 1, 1, 1 ],
            "0.5": [ 1, 1, 1 ],
            "0.8": [ 1, 1, 1 ]
          }
        },
        "body": {
          "position": {
            "0.03333334": [ 0, -1.048511, 0.009747257 ],
            "0.06666667": [ 0, -0.6783722, 0.009747257 ],
            "0.1": [ 0, -0.1835855, 0.009747257 ],
            "0.1333333": [ 0, 4.546156, 0.009747257 ],
            "0.2": [ 0, 7.055863, 0.009747257 ],
            "0.3": [ 0, 7.903971, 0.009747257 ],
            "0.4": [ 0, -0.4558321, 0.009747257 ],
            "0.5": [ 0, -1.273002, 0.009747257 ],
            "0.5333334": [ 0, -1.346488, 0.009747257 ],
            "0.5666667": [ 0, -0.6774603, 0.009747257 ],
            "0.6": [ 0, 0, 0.009747257 ],
            "0.8": [ 0, 0, 0.009747257 ]
          },
          "rotation": {
            "0.03333334": [ 0, -121.016, 0 ],
            "0.06666667": [ 0, -121.016, 0 ],
            "0.1333333": [ 0, -121.016, 0 ],
            "0.2": [ 0, -101.3342, 0 ],
            "0.4": [ 0, 0, 0 ],
            "0.5333334": [ 0, 0, 0 ],
            "0.6": [ 0, 0, 0 ],
            "0.8": [ 0, 0, 0 ]
          },
          "scale": {
            "0.03333334": [ 1, 0.8736472, 1 ],
            "0.06666667": [ 1, 0.9064053, 1 ],
            "0.1333333": [ 1, 1, 1 ],
            "0.2": [ 1.103552, 1.103552, 1.103552 ],
            "0.3": [ 1, 1, 1 ],
            "0.4": [ 1, 0.9157648, 1 ],
            "0.5333334": [ 1, 0.842059, 1 ],
            "0.6": [ 1, 1, 1 ],
            "0.8": [ 1, 1, 1 ]
          }
        }
      }
    }
  }
}