{
  "format_version": "1.8.0",
  "animations": {
    "animation.chicken_tappable_tap_2": {
      "loop": false,
      "bones": {
        "comb": {
          "position": {
            "0.06666667": [ 0, 0, 0 ],
            "0.2333333": [ -0.2422684, 0.2452648, -0.1235533 ],
            "0.3333333": [ -0.7752419, 0.5983904, 0.06857757 ],
            "0.4666667": [ 0.5114169, 0.6607915, -0.7024918 ],
            "0.5666667": [ -0.5006202, 0.005402607, 0.1411486 ],
            "0.6666667": [ 0, 0, 0 ]
          },
          "rotation": {
            "0.06666667": [ 0, 0, 0 ],
            "0.2333333": [ 0, 0, 12.08626 ],
            "0.3333333": [ 0, 0, 27.22771 ],
            "0.4666667": [ 0, 0, -23.36917 ],
            "0.5666667": [ 0, 0, 13.82881 ],
            "0.6666667": [ 0, 0, 0 ]
          },
          "scale": {
            "0.06666667": [ 1, 1, 1 ],
            "0.4666667": [ 1, 1, 1 ],
            "0.5666667": [ 1, 1, 1 ],
            "0.6666667": [ 1, 1, 1 ]
          }
        },
        "head": {
          "position": {
            "0": [ 0, 0, 0 ],
            "0.1666667": [ 0, 0, 0 ],
            "0.2666667": [ 0, 0, 0 ],
            "0.3666667": [ 0, 0, 0 ],
            "0.5": [ 0, 0, 0 ],
            "0.6": [ 0, 0, 0 ]
          },
          "rotation": {
            "0": [ 0, 0, 0 ],
            "0.1666667": [ 0, 0, 0 ],
            "0.2": [ 0, 0, 12.44621 ],
            "0.2666667": [ 0, 0, 9.483223 ],
            "0.3666667": [ -12.61317, 0, 0 ],
            "0.5": [ 7.819323, 0, 0 ],
            "0.6": [ -5.695943, 0, 0 ]
          },
          "scale": {
            "0": [ 1, 1, 1 ],
            "0.1666667": [ 1, 1, 1 ],
            "0.2666667": [ 1, 1, 1 ],
            "0.3666667": [ 1, 1, 1 ],
            "0.5": [ 1, 1, 1 ],
            "0.6": [ 1, 1, 1 ]
          }
        },
        "leg0": {
          "position": {
            "0": [ 0, 0, 0 ],
            "0.1666667": [ 0, 0, 0 ],
            "0.2666667": [ 0, 0, 0 ],
            "0.4": [ 0, 0, 0 ],
            "0.6666667": [ 0, 0, 0 ]
          },
          "rotation": {
            "0": [ 0, 0, 0 ],
            "0.1666667": [ 0, 0, 0 ],
            "0.2666667": [ 50.84373, 0, 27.68464 ],
            "0.4": [ 0, 0, 0 ],
            "0.6666667": [ 0, 0, 0 ]
          },
          "scale": {
            "0": [ 1, 1, 1 ],
            "0.1666667": [ 1, 1, 1 ],
            "0.2666667": [ 1, 1, 1 ],
            "0.4": [ 1, 1, 1 ],
            "0.6666667": [ 1, 1, 1 ]
          }
        },
        "leg1": {
          "position": {
            "0": [ 0, 0, 0 ],
            "0.1666667": [ 0, 0, 0 ],
            "0.3": [ 0, 0, 0 ],
            "0.6666667": [ 0, 0, 0 ]
          },
          "rotation": {
            "0": [ 0, 0, 0 ],
            "0.1666667": [ 0, 0, 0 ],
            "0.3": [ -37.50471, 0, 0 ],
            "0.4333333": [ 0, 0, 0 ],
            "0.6666667": [ 0, 0, 0 ]
          },
          "scale": {
            "0": [ 1, 1, 1 ],
            "0.1666667": [ 1, 1, 1 ],
            "0.3": [ 1, 1, 1 ],
            "0.6666667": [ 1, 1, 1 ]
          }
        },
        "wing0": {
          "position": {
            "0": [ 0, 0, 0 ],
            "0.1666667": [ 0, 0, 0 ],
            "0.3333333": [ 0, 0, 0 ],
            "0.5": [ 0, 0, 0 ],
            "0.5666667": [ 0, 0, 0 ],
            "0.6333333": [ 0, 0, 0 ]
          },
          "rotation": {
            "0": [ 0, 0, 0 ],
            "0.1666667": [ 0, 0, 0 ],
            "0.3333333": [ 0, 0, 142.8438 ],
            "0.4": [ 0, 0, 0 ],
            "0.5": [ 0, 0, 139.0063 ],
            "0.5666667": [ 0, 0, 0 ],
            "0.6333333": [ 0, 0, 0 ]
          },
          "scale": {
            "0": [ 1, 1, 1 ],
            "0.1666667": [ 1, 1, 1 ],
            "0.3333333": [ 1, 1, 1 ],
            "0.5": [ 1, 1, 1 ],
            "0.5666667": [ 1, 1, 1 ],
            "0.6333333": [ 1, 1, 1 ]
          }
        },
        "wing1": {
          "position": {
            "0": [ 0, 0, 0 ],
            "0.1666667": [ 0, 0, 0 ],
            "0.3333333": [ 0, 0, 0 ],
            "0.4": [ 0, 0, 0 ],
            "0.5": [ 0, 0, 0 ],
            "0.5666667": [ 0, 0, 0 ],
            "0.6333333": [ 0, 0, 0 ]
          },
          "rotation": {
            "0": [ 0, 0, 0 ],
            "0.1666667": [ 0, 0, 0 ],
            "0.3333333": [ 0, 0, -145.208 ],
            "0.4": [ 0, 0, 0 ],
            "0.5": [ 0, 0, -146.7532 ],
            "0.5666667": [ 0, 0, 0 ],
            "0.6333333": [ 0, 0, 0 ]
          },
          "scale": {
            "0": [ 1, 1, 1 ],
            "0.1666667": [ 1, 1, 1 ],
            "0.3333333": [ 1, 1, 1 ],
            "0.4": [ 1, 1, 1 ],
            "0.5": [ 1, 1, 1 ],
            "0.5666667": [ 1, 1, 1 ],
            "0.6333333": [ 1, 1, 1 ]
          }
        },
        "body": {
          "position": {
            "0": [ 0, 0, 0.009747257 ],
            "0.1": [ 0, -1.041678, 0.009747257 ],
            "0.2": [ 0, 5.334164, 0.009747257 ],
            "0.3": [ 0, 8.575934, 0.009747257 ],
            "0.4": [ 0, 0.5364145, 0.009747257 ],
            "0.4333333": [ 0, -0.5187081, 0.009747257 ],
            "0.4666667": [ 0, -1.097192, 0.009747257 ],
            "0.6": [ 0, 0, 0.009747257 ],
            "0.6666667": [ 0, 0, 0.009747257 ]
          },
          "rotation": {
            "0": [ 0, 0, 0 ],
            "0.1": [ 0, 0, 0 ],
            "0.2": [ 0, -28.23705, 4.719113 ],
            "0.3": [ -4.092567, -106.2251, 0 ],
            "0.4": [ 0, -121.016, 0 ],
            "0.4333333": [ 0, -121.016, 0 ],
            "0.4666667": [ 0, -121.016, 0 ],
            "0.6": [ 0, -121.016, 0 ],
            "0.6666667": [ 0, -121.016, 0 ]
          },
          "scale": {
            "0": [ 1, 1, 1 ],
            "0.1": [ 1, 0.8480459, 1 ],
            "0.2": [ 1, 1.162819, 1 ],
            "0.3": [ 1.300556, 1.06821, 1.300556 ],
            "0.4": [ 1, 1, 1 ],
            "0.4333333": [ 1, 0.9279063, 1 ],
            "0.4666667": [ 1, 0.8558127, 1 ],
            "0.6": [ 1, 1, 1 ],
            "0.6666667": [ 1, 1, 1 ]
          }
        }
      }
    }
  }
}