{
  "format_version": "1.8.0",
  "animations": {
    "animation.chicken_tappable_tap_6": {
      "loop": false,
      "bones": {
        "comb": {
          "position": {
            "0.03333334": [ -0.1565093, 0.09643612, -0.1656882 ],
            "0.1666667": [ -1.228573, 0.5557158, -0.6439645 ],
            "0.3": [ 0.6542794, 0.4189296, -1.103363 ],
            "0.4": [ -0.5497317, 0.2839048, -0.2280061 ]
          },
          "rotation": {
            "0.03333334": [ 0, 0, 4.994447 ],
            "0.1666667": [ 0, 0, 22.07077 ],
            "0.3": [ -11.1855, 0, -18.63231 ],
            "0.4": [ 3.490348, 0, 10.27544 ]
          },
          "scale": {
            "0.03333334": [ 1, 1, 1 ],
            "0.1666667": [ 1, 1, 1 ],
            "0.4": [ 1, 1, 1 ]
          }
        },
        "head": {
          "position": {
            "0.06666667": [ 0, 0, 0 ]
          },
          "rotation": {
            "0.06666667": [ 0, 0, 0 ]
          },
          "scale": {
            "0.06666667": [ 1, 1, 1 ]
          }
        },
        "leg0": {
          "position": {
            "0.06666667": [ 0, 0, 0 ],
            "0.2333333": [ 0, 0, 0 ]
          },
          "rotation": {
            "0.06666667": [ 0, 0, 0 ],
            "0.1666667": [ 29.25971, 0, 28.55484 ],
            "0.2333333": [ -18.95233, 0, 13.77699 ],
            "0.3": [ 16.77761, 0, 20.3545 ],
            "0.4": [ 0, 0, 0 ]
          },
          "scale": {
            "0.06666667": [ 1, 1, 1 ],
            "0.2333333": [ 1, 0.831688, 1 ],
            "0.3": [ 1, 1, 1 ]
          }
        },
        "leg1": {
          "position": {
            "0.06666667": [ 0, 0, 0 ],
            "0.2333333": [ 0, 0, 0 ]
          },
          "rotation": {
            "0.06666667": [ 0, 0, 0 ],
            "0.1666667": [ 13.48842, 0, 0 ],
            "0.2333333": [ 13.48842, 0, 0 ],
            "0.4": [ 0, 0, 0 ]
          },
          "scale": {
            "0.06666667": [ 1, 1, 1 ],
            "0.2333333": [ 1, 0.831688, 1 ],
            "0.3": [ 1, 1, 1 ]
          }
        },
        "wing0": {
          "position": {
            "0.06666667": [ 0, 0, 0 ],
            "0.4": [ 0, 0, 0 ]
          },
          "rotation": {
            "0.06666667": [ -5.119105, 0, 0 ],
            "0.2": [ -5.119105, 0, 153.8629 ],
            "0.3": [ -5.119105, 0, 171.9427 ],
            "0.4": [ -5.119105, 0, 0 ]
          },
          "scale": {
            "0.06666667": [ 1, 1, 1 ],
            "0.4": [ 1, 1, 1 ]
          }
        },
        "wing1": {
          "position": {
            "0.06666667": [ 0, 0, 0 ],
            "0.4": [ 0, 0, 0 ]
          },
          "rotation": {
            "0.06666667": [ -5.119105, 0, 0 ],
            "0.2": [ -5.119105, 0, -136.9656 ],
            "0.3": [ -5.119105, 0, -172.5067 ],
            "0.4": [ -5.119105, 0, 0 ]
          },
          "scale": {
            "0.06666667": [ 1, 1, 1 ],
            "0.4": [ 1, 1, 1 ]
          }
        },
        "body": {
          "position": {
            "0.03333334": [ 0, -1.167889, 0.009747257 ],
            "0.1333333": [ -2.636912, 6.235346, 0.009747257 ],
            "0.2": [ -4.217917, 8.85035, 0.009747257 ],
            "0.3": [ 0, 0.1397828, 0.009747257 ],
            "0.3666667": [ 0, -1.389712, 0.009747257 ],
            "0.4333333": [ 0, 0, 0.009747257 ]
          },
          "rotation": {
            "0.03333334": [ 0, 0, 0 ],
            "0.1333333": [ 0, -65.57996, 0 ],
            "0.2": [ 0, -81.24567, 6.084184 ],
            "0.3": [ 0, -76.37053, 5.058129 ],
            "0.3666667": [ 0, -76.37053, 0 ],
            "0.4333333": [ 0, -76.37053, 0 ]
          },
          "scale": {
            "0.03333334": [ 1, 0.8384117, 1 ],
            "0.1333333": [ 1.144707, 1.20467, 1.144707 ],
            "0.3": [ 1, 0.96418, 1 ],
            "0.3666667": [ 1, 0.8466684, 1 ],
            "0.4333333": [ 1, 1, 1 ]
          }
        }
      }
    }
  }
}