{
  "format_version": "1.8.0",
  "animations": {
    "animation.chicken_tappable_award_transition": {
      "loop": false,
      "bones": {
        "comb": {
          "position": {
            "0": [ 0, 0, 0 ],
            "0.03333334": [ 0, 0, 0 ],
            "0.06666667": [ 0, 0, 0 ],
            "0.1": [ 0, 0, 0 ],
            "0.1333333": [ 0, 0, 0 ],
            "0.1666667": [ 0, 0, 0 ],
            "0.2": [ 0, -0.02919118, -0.5929117 ],
            "0.2333333": [ 0, -0.06865909, -1.185823 ],
            "0.2666667": [ 0, -0.0866368, -0.9961596 ],
            "0.3": [ 0, -0.0984918, -0.643927 ],
            "0.3333333": [ 0, -0.1027672, -0.4542632 ],
            "0.3666667": [ -0.3304687, -0.04215053, -0.4542632 ],
            "0.4": [ -0.6609374, 0.06405483, -0.4542632 ],
            "0.4333333": [ -0.2392442, 0.1795208, -0.5591455 ],
            "0.4666667": [ 0.5439004, 0.2984385, -0.7539266 ],
            "0.5": [ 0.9655936, 0.3531196, -0.8588088 ],
            "0.5333334": [ 0.4827968, 0.1765598, -0.4294044 ],
            "0.5666667": [ 0, 0, 0 ],
            "0.6": [ 0, 0, 0 ],
            "0.6333333": [ 0, 0, 0 ],
            "0.6666667": [ 0, 0, 0 ],
            "0.7": [ -0.05728402, 0.008310223, 0 ],
            "0.7333333": [ -0.1938844, 0.03014743, 0 ],
            "0.7666667": [ -0.3569236, 0.06087143, 0 ],
            "0.8": [ -0.4935239, 0.09584203, 0 ],
            "0.8333333": [ -0.550808, 0.130419, 0 ],
            "0.8666667": [ 0.02912037, 0.1883351, 0 ],
            "0.9": [ 0.6090487, 0.2298343, 0 ]
          },
          "rotation": {
            "0": [ 0, 0, 0 ],
            "0.03333334": [ 0, 0, 0 ],
            "0.06666667": [ 0, 0, 0 ],
            "0.1": [ 0, 0, 0 ],
            "0.1333333": [ 0, 0, 0 ],
            "0.1666667": [ 0, 0, 0 ],
            "0.2": [ -7.897523, 0, 0 ],
            "0.2333333": [ -15.79505, 0, 0 ],
            "0.2666667": [ -12.26055, 0, 0 ],
            "0.3": [ -5.69649, 0, 0 ],
            "0.3333333": [ -2.161995, 0, 0 ],
            "0.3666667": [ -3.053935, 0, 7.082854 ],
            "0.4": [ -3.945874, 0, 14.16571 ],
            "0.4333333": [ -3.945874, 0, 6.517752 ],
            "0.4666667": [ -3.945874, 0, -7.685596 ],
            "0.5": [ -3.945874, 0, -15.33355 ],
            "0.5333334": [ -1.972937, 0, -7.666776 ],
            "0.5666667": [ 0, 0, 0 ],
            "0.6": [ 0, 0, 0 ],
            "0.6333333": [ 0, 0, 0 ],
            "0.6666667": [ 0, 0, 0 ],
            "0.7": [ 0, 0, 1.385388 ],
            "0.7333333": [ 0, 0, 4.689005 ],
            "0.7666667": [ 0, 0, 8.632031 ],
            "0.8": [ 0, 0, 11.93565 ],
            "0.8333333": [ 0, 0, 13.32104 ],
            "0.8666667": [ 0, 0, 2.382752 ],
            "0.9": [ 0, 0, -8.555532 ]
          },
          "scale": {
            "0": [ 1, 1, 1 ],
            "0.03333334": [ 1, 1, 1 ],
            "0.06666667": [ 1, 1, 1 ],
            "0.1": [ 1, 1, 1 ],
            "0.1333333": [ 1, 1, 1 ],
            "0.1666667": [ 1, 1, 1 ],
            "0.2": [ 1, 1, 1 ],
            "0.2333333": [ 1, 1, 1 ],
            "0.2666667": [ 1, 1, 1 ],
            "0.3": [ 1, 1, 1 ],
            "0.3333333": [ 1, 1, 1 ],
            "0.3666667": [ 1, 1, 1 ],
            "0.4": [ 1, 1, 1 ],
            "0.4333333": [ 1, 1, 1 ],
            "0.4666667": [ 1, 1, 1 ],
            "0.5": [ 1, 1, 1 ],
            "0.5333334": [ 1, 1, 1 ],
            "0.5666667": [ 1, 1, 1 ],
            "0.6": [ 1, 1, 1 ],
            "0.6333333": [ 1, 1, 1 ],
            "0.6666667": [ 1, 1, 1 ],
            "0.7": [ 1, 1, 1 ],
            "0.7333333": [ 1, 1, 1 ],
            "0.7666667": [ 1, 1, 1 ],
            "0.8": [ 1, 1, 1 ],
            "0.8333333": [ 1, 1, 1 ],
            "0.8666667": [ 1, 1, 1 ],
            "0.9": [ 1, 1, 1 ]
          }
        },
        "head": {
          "position": {
            "0": [ 0, 0, 0 ],
            "0.1": [ 0, -0.9816361, 0 ],
            "0.1666667": [ 0, 1.888321, 0 ],
            "0.2333333": [ 0, 2.144, 0 ],
            "0.3": [ 0, 2.144, 0 ],
            "0.3666667": [ 0, 2.144, 0 ],
            "0.4333333": [ 0, 2.144, 0 ],
            "0.4666667": [ 0, 2.142706, 0 ],
            "0.5": [ 0, 2.13796, 0 ],
            "0.5666667": [ 0, 2.06117, 0 ],
            "0.6": [ 0, 1.475599, 0 ],
            "0.6666667": [ 0, 0, 0 ],
            "0.7": [ 0, 0, 0 ],
            "0.7333333": [ 0, 0, 0 ],
            "0.7666667": [ 0, 0, 0 ],
            "0.8333333": [ 0, 0, 0 ],
            "0.8666667": [ 0, 0, 0 ],
            "0.9": [ 0, 0, 0 ]
          },
          "rotation": {
            "0": [ 0, 0, 0 ],
            "0.1": [ 6.810613, 0, 0 ],
            "0.1666667": [ 0, 0, 0 ],
            "0.2333333": [ 0, 0, 0 ],
            "0.3": [ 0, 0, 0 ],
            "0.3666667": [ 0, -33.68621, 0 ],
            "0.4333333": [ 0, -68.49403, 0 ],
            "0.4666667": [ 0, -69.35861, 0 ],
            "0.5": [ 0, -69.68835, 0 ],
            "0.5666667": [ 0, -69.98952, 0 ],
            "0.6": [ 0, -69.98952, 0 ],
            "0.6666667": [ 0, -69.98952, 0 ],
            "0.7": [ -0.5664564, -62.71061, 0 ],
            "0.7333333": [ -1.941747, -45.03825, 0 ],
            "0.7666667": [ -3.392687, -26.39383, 0 ],
            "0.8333333": [ -5.446697, 0, 0 ],
            "0.8666667": [ -3.941388, 0, 0 ],
            "0.9": [ 0.1831562, 0, 0 ]
          },
          "scale": {
            "0": [ 1, 1, 1 ],
            "0.1": [ 1, 1, 1 ],
            "0.1666667": [ 1, 1, 1 ],
            "0.2333333": [ 1, 1, 1 ],
            "0.3": [ 1, 1, 1 ],
            "0.3666667": [ 1, 1, 1 ],
            "0.4333333": [ 1, 1, 1 ],
            "0.4666667": [ 1, 1, 1 ],
            "0.5": [ 1, 1, 1 ],
            "0.5666667": [ 1, 1, 1 ],
            "0.6": [ 1, 1, 1 ],
            "0.6666667": [ 1, 1, 1 ],
            "0.7": [ 1, 1, 1 ],
            "0.7333333": [ 1, 1, 1 ],
            "0.7666667": [ 1, 1, 1 ],
            "0.8333333": [ 1, 1, 1 ],
            "0.8666667": [ 1, 1, 1 ],
            "0.9": [ 1, 1, 1 ]
          }
        },
        "leg0": {
          "position": {
            "0": [ 0, 0, 0 ],
            "0.3333333": [ 0, 0, 0 ],
            "0.5666667": [ 0, 0, 0 ],
            "0.6666667": [ 0, 0.7269093, 0 ],
            "0.7333333": [ 0, -0.7033321, 0 ],
            "0.8333333": [ 0, 0, 0 ],
            "0.9": [ 0, 0.05036446, 0.06655069 ]
          },
          "rotation": {
            "0": [ 0, 0, 0 ],
            "0.3333333": [ 0, 0, 0 ],
            "0.5666667": [ 0, 0, 0 ],
            "0.6666667": [ 0, 0, 0 ],
            "0.7333333": [ 0, 0, 0 ],
            "0.8333333": [ 0, 0, 0 ],
            "0.9": [ 3.349188, 0, 0 ]
          },
          "scale": {
            "0": [ 1, 1, 1 ],
            "0.3333333": [ 1, 1, 1 ],
            "0.5666667": [ 1, 1, 1 ],
            "0.6666667": [ 1, 1, 1 ],
            "0.7333333": [ 1, 1, 1 ],
            "0.8333333": [ 1, 1, 1 ]
          }
        },
        "leg1": {
          "position": {
            "0": [ 0, 0, 0 ],
            "0.6666667": [ 0, 0, 0 ],
            "0.7333333": [ 0, 0.7168565, 0 ],
            "0.8333333": [ 0, 0, 0 ],
            "0.9": [ 0, -0.03543606, 0.06655069 ]
          },
          "rotation": {
            "0": [ 0, 0, 0 ],
            "0.6666667": [ 0, 0, 0 ],
            "0.7333333": [ 0, 0, -7.629262 ],
            "0.8333333": [ 0, 0, 0 ],
            "0.9": [ 3.349188, 0, 0 ]
          },
          "scale": {
            "0": [ 1, 1, 1 ],
            "0.6666667": [ 1, 1, 1 ],
            "0.7333333": [ 1, 1, 1 ],
            "0.8333333": [ 1, 1, 1 ]
          }
        },
        "wing0": {
          "position": {
            "0": [ 0, 0, 0 ],
            "0.5": [ 0, 0, 0 ],
            "0.6666667": [ 0, 0.6879564, 0 ],
            "0.7666667": [ 0, 1.442554, 0 ],
            "0.8333333": [ 0, 0, 0 ],
            "0.9": [ 0, 0, 0 ]
          },
          "rotation": {
            "0": [ 0, 0, 0 ],