{
  "format_version": "1.8.0",
  "animations": {
    "animation.furnace_golem.summon": {
      "loop": false,
      "sound_effects": {
        "0.0": { "effect": "summon" }
      },
      "bones": {
        "chest": {
          "position": {
            "0": [ 0, 0, 0 ],
            "0.15": [ 0, 0.3997111, -2.100407 ],
            "0.25": [ 0, -1.23823, -3.978625 ],
            "0.4": [ 0, 0.1904583, -5.308244 ],
            "0.55": [ 0, -0.05410573, -6.275239 ],
            "0.7": [ 0, -0.1752261, -6.271311 ],
            "0.8": [ 0, -0.1752261, -6.263599 ],
            "0.9": [ 0, 0, -6.225335 ],
            "1": [ 0, 0, -5.025904 ],
            "1.05": [ 0, 0.2663716, -3.80101 ],
            "1.15": [ 0, 0, -1.011824 ],
            "1.2": [ 0, 0, 0 ]
          },
          "rotation": {
            "0": [ 0, 0, 0 ],
            "0.15": [ -5.157648, 0, 0 ],
            "0.25": [ 1.675449, 0, 0 ],
            "0.4": [ 4.210021, 0, 0 ],
            "0.55": [ 4.210021, 0, 0 ],
            "0.7": [ 3.559926, 0, 0 ],
            "1": [ 3.559926, 0, 0 ],
            "1.05": [ 2.674332, 0, 0 ],
            "1.15": [ 0.7769149, 0, 0 ],
            "1.2": [ 0, 0, 0 ]
          },
          "scale": {
            "0": [ 1, 1, 1 ],
            "1.2": [ 1, 1, 1 ]
          }
        },
        "head": {
          "position": {
            "0": [ 0, 0, 0 ],
            "0.15": [ 0, 0.7153279, -1.595625 ],
            "0.3": [ 0, -1.339539, -4.520514 ],
            "0.4": [ 0, 0, -5.68399 ],
            "0.55": [ 0, 0, -6.300005 ],
            "0.6": [ 0, 0, -6.399401 ],
            "0.65": [ 0, 0, -6.450207 ],
            "0.75": [ 0, 0, -6.450207 ],
            "0.8": [ 0, 0, -6.434327 ],
            "0.9": [ 0, 0, -5.708329 ],
            "0.95": [ 0, 0.04159094, -5.01276 ],
            "1.05": [ 0, 0.2350337, -2.960411 ],
            "1.15": [ 0, 0, -0.3013366 ],
            "1.2": [ 0, 0, 0 ]
          },
          "rotation": {
            "0": [ 0, 0, 0 ],
            "0.15": [ -0.6328507, 0, 0 ],
            "0.3": [ 8.667088, 0, 0 ],
            "0.4": [ 9.512581, 0, 0 ],
            "0.55": [ 10.29762, 0, 0 ],
            "0.6": [ 10.29762, 0, 0 ],
            "0.65": [ 10.15513, 0, 0 ],
            "0.7": [ 9.721468, 0, 0 ],
            "0.75": [ 9.199652, 0, 0 ],
            "0.8": [ 8.818835, 0, 0 ],
            "0.9": [ 7.690094, 0, 0 ],
            "0.95": [ 6.620068, 0, 0 ],
            "1.05": [ 2.715216, 0, 0 ],
            "1.15": [ 0.09022729, 0, 0 ],
            "1.2": [ 0.627659, 0, 0 ]
          },
          "scale": {
            "0": [ 1, 1, 1 ],
            "1.2": [ 1, 1, 1 ]
          }
        },
        "arm0": {
          "position": {
            "0": [ 0, 0, 0 ],
            "0.1": [ 0, 1.104932, 0 ],
            "0.15": [ 0, 1.243477, -0.8973279 ],
            "0.25": [ 0, 0, -4.211911 ],
            "0.4": [ 0, 0.1808873, -7.310003 ],
            "0.5": [ 0, 0.1808873, -9.551126 ],
            "0.55": [ 0, 0.1808873, -9.551126 ],
            "0.6": [ 0, 0.1609064, -9.551126 ],
            "0.65": [ 0, 0.1409255, -9.551126 ],
            "0.8": [ 0, 0.1409255, -9.551126 ],
            "0.9": [ 0, 0.1808873, -8.677938 ],
            "1": [ 0, 0.1808873, -7.234394 ],
            "1.05": [ 0, 0.3356495, -5.521215 ],
            "1.25": [ 0, 0, 0 ]
          },
          "rotation": {
            "0": [ 0, 0, 0 ],
            "0.1": [ 8.643039, 0, 0 ],
            "0.15": [ 11.6681, 0, 0 ],
            "0.25": [ -1.268224, 5.920384, 3.467906 ],
            "0.4": [ -50.70655, 15.37364, 6.935812 ],
            "0.5": [ -61.718, 21.19727, 5.26393 ],
            "0.55": [ -63.95446, 22.27968, 4.941555 ],
            "0.6": [ -62.86227, 22.88848, 4.754539 ],
            "0.65": [ -63.77363, 23.39527, 4.596879 ],
            "0.7": [ -63.42041, 23.86561, 4.45064 ],
            "0.75": [ -64.28484, 24.29865, 4.315722 ],
            "0.8": [ -64.28484, 24.71025, 4.187438 ],
            "0.9": [ -61.51983, 25.28005, 4.009833 ],
            "1": [ -46.76583, 21.20595, 4.009833 ],
            "1.05": [ -36.27751, 16.68921, 3.59281 ],
            "1.25": [ 0, 0, 0 ]
          },
          "scale": {
            "0": [ 1, 1, 1 ],
            "1.25": [ 1, 1, 1 ]
          }
        },
        "arm1": {
          "position": {
            "0": [ 0, 0, 0 ],
            "0.1": [ 0, 1.104932, 0 ],
            "0.15": [ 0, 1.243477, -0.8973279 ],
            "0.25": [ 0, 0, -4.211911 ],
            "0.4": [ 0, 0.1808873, -7.10664 ],
            "0.5": [ 0, 0.1808873, -8.822292 ],
            "0.55": [ 0, 0.1808873, -8.972504 ],
            "0.6": [ 0, 0.1808873, -8.972504 ],
            "0.65": [ 0, 0.1409255, -8.972504 ],
            "0.8": [ 0, 0.1409255, -8.972504 ],
            "0.9": [ 0, 0.1808873, -8.514782 ],
            "1": [ 0, 0.1808873, -7.225733 ],
            "1.05": [ 0, 0.3356495, -5.530162 ],
            "1.25": [ 0, 0, 0 ]
          },
          "rotation": {
            "0": [ 0, 0, 0 ],
            "0.1": [ 8.643039, 0, 0 ],
            "0.15": [ 11.6681, 0, 0 ],
            "0.25": [ 0.5681716, -14.3206, 0.5138087 ],
            "0.4": [ -55.85808, -28.6412, 1.027617 ],
            "0.5": [ -61.718, -28.6412, 1.027617 ],
            "0.55": [ -63.95416, -28.6412, 1.027617 ],
            "0.6": [ -62.86227, -28.6412, 1.027617 ],
            "0.65": [ -63.77363, -28.6412, 1.027617 ],
            "0.7": [ -63.42041, -28.6412, 1.027617 ],
            "0.75": [ -64.28484, -28.6412, 1.027617 ],
            "0.8": [ -64.28484, -28.6412, 1.027617 ],
            "0.9": [ -64.67702, -28.6412, 1.027617 ],
            "1": [ -41.28472, -26.24475, 1.027617 ],
            "1.05": [ -31.07778, -21.2147, 0.9207451 ],
            "1.25": [ 0, 0, 0 ]
          },
          "scale": {
            "0": [ 1, 1, 1 ],
            "1.25": [ 1, 1, 1 ]
          }
        },
        "leg0": {
          "position": {
            "0": [ 0, 0, 0 ],
            "0.15": [ 0, 4.006478, -3.547522 ],
            "0.25": [ 0, 0, -5.542353 ],
            "0.4": [ 0, 0, -5.793578 ],
            "0.5": [ 0, 0, -5.887473 ],
            "0.9": [ 0, 0, -5.989601 ],
            "1": [ 0, 0.08879364, -5.989406 ],
            "1.05": [ 0, 0.2139322, -5.145234 ],
            "1.1": [ 0, 0.2906322, -1.351474 ],
            "1.15": [ 0, 0, 0 ],
            "1.2": [ 0, 0, 0 ]
          },
          "rotation": {
            "0": [ 0, 0, 0 ],
            "0.1": [ 11.95326, 0, 0 ],
            "0.15": [ 6.114086, 0, 0 ],
            "0.25": [ 0, 0, 0 ],
            "0.5": [ 1.512806, 0, 0 ],
            "0.9": [ 1.924682, 0, 0 ],
            "1": [ -5.994647, 0, 0 ],
            "1.05": [ -9.307797, 0, 0 ],
            "1.1": [ -1.917092, 0, 0 ],
            "1.15": [ 0.6981719, 0, 0 ],
            "1.2": [ 0, 0, 0 ]
          },
          "scale": {
            "0": [ 1, 1, 1 ],
            "1.2": [ 1, 1, 1 ]
          }
        },
        "leg1": {
          "position": {
            "0": [ 0, 0, 0 ],
            "0.15": [ 0, 0, 0 ],
            "0.3": [ 0, 0, -0.4432895 ],
            "0.4": [ 0, 0, -1.142026 ],
            "0.55": [ 0, 0, -1.610166 ],
            "0.75": [ 0, 0, -1.640311 ],
            "0.95": [ 0, 0, -1.610166 ],
            "1.15": [ 0, 0, 0 ]
          },
          "rotation": {
            "0": [ 0, 0, 0 ],
            "0.15": [ 0, 0, 0 ],
            "0.3": [ 5.053679, 0, 0 ],
            "0.4": [ 7.718447, 0, 0 ],
            "0.55": [ 9.095309, 0, 0 ],
            "0.75": [ 9.624005, 0, 0 ],
            "0.95": [ 9.095309, 0, 0 ],
            "1.15": [ 0, 0, 0 ]
          },
          "scale": {
            "0": [ 1, 1, 1 ],
            "1.15": [ 1, 1, 1 ]
          }
        }
      }
    }
  }
}