{
  "format_version": "1.8.0",
  "animations": {
    "animation.adventure_peaceful_a_map_summon": {
      "loop": false,
      "bones": {
        "root": {
          "position": {
            "0": [ 0, 556.91, 0 ],
            "0.05": [ 0, 551.523, 0 ],
            "0.1": [ 0, 534.5834, 0 ],
            "0.15": [ 0, 504.6869, 0 ],
            "0.2": [ 0, 459.9172, 0 ],
            "0.25": [ 0, 397.5547, 0 ],
            "0.3": [ 0, 313.1158, 0 ],
            "0.35": [ 0, 199.5229, 0 ],
            "0.4": [ 0, 0, 0 ],
            "0.45": [ 0, 0, 0 ],
            "0.5": [ 0, 12.32157, 0 ],
            "0.55": [ 0, 14.03585, 0 ],
            "0.6": [ 0, 10.19608, 0 ],
            "0.65": [ 0, 0, 0 ],
            "0.7": [ 0, 2.55467, 0 ],
            "0.75": [ 0, 0, 0 ],
            "0.95": [ 0, 0, 0 ]
          },
          "rotation": {
            "0": [ 0, 0, 0 ],
            "0.95": [ 0, 0, 0 ]
          },
          "scale": {
            "0": [ 1, 1, 1 ],
            "0.4": [ 1, 1, 1 ],
            "0.45": [ 1.112246, 0.9649233, 1.112246 ],
            "0.5": [ 1, 1, 1 ],
            "0.95": [ 1, 1, 1 ]
          }
        },
        "grass": {
          "position": {
            "0": [ 0, -0.4918033, 0 ],
            "0.95": [ 0, -0.4918033, 0 ]
          },
          "rotation": {
            "0": [ 1.79004, 0, 0 ],
            "0.05": [ 1.759682, 0, 0 ],
            "0.1": [ 1.727189, 0, 0 ],
            "0.15": [ 1.692337, 0, 0 ],
            "0.2": [ 1.654915, 0, 0 ],
            "0.25": [ 1.614723, 0, 0 ],
            "0.3": [ 1.571569, 0, 0 ],
            "0.35": [ 1.525275, 0, 0 ],
            "0.4": [ 1.475674, 0, 0 ],
            "0.45": [ 1.422608, 0, 0 ],
            "0.5": [ 1.365936, 0, 0 ],
            "0.55": [ 1.305522, 0, 0 ],
            "0.6": [ 1.241246, 0, 0 ],
            "0.65": [ 1.172999, 0, 0 ],
            "0.7": [ 1.10068, 0, 0 ],
            "0.75": [ 1.024202, 0, 0 ],
            "0.8": [ 0.9434853, 0, 0 ],
            "0.85": [ 0.8584629, 0, 0 ],
            "0.9": [ 0.7690759, 0, 0 ],
            "0.95": [ 0.682028, 0, 0 ]
          },
          "scale": {
            "0": [ 1, 1, 1 ],
            "0.95": [ 1, 1, 1 ]
          }
        },
        "tree": {
          "position": {
            "0": [ 0, 71.67508, 0 ],
            "0.4": [ 0, 71.67508, 0 ],
            "0.45": [ 0, 12.8297, 0 ],
            "0.5": [ 0, -0.75, 0 ],
            "0.55": [ 0, 0.2345158, 0 ],
            "0.6": [ 0, 4.500751, 0 ],
            "0.65": [ 0, 2.472052, 0 ],
            "0.7": [ 0, -0.75, 0 ],
            "0.95": [ 0, -0.75, 0 ]
          },
          "rotation": {
            "0": [ 1.267156, 0, 0 ],
            "0.05": [ 1.239789, 0, 0 ],
            "0.1": [ 1.211069, 0, 0 ],
            "0.15": [ 1.180342, 0, 0 ],
            "0.2": [ 1.146276, 0, 0 ],
            "0.25": [ 1.105848, 0, 0 ],
            "0.3": [ 1.051771, 0, 0 ],
            "0.35": [ 0.9884638, 0, 0 ],
            "0.4": [ 0.93656, 0, 0 ],
            "0.45": [ 0.8817031, 0, 0 ],
            "0.5": [ 0.8167143, 0, 0 ],
            "0.55": [ 0.7505856, 0, 0 ],
            "0.6": [ 0.679952, 0, 0 ],
            "0.65": [ 0.6091349, 0, 0 ],
            "0.7": [ 0.5413004, 0, 0 ],
            "0.75": [ 0.4749675, 0, 0 ],
            "0.8": [ 0.4076201, 0, 0 ],
            "0.85": [ 0.3373713, 0, 0 ],
            "0.9": [ 0.2637896, 0, 0 ],
            "0.95": [ 0.1897953, 0, 0 ]
          },
          "scale": {
            "0": [ 1, 1, 1 ],
            "0.95": [ 1, 1, 1 ]
          }
        },
        "chest": {
          "position": {
            "0": [ 0, 159.456, 0 ],
            "0.4": [ 0, 159.456, 0 ],
            "0.45": [ 0, 99.66, 0 ],
            "0.5": [ 0, 39.864, 0 ],
            "0.55": [ 0, 0, 0 ],
            "0.6": [ 0, 13.01263, 0 ],
            "0.65": [ 0, 13.97379, 0 ],
            "0.7": [ 0, 5.323349, 0 ],
            "0.75": [ 0, 0, 0 ],
            "0.8": [ 0, 3.206921, 0 ],
            "0.85": [ 0, 0, 0 ],
            "0.95": [ 0, 0, 0 ]
          },
          "rotation": {
            "0": [ 0, 0, 0 ],
            "0.95": [ 0, 0, 0 ]
          },
          "scale": {
            "0": [ 1, 1, 1 ],
            "0.95": [ 1, 1, 1 ]
          }
        },
        "sign": {
          "position": {
            "0": [ 0, 0, 0 ],
            "0.95": [ 0, 0, 0 ]
          },
          "rotation": {
            "0": [ 0, 45, 0 ],
            "0.95": [ 0, 45, 0 ]
          },
          "scale": {
            "0": [ 1, 1, 1 ],
            "0.95": [ 1, 1, 1 ]
          }
        },
        "base": {
          "position": {
            "0": [ 0, 0, 0 ],
            "0.95": [ 0, 0, 0 ]
          },
          "rotation": {
            "0": [ 0, 0, 0 ],
            "0.95": [ 0, 0, 0 ]
          },
          "scale": {
            "0": [ 1, 1, 1 ],
            "0.95": [ 1, 1, 1 ]
          }
        }
      }
    }
  }
}