{
  "format_version": "1.8.0",
  "animations": {
    "animation.adventure_hostile_a_map_spawn": {
      "loop": false,
      "bones": {
        "root": {
          "position": {
            "0": [ 0, 0, 0 ],
            "0.6": [ 0, 0, 0 ]
          },
          "rotation": {
            "0": [ 0, 90, 0 ],
            "0.6": [ 0, 90, 0 ]
          },
          "scale": {
            "0": [ 0.1132997, 0.1132997, 0.1132997 ],
            "0.05": [ 0.5348458, 0.5348458, 0.5348458 ],
            "0.1": [ 0.9563918, 0.9563918, 0.9563918 ],
            "0.15": [ 1, 1, 1 ],
            "0.45": [ 1, 1, 1 ],
            "0.5": [ 0.9335139, 0.9335139, 0.9335139 ],
            "0.55": [ 0.9265022, 0.9265022, 0.9265022 ],
            "0.6": [ 0.9844206, 0.9844206, 0.9844206 ]
          }
        },
        "grass": {
          "position": {
            "0": [ 0, 2.488924, 0 ],
            "0.05": [ 0, 32.39043, 0 ],
            "0.1": [ 0, 65.51841, 0 ],
            "0.15": [ 0, 77.56577, 0 ],
            "0.2": [ 0, 82.87547, 0 ],
            "0.25": [ 0, 83.7663, 0 ],
            "0.3": [ 0, 80.20804, 0 ],
            "0.35": [ 0, 71.84839, 0 ],
            "0.4": [ 0, 52.89705, 0 ],
            "0.45": [ 0, -0.4912, 0 ],
            "0.5": [ 0, -0.4913134, 0 ],
            "0.55": [ 0, -0.4914325, 0 ],
            "0.6": [ 0, -0.4914978, 0 ]
          },
          "rotation": {
            "0": [ 0.4390236, 0, 0 ],
            "0.6": [ 0.4390236, 0, 0 ]
          },
          "scale": {
            "0": [ 1, 1, 1 ],
            "0.6": [ 1, 1, 1 ]
          }
        },
        "chest": {
          "position": {
            "0": [ 0, 3.047141, 0 ],
            "0.05": [ 0, 33.35818, 0 ],
            "0.1": [ 0, 66.02452, 0 ],
            "0.15": [ 0, 76.50274, 0 ],
            "0.2": [ 0, 81.65598, 0 ],
            "0.25": [ 0, 84.54424, 0 ],
            "0.3": [ 0, 85.07569, 0 ],
            "0.35": [ 0, 83.20596, 0 ],
            "0.4": [ 0, 78.81956, 0 ],
            "0.45": [ 0, 71.84839, 0 ],
            "0.5": [ 0, 53.78284, 0 ],
            "0.55": [ 0, 0, 0 ],
            "0.6": [ 0, 0, 0 ]
          },
          "rotation": {
            "0": [ 0, 0, 0 ],
            "0.6": [ 0, 0, 0 ]
          },
          "scale": {
            "0": [ 1, 1, 1 ],
            "0.6": [ 1, 1, 1 ]
          }
        },
        "sign": {
          "position": {
            "0": [ 0, 3.022468, 0 ],
            "0.05": [ 0, 33.16079, 0 ],
            "0.1": [ 0, 65.89296, 0 ],
            "0.15": [ 0, 76.80659, 0 ],
            "0.2": [ 0, 82.05832, 0 ],
            "0.25": [ 0, 84.58504, 0 ],
            "0.3": [ 0, 84.33841, 0 ],
            "0.35": [ 0, 81.00285, 0 ],
            "0.4": [ 0, 74.83666, 0 ],
            "0.45": [ 0, 62.37105, 0 ],
            "0.5": [ 0, 16.5613, 0 ],
            "0.55": [ 0, 0, 0 ],
            "0.6": [ 0, 0, 0 ]
          },
          "rotation": {
            "0": [ 0, 0, 0 ],
            "0.6": [ 0, 0, 0 ]
          },
          "scale": {
            "0": [ 1, 1, 1 ],
            "0.6": [ 1, 1, 1 ]
          }
        },
        "base": {
          "position": {
            "0": [ 0, 2.959664, 0 ],
            "0.05": [ 0, 32.65836, 0 ],
            "0.1": [ 0, 65.56139, 0 ],
            "0.15": [ 0, 77.52694, 0 ],
            "0.2": [ 0, 82.8006, 0 ],
            "0.25": [ 0, 83.68537, 0 ],
            "0.3": [ 0, 80.15128, 0 ],
            "0.35": [ 0, 71.84839, 0 ],
            "0.4": [ 0, 53.16107, 0 ],
            "0.45": [ 0, 0, 0 ],
            "0.6": [ 0, 0, 0 ]
          },
          "rotation": {
            "0": [ 0, 0, 0 ],
            "0.6": [ 0, 0, 0 ]
          },
          "scale": {
            "0": [ 1, 1, 1 ],
            "0.6": [ 1, 1, 1 ]
          }
        },
        "tree": {
          "position": {
            "0": [ 0, 2.274549, 0 ],
            "0.05": [ 0, 32.52404, 0 ],
            "0.1": [ 0, 65.67657, 0 ],
            "0.15": [ 0, 77.2022, 0 ],
            "0.2": [ 0, 82.54205, 0 ],
            "0.25": [ 0, 84.49818, 0 ],
            "0.3": [ 0, 82.89654, 0 ],
            "0.35": [ 0, 77.56313, 0 ],
            "0.4": [ 0, 67.87399, 0 ],
            "0.45": [ 0, 40.22702, 0 ],
            "0.5": [ 0, -0.7503804, 0 ],
            "0.55": [ 0, -0.7502881, 0 ],
            "0.6": [ 0, -0.7502338, 0 ]
          },
          "rotation": {
            "0": [ 0, 0, 0 ],
            "0.6": [ 0, 0, 0 ]
          },
          "scale": {
            "0": [ 1, 1, 1 ],
            "0.6": [ 1, 1, 1 ]
          }
        },
        "head": {
          "position": {
            "0": [ 0, 0, 0 ],
            "0.6": [ 0, 0, 0 ]
          },
          "rotation": {
            "0": [ 0, 0, 0 ],
            "0.6": [ 0, 0, 0 ]
          },
          "scale": {
            "0": [ 1, 1, 1 ],
            "0.6": [ 1, 1, 1 ]
          }
        },
        "rightArm": {
          "position": {
            "0": [ 0, 0, 0 ],
            "0.6": [ 0, 0, 0 ]
          },
          "rotation": {
            "0": [ 0, 0, 0 ],
            "0.6": [ 0, 0, 0 ]
          },
          "scale": {
            "0": [ 1, 1, 1 ],
            "0.6": [ 1, 1, 1 ]
          }
        },
        "leftArm": {
          "position": {
            "0": [ 0, 0, 0 ],
            "0.6": [ 0, 0, 0 ]
          },
          "rotation": {
            "0": [ 0, 0, 0 ],
            "0.6": [ 0, 0, 0 ]
          },
          "scale": {
            "0": [ 1, 1, 1 ],
            "0.6": [ 1, 1, 1 ]
          }
        },
        "rightLeg": {
          "position": {
            "0": [ 0, 0, 0 ],
            "0.6": [ 0, 0, 0 ]
          },
          "rotation": {
            "0": [ 0, 0, 0 ],
            "0.6": [ 0, 0, 0 ]
          },
          "scale": {
            "0": [ 1, 1, 1 ],
            "0.6": [ 1, 1, 1 ]
          }
        },
        "leftLeg": {
          "position": {
            "0": [ 0, 0, 0 ],
            "0.6": [ 0, 0, 0 ]
          },
          "rotation": {
            "0": [ 0, 0, 0 ],
            "0.6": [ 0, 0, 0 ]
          },
          "scale": {
            "0": [ 1, 1, 1 ],
            "0.6": [ 1, 1, 1 ]
          }
        },
        "body": {
          "position": {
            "0": [ 0, 0, 0 ],
            "0.6": [ 0, 0, 0 ]
          },
          "rotation": {
            "0": [ 0, 360, 0 ],
            "0.6": [ 0, 360, 0 ]
          },
          "scale": {
            "0": [ 1, 1, 1 ],
            "0.6": [ 1, 1, 1 ]
          }
        },
        "zombie_root": {
          "position": {
            "0": [ 0, 0.6132892, 0 ],
            "0.05": [ 0, 33.67893, 0 ],
            "0.1": [ 0, 71.19352, 0 ],
            "0.15": [ 0, 79.3326, 0 ],
            "0.2": [ 0, 83.82312, 0 ],
            "0.25": [ 0, 85.31996, 0 ],
            "0.3": [ 0, 83.82312, 0 ],
            "0.35": [ 0, 79.3326, 0 ],
            "0.4": [ 0, 72.02399, 0 ],
            "0.45": [ 0, 53.61012, 0 ],
            "0.5": [ 0, 8.329928, 0 ],
            "0.55": [ 0, 0, 0 ],
            "0.6": [ 0, 0, 0 ]
          },
          "rotation": {
            "0": [ 0, 0, 0 ],
            "0.6": [ 0, 0, 0 ]
          },
          "scale": {
            "0": [ 1, 1, 1 ],
            "0.6": [ 1, 1, 1 ]
          }
        },
        "zombie_0": {
          "position": {
            "0": [ 0, 0, 0 ],
            "0.6": [ 0, 0, 0 ]
          },
          "rotation": {
            "0": [ 0, 0, 0 ],
            "0.6": [ 0, 0, 0 ]
          },
          "scale": {
            "0": [ 1, 1, 1 ],
            "0.6": [ 1, 1, 1 ]
          }
        }
      }
    }
  }
}