{
  "format_version": "1.8.0",
  "animations": {
    "animation.adventure_hard_a_map_spawn": {
      "loop": false,
      "bones": {
        "root": {
          "position": {
            "0": [ 0, 0, 0 ],
            "0.6": [ 0, 0, 0 ]
          },
          "rotation": {
            "0": [ 0, -90, 0 ],
            "0.6": [ 0, -90, 0 ]
          },
          "scale": {
            "0": [ 0.1132997, 0.1132997, 0.1132997 ],
            "0.05": [ 0.5348458, 0.5348458, 0.5348458 ],
            "0.1": [ 0.9563918, 0.9563918, 0.9563918 ],
            "0.15": [ 1, 1, 1 ],
            "0.45": [ 1, 1, 1 ],
            "0.5": [ 0.9335139, 0.9335139, 0.9335139 ],
            "0.55": [ 0.9265022, 0.9265022, 0.9265022 ],
            "0.6": [ 0.9844206, 0.9844206, 0.9844206 ]
          }
        },
        "lava": {
          "position": {
            "0": [ 0, 2.959664, 0 ],
            "0.05": [ 0, 32.65836, 0 ],
            "0.1": [ 0, 65.56139, 0 ],
            "0.15": [ 0, 77.52694, 0 ],
            "0.2": [ 0, 82.8006, 0 ],
            "0.25": [ 0, 83.68537, 0 ],
            "0.3": [ 0, 80.15128, 0 ],
            "0.35": [ 0, 71.84839, 0 ],
            "0.4": [ 0, 51.55732, 0 ],
            "0.45": [ 0, 0, 0 ],
            "0.6": [ 0, 0, 0 ]
          },
          "rotation": {
            "0": [ 0, 0, 0 ],
            "0.6": [ 0, 0, 0 ]
          },
          "scale": {
            "0": [ 1, 1, 1 ],
            "0.6": [ 1, 1, 1 ]
          }
        },
        "chest": {
          "position": {
            "0": [ 0, 3.047141, 0 ],
            "0.05": [ 0, 33.35818, 0 ],
            "0.1": [ 0, 66.02452, 0 ],
            "0.15": [ 0, 76.50274, 0 ],
            "0.2": [ 0, 81.65598, 0 ],
            "0.25": [ 0, 84.54424, 0 ],
            "0.3": [ 0, 85.07569, 0 ],
            "0.35": [ 0, 83.20596, 0 ],
            "0.4": [ 0, 78.81956, 0 ],
            "0.45": [ 0, 71.84839, 0 ],
            "0.5": [ 0, 53.78284, 0 ],
            "0.55": [ 0, 0, 0 ],
            "0.6": [ 0, 0, 0 ]
          },
          "rotation": {
            "0": [ 0, 0, 0 ],
            "0.6": [ 0, 0, 0 ]
          },
          "scale": {
            "0": [ 1, 1, 1 ],
            "0.6": [ 1, 1, 1 ]
          }
        },
        "mob_spawner": {
          "position": {
            "0": [ 0, 2.959664, 0 ],
            "0.05": [ 0, 32.65836, 0 ],
            "0.1": [ 0, 65.56139, 0 ],
            "0.15": [ 0, 77.52694, 0 ],
            "0.2": [ 0, 82.8006, 0 ],
            "0.25": [ 0, 83.68537, 0 ],
            "0.3": [ 0, 80.15128, 0 ],
            "0.35": [ 0, 71.84839, 0 ],
            "0.4": [ 0, 51.55732, 0 ],
            "0.45": [ 0, 0, 0 ],
            "0.6": [ 0, 0, 0 ]
          },
          "rotation": {
            "0": [ 0, 0, 0 ],
            "0.6": [ 0, 0, 0 ]
          },
          "scale": {
            "0": [ 1, 1, 1 ],
            "0.6": [ 1, 1, 1 ]
          }
        },
        "sign": {
          "position": {
            "0": [ 0, 3.022468, 0 ],
            "0.05": [ 0, 33.16079, 0 ],
            "0.1": [ 0, 65.89296, 0 ],
            "0.15": [ 0, 76.80659, 0 ],
            "0.2": [ 0, 82.05832, 0 ],
            "0.25": [ 0, 84.58504, 0 ],
            "0.3": [ 0, 84.33841, 0 ],
            "0.35": [ 0, 81.00285, 0 ],
            "0.4": [ 0, 74.91423, 0 ],
            "0.45": [ 0, 61.12993, 0 ],
            "0.5": [ 0, 15.84691, 0 ],
            "0.55": [ 0, 0, 0 ],
            "0.6": [ 0, 0, 0 ]
          },
          "rotation": {
            "0": [ 0, 0, 0 ],
            "0.6": [ 0, 0, 0 ]
          },
          "scale": {
            "0": [ 1, 1, 1 ],
            "0.6": [ 1, 1, 1 ]
          }
        },
        "base": {
          "position": {
            "0": [ 0, 2.959664, 0 ],
            "0.05": [ 0, 32.65836, 0 ],
            "0.1": [ 0, 65.56139, 0 ],
            "0.15": [ 0, 77.52694, 0 ],
            "0.2": [ 0, 82.8006, 0 ],
            "0.25": [ 0, 83.68537, 0 ],
            "0.3": [ 0, 80.15128, 0 ],
            "0.35": [ 0, 71.84839, 0 ],
            "0.4": [ 0, 51.55732, 0 ],
            "0.45": [ 0, 0, 0 ],
            "0.6": [ 0, 0, 0 ]
          },
          "rotation": {
            "0": [ 0, 0, 0 ],
            "0.6": [ 0, 0, 0 ]
          },
          "scale": {
            "0": [ 1, 1, 1 ],
            "0.6": [ 1, 1, 1 ]
          }
        },
        "iron_bars": {
          "position": {
            "0": [ 0, 2.959664, 0 ],
            "0.05": [ 0, 32.65836, 0 ],
            "0.1": [ 0, 65.56139, 0 ],
            "0.15": [ 0, 77.52694, 0 ],
            "0.2": [ 0, 82.8006, 0 ],
            "0.25": [ 0, 83.68537, 0 ],
            "0.3": [ 0, 80.15128, 0 ],
            "0.35": [ 0, 71.84839, 0 ],
            "0.4": [ 0, 51.55732, 0 ],
            "0.45": [ 0, 0, 0 ],
            "0.6": [ 0, 0, 0 ]
          },
          "rotation": {
            "0": [ 0, 0, 0 ],
            "0.6": [ 0, 0, 0 ]
          },
          "scale": {
            "0": [ 1, 1, 1 ],
            "0.6": [ 1, 1, 1 ]
          }
        },
        "torches": {
          "position": {
            "0": [ 0, 2.959664, 0 ],
            "0.05": [ 0, 32.65836, 0 ],
            "0.1": [ 0, 65.56139, 0 ],
            "0.15": [ 0, 77.52694, 0 ],
            "0.2": [ 0, 82.8006, 0 ],
            "0.25": [ 0, 83.68537, 0 ],
            "0.3": [ 0, 80.15128, 0 ],
            "0.35": [ 0, 71.84839, 0 ],
            "0.4": [ 0, 51.55732, 0 ],
            "0.45": [ 0, 0, 0 ],
            "0.6": [ 0, 0, 0 ]
          },
          "rotation": {
            "0": [ 0, 0, 0 ],
            "0.6": [ 0, 0, 0 ]
          },
          "scale": {
            "0": [ 1, 1, 1 ],
            "0.6": [ 1, 1, 1 ]
          }
        },
        "head": {
          "position": {
            "0": [ 0, 0, 0 ],
            "0.6": [ 0, 0, 0 ]
          },
          "rotation": {
            "0": [ 0, -39.91717, 0 ],
            "0.6": [ 0, -39.91717, 0 ]
          },
          "scale": {
            "0": [ 1, 1, 1 ],
            "0.6": [ 1, 1, 1 ]
          }
        },
        "rightArm": {
          "position": {
            "0": [ 0, 0, 0 ],
            "0.6": [ 0, 0, 0 ]
          },
          "rotation": {
            "0": [ -90, 0, 0 ],
            "0.6": [ -90, 0, 0 ]
          },
          "scale": {
            "0": [ 1, 1, 1 ],
            "0.6": [ 1, 1, 1 ]
          }
        },
        "rightLeg": {
          "position": {
            "0": [ 0, 0, 0 ],
            "0.6": [ 0, 0, 0 ]
          },
          "rotation": {
            "0": [ 0, 0, 0 ],
            "0.6": [ 0, 0, 0 ]
          },
          "scale": {
            "0": [ 1, 1, 1 ],
            "0.6": [ 1, 1, 1 ]
          }
        },
        "leftLeg": {
          "position": {
            "0": [ 0, 0, 0 ],
            "0.6": [ 0, 0, 0 ]
          },
          "rotation": {
            "0": [ 0, 0, 0 ],
            "0.6": [ 0, 0, 0 ]
          },
          "scale": {
            "0": [ 1, 1, 1 ],
            "0.6": [ 1, 1, 1 ]
          }
        },
        "body": {
          "position": {
            "0": [ 0, 0, 0 ],
            "0.6": [ 0, 0, 0 ]
          },
          "rotation": {
            "0": [ 0, 0, 0 ],
            "0.6": [ 0, 0, 0 ]
          },
          "scale": {
            "0": [ 1, 1, 1 ],
            "0.6": [ 1, 1, 1 ]
          }
        },
        "zombie_root": {
          "position": {
            "0": [ 0, 5.488418, 0 ],
            "0.05": [ 0, 50.55997, 0 ],
            "0.1": [ 0, 75.59049, 0 ],
            "0.15": [ 0, 81.16206, 0 ],
            "0.2": [ 0, 84.73785, 0 ],
            "0.25": [ 0, 85.15364, 0 ],
            "0.3": [ 0, 82.65891, 0 ],
            "0.35": [ 0, 77.17049, 0 ],
            "0.4": [ 0, 68.11784, 0 ],
            "0.45": [ 0, 40.91899, 0 ],
            "0.5": [ 0, 0, 0 ],
            "0.6": [ 0, 0, 0 ]
          },
          "rotation": {
            "0": [ 0, 0, 0 ],
            "0.6": [ 0, 0, 0 ]
          },
          "scale": {
            "0": [ 1, 1, 1 ],