{
  "format_version": "1.8.0",
  "animations": {
    "animation.adventure_peaceful_a_preview_enter": {
      "loop": false,
      "bones": {
        "root": {
          "position": {
            "0": [ 0, 159.9096, 0 ],
            "0.03333334": [ 0, 159.4563, 0 ],
            "0.06666667": [ 0, 158.039, 0 ],
            "0.1": [ 0, 155.5567, 0 ],
            "0.1333333": [ 0, 151.8838, 0 ],
            "0.1666667": [ 0, 146.8597, 0 ],
            "0.2": [ 0, 140.2713, 0 ],
            "0.2333333": [ 0, 131.8234, 0 ],
            "0.2666667": [ 0, 121.0812, 0 ],
            "0.3": [ 0, 107.343, 0 ],
            "0.3333333": [ 0, 89.30368, 0 ],
            "0.3666667": [ 0, 63.76441, 0 ],
            "0.4": [ 0, 0, 0 ],
            "0.4666667": [ 0, 0, 0 ],
            "0.5": [ 0, 12.32157, 0 ],
            "0.5333334": [ 0, 14.11434, 0 ],
            "0.5666667": [ 0, 13.48644, 0 ],
            "0.6": [ 0, 10.19608, 0 ],
            "0.6333333": [ 0, 0, 0 ],
            "0.6666667": [ 0, 1.885142, 0 ],
            "0.7": [ 0, 2.55467, 0 ],
            "0.7333333": [ 0, 1.920245, 0 ],
            "0.7666667": [ 0, 0, 0 ],
            "1.033333": [ 0, 0, 0 ]
          },
          "rotation": {
            "0": [ 0, 0, 0 ],
            "1.033333": [ 0, 0, 0 ]
          },
          "scale": {
            "0": [ 1, 1, 1 ],
            "0.4": [ 1, 1, 1 ],
            "0.4333333": [ 1.112246, 0.9649233, 1.112246 ],
            "0.4666667": [ 1.112246, 0.9649233, 1.112246 ],
            "0.5": [ 1, 1, 1 ],
            "1.033333": [ 1, 1, 1 ]
          }
        },
        "grass": {
          "position": {
            "0": [ 0, -0.4918033, 0 ],
            "1.033333": [ 0, -0.4918033, 0 ]
          },
          "rotation": {
            "0": [ -1.851267, 0, 0 ],
            "0.03333334": [ -1.849548, 0, 0 ],
            "0.06666667": [ -1.844399, 0, 0 ],
            "0.1": [ -1.835838, 0, 0 ],
            "0.1333333": [ -1.823892, 0, 0 ],
            "0.1666667": [ -1.808595, 0, 0 ],
            "0.2": [ -1.789992, 0, 0 ],
            "0.2333333": [ -1.768133, 0, 0 ],
            "0.2666667": [ -1.743078, 0, 0 ],
            "0.3": [ -1.714895, 0, 0 ],
            "0.3333333": [ -1.683659, 0, 0 ],
            "0.3666667": [ -1.649454, 0, 0 ],
            "0.4": [ -1.612369, 0, 0 ],
            "0.4333333": [ -1.572501, 0, 0 ],
            "0.4666667": [ -1.529951, 0, 0 ],
            "0.5": [ -1.484827, 0, 0 ],
            "0.5333334": [ -1.437241, 0, 0 ],
            "0.5666667": [ -1.387308, 0, 0 ],
            "0.6": [ -1.335147, 0, 0 ],
            "0.6333333": [ -1.280879, 0, 0 ],
            "0.6666667": [ -1.224628, 0, 0 ],
            "0.7": [ -1.166517, 0, 0 ],
            "0.7333333": [ -1.106669, 0, 0 ],
            "0.7666667": [ -1.045209, 0, 0 ],
            "0.8": [ -0.9822597, 0, 0 ],
            "0.8333333": [ -0.9179415, 0, 0 ],
            "0.8666667": [ -0.8523735, 0, 0 ],
            "0.9": [ -0.7856725, 0, 0 ],
            "0.9333333": [ -0.7179519, 0, 0 ],
            "0.9666666": [ -0.649322, 0, 0 ],
            "1": [ -0.5798894, 0, 0 ],
            "1.033333": [ -0.509757, 0, 0 ]
          },
          "scale": {
            "0": [ 1, 1, 1 ],
            "1.033333": [ 1, 1, 1 ]
          }
        },
        "tree": {
          "position": {
            "0": [ 0, -0.75, 0 ],
            "1.033333": [ 0, -0.75, 0 ]
          },
          "rotation": {
            "0": [ -1.303097, 0, 0 ],
            "0.03333334": [ -1.300604, 0, 0 ],
            "0.06666667": [ -1.293429, 0, 0 ],
            "0.1": [ -1.281978, 0, 0 ],
            "0.1333333": [ -1.266606, 0, 0 ],
            "0.1666667": [ -1.247622, 0, 0 ],
            "0.2": [ -1.225301, 0, 0 ],
            "0.2333333": [ -1.199887, 0, 0 ],
            "0.2666667": [ -1.171599, 0, 0 ],
            "0.3": [ -1.140634, 0, 0 ],
            "0.3333333": [ -1.107171, 0, 0 ],
            "0.3666667": [ -1.071375, 0, 0 ],
            "0.4": [ -1.033396, 0, 0 ],
            "0.4333333": [ -0.9933738, 0, 0 ],
            "0.4666667": [ -0.9514383, 0, 0 ],
            "0.5": [ -0.9077119, 0, 0 ],
            "0.5333334": [ -0.8623101, 0, 0 ],
            "0.5666667": [ -0.8153434, 0, 0 ],
            "0.6": [ -0.7669181, 0, 0 ],
            "0.6333333": [ -0.7171378, 0, 0 ],
            "0.6666667": [ -0.6661046, 0, 0 ],
            "0.7": [ -0.6139204, 0, 0 ],
            "0.7333333": [ -0.5606882, 0, 0 ],
            "0.7666667": [ -0.5065144, 0, 0 ],
            "0.8": [ -0.4515104, 0, 0 ],
            "0.8333333": [ -0.3957954, 0, 0 ],
            "0.8666667": [ -0.3394999, 0, 0 ],
            "0.9": [ -0.2827706, 0, 0 ],
            "0.9333333": [ -0.2257762, 0, 0 ],
            "0.9666666": [ -0.1687175, 0, 0 ],
            "1": [ -0.1118412, 0, 0 ],
            "1.033333": [ -0.05546206, 0, 0 ]
          },
          "scale": {
            "0": [ 1, 1, 1 ],
            "1.033333": [ 1, 1, 1 ]
          }
        },
        "chest": {
          "position": {
            "0": [ 0, 159.456, 0 ],
            "0.2": [ 0, 159.456, 0 ],
            "0.2333333": [ 0, 159.0727, 0 ],
            "0.2666667": [ 0, 157.8411, 0 ],
            "0.3": [ 0, 155.6136, 0 ],
            "0.3333333": [ 0, 152.1994, 0 ],
            "0.3666667": [ 0, 147.3464, 0 ],
            "0.4": [ 0, 140.7128, 0 ],
            "0.4333333": [ 0, 131.8251, 0 ],
            "0.4666667": [ 0, 120.0152, 0 ],
            "0.5": [ 0, 104.3496, 0 ],
            "0.5333334": [ 0, 83.66492, 0 ],
            "0.5666667": [ 0, 57.25609, 0 ],
            "0.6": [ 0, 27.28626, 0 ],
            "0.6333333": [ 0, 0, 0 ],
            "0.6666667": [ 0, 8.170024, 0 ],
            "0.7": [ 0, 13.21254, 0 ],
            "0.7333333": [ 0, 14.35741, 0 ],
            "0.7666667": [ 0, 14.59102, 0 ],
            "0.8": [ 0, 14.35163, 0 ],
            "0.8333333": [ 0, 13.21254, 0 ],
            "0.8666667": [ 0, 8.239529, 0 ],
            "0.9": [ 0, 0, 0 ],
            "0.9333333": [ 0, 2.241076, 0 ],
            "0.9666666": [ 0, 3.206921, 0 ],
            "1": [ 0, 2.241076, 0 ],
            "1.033333": [ 0, 0, 0 ]
          },
          "rotation": {
            "0": [ 0, 0, 0 ],
            "1.033333": [ 0, 0, 0 ]
          },
          "scale": {
            "0": [ 1, 1, 1 ],
            "1.033333": [ 1, 1, 1 ]
          }
        },
        "sign": {
          "position": {
            "0": [ 0, 0, 0 ],
            "0.4666667": [ 0, 0, 0 ],
            "0.5": [ 0, 1.486187, 0 ],
            "0.5333334": [ 0, 2.713299, 0 ],
            "0.5666667": [ 0, 3.020483, 0 ],
            "0.6": [ 0, 2.713299, 0 ],
            "0.6333333": [ 0, 1.486187, 0 ],
            "0.6666667": [ 0, 0, 0 ],
            "0.7": [ 0, 0.8949504, 0 ],
            "0.7333333": [ 0, 1.332597, 0 ],
            "0.7666667": [ 0, 0.8949504, 0 ],
            "0.8": [ 0, 0, 0 ],
            "1.033333": [ 0, 0, 0 ]
          },
          "rotation": {
            "0": [ 0, 45, 0 ],
            "1.033333": [ 0, 45, 0 ]
          },
          "scale": {
            "0": [ 1, 1, 1 ],
            "1.033333": [ 1, 1, 1 ]
          }
        },
        "base": {
          "position": {
            "0": [ 0, 0, 0 ],
            "1.033333": [ 0, 0, 0 ]
          },
          "rotation": {
            "0": [ 0, 0, 0 ],
            "1.033333": [ 0, 0, 0 ]
          },
          "scale": {
            "0": [ 1, 1, 1 ],
            "1.033333": [ 1, 1, 1 ]
          }
        }
      }
    }
  }
}