{
  "format_version": "1.8.0",
  "animations": {
    "animation.adventure_hostile_a_map_summon": {
      "loop": false,
      "bones": {
        "root": {
          "position": {
            "0": [ 0, 556.91, 0 ],
            "0.05": [ 0, 551.523, 0 ],
            "0.1": [ 0, 534.5834, 0 ],
            "0.15": [ 0, 504.6869, 0 ],
            "0.2": [ 0, 459.9172, 0 ],
            "0.25": [ 0, 397.5547, 0 ],
            "0.3": [ 0, 313.1158, 0 ],
            "0.35": [ 0, 199.5229, 0 ],
            "0.4": [ 0, 0, 0 ],
            "0.45": [ 0, 0, 0 ],
            "0.5": [ 0, 12.32157, 0 ],
            "0.55": [ 0, 14.03585, 0 ],
            "0.6": [ 0, 10.19608, 0 ],
            "0.65": [ 0, 0.7829041, 0 ],
            "0.7": [ 0, 2.55467, 0 ],
            "0.75": [ 0, 0.8004558, 0 ],
            "0.8": [ 0, 0, 0 ],
            "0.95": [ 0, 0, 0 ]
          },
          "rotation": {
            "0": [ 0, 90, 0 ],
            "0.95": [ 0, 90, 0 ]
          },
          "scale": {
            "0": [ 1, 1, 1 ],
            "0.4": [ 1, 1, 1 ],
            "0.45": [ 1.112246, 0.9649233, 1.112246 ],
            "0.5": [ 1, 1, 1 ],
            "0.95": [ 1, 1, 1 ]
          }
        },
        "grass": {
          "position": {
            "0": [ 0, -0.4918033, 0 ],
            "0.95": [ 0, -0.4918033, 0 ]
          },
          "rotation": {
            "0": [ 1.79004, 0, 0 ],
            "0.05": [ 1.759494, 0, 0 ],
            "0.1": [ 1.726506, 0, 0 ],
            "0.15": [ 1.690954, 0, 0 ],
            "0.2": [ 1.652718, 0, 0 ],
            "0.25": [ 1.611675, 0, 0 ],
            "0.3": [ 1.567705, 0, 0 ],
            "0.35": [ 1.520686, 0, 0 ],
            "0.4": [ 1.470496, 0, 0 ],
            "0.45": [ 1.417014, 0, 0 ],
            "0.5": [ 1.360118, 0, 0 ],
            "0.55": [ 1.299688, 0, 0 ],
            "0.6": [ 1.235601, 0, 0 ],
            "0.65": [ 1.167737, 0, 0 ],
            "0.7": [ 1.095974, 0, 0 ],
            "0.75": [ 1.02019, 0, 0 ],
            "0.8": [ 0.9402634, 0, 0 ],
            "0.85": [ 0.8560739, 0, 0 ],
            "0.9": [ 0.7674994, 0, 0 ],
            "0.95": [ 0.6732181, 0, 0 ]
          },
          "scale": {
            "0": [ 1, 1, 1 ],
            "0.95": [ 1, 1, 1 ]
          }
        },
        "chest": {
          "position": {
            "0": [ 0, 159.456, 0 ],
            "0.4": [ 0, 159.456, 0 ],
            "0.45": [ 0, 99.66, 0 ],
            "0.5": [ 0, 39.864, 0 ],
            "0.55": [ 0, 2.439868, 0 ],
            "0.6": [ 0, 13.01263, 0 ],
            "0.65": [ 0, 13.97379, 0 ],
            "0.7": [ 0, 5.323349, 0 ],
            "0.75": [ 0, 0.8017303, 0 ],
            "0.8": [ 0, 3.206921, 0 ],
            "0.85": [ 0, 0.8017303, 0 ],
            "0.9": [ 0, 0, 0 ],
            "0.95": [ 0, 0, 0 ]
          },
          "rotation": {
            "0": [ 0, 0, 0 ],
            "0.95": [ 0, 0, 0 ]
          },
          "scale": {
            "0": [ 1, 1, 1 ],
            "0.95": [ 1, 1, 1 ]
          }
        },
        "sign": {
          "position": {
            "0": [ 0, 0, 0 ],
            "0.45": [ 0, 0, 0 ],
            "0.5": [ 0, 1.230567, 0 ],
            "0.55": [ 0, 2.852679, 0 ],
            "0.6": [ 0, 2.461134, 0 ],
            "0.65": [ 0, 0.4614627, 0 ],
            "0.7": [ 0, 0.8328733, 0 ],
            "0.75": [ 0, 1.166023, 0 ],
            "0.8": [ 0, 0, 0 ],
            "0.95": [ 0, 0, 0 ]
          },
          "rotation": {
            "0": [ 0, 0, 0 ],
            "0.95": [ 0, 0, 0 ]
          },
          "scale": {
            "0": [ 1, 1, 1 ],
            "0.95": [ 1, 1, 1 ]
          }
        },
        "base": {
          "position": {
            "0": [ 0, 0, 0 ],
            "0.95": [ 0, 0, 0 ]
          },
          "rotation": {
            "0": [ 0, 0, 0 ],
            "0.95": [ 0, 0, 0 ]
          },
          "scale": {
            "0": [ 1, 1, 1 ],
            "0.95": [ 1, 1, 1 ]
          }
        },
        "tree": {
          "position": {
            "0": [ 0, 71.67508, 0 ],
            "0.4": [ 0, 71.67508, 0 ],
            "0.45": [ 0, -0.7504, 0 ],
            "0.5": [ 0, -0.75, 0 ],
            "0.55": [ 0, 1.557259, 0 ],
            "0.6": [ 0, 5.52367, 0 ],
            "0.65": [ 0, 2.472052, 0 ],
            "0.7": [ 0, -0.75, 0 ],
            "0.95": [ 0, -0.75, 0 ]
          },
          "rotation": {
            "0": [ 1.267156, 0, 0 ],
            "0.05": [ 1.237474, 0, 0 ],
            "0.1": [ 1.202689, 0, 0 ],
            "0.15": [ 1.163689, 0, 0 ],
            "0.2": [ 1.121363, 0, 0 ],
            "0.25": [ 1.076598, 0, 0 ],
            "0.3": [ 1.030284, 0, 0 ],
            "0.35": [ 0.9833085, 0, 0 ],
            "0.4": [ 0.93656, 0, 0 ],
            "0.45": [ 0.8817031, 0, 0 ],
            "0.5": [ 0.8167143, 0, 0 ],
            "0.55": [ 0.7505856, 0, 0 ],
            "0.6": [ 0.679952, 0, 0 ],
            "0.65": [ 0.6083128, 0, 0 ],
            "0.7": [ 0.5378965, 0, 0 ],
            "0.75": [ 0.4680836, 0, 0 ],
            "0.8": [ 0.3982548, 0, 0 ],
            "0.85": [ 0.3277909, 0, 0 ],
            "0.9": [ 0.2560725, 0, 0 ],
            "0.95": [ 0.1817447, 0, 0 ]
          },
          "scale": {
            "0": [ 1, 1, 1 ],
            "0.95": [ 1, 1, 1 ]
          }
        },
        "head": {
          "position": {
            "0": [ 0, 0, 0 ],
            "0.95": [ 0, 0, 0 ]
          },
          "rotation": {
            "0": [ 0, 0, 0 ],
            "0.95": [ 0, 0, 0 ]
          },
          "scale": {
            "0": [ 1, 1, 1 ],
            "0.95": [ 1, 1, 1 ]
          }
        },
        "rightArm": {
          "position": {
            "0": [ 0, 0, 0 ],
            "0.95": [ 0, 0, 0 ]
          },
          "rotation": {
            "0": [ 0, 0, 0 ],
            "0.95": [ 0, 0, 0 ]
          },
          "scale": {
            "0": [ 1, 1, 1 ],
            "0.95": [ 1, 1, 1 ]
          }
        },
        "leftArm": {
          "position": {
            "0": [ 0, 0, 0 ],
            "0.95": [ 0, 0, 0 ]
          },
          "rotation": {
            "0": [ 0, 0, 0 ],
            "0.95": [ 0, 0, 0 ]
          },
          "scale": {
            "0": [ 1, 1, 1 ],
            "0.95": [ 1, 1, 1 ]
          }
        },
        "rightLeg": {
          "position": {
            "0": [ 0, 0, 0 ],
            "0.95": [ 0, 0, 0 ]
          },
          "rotation": {
            "0": [ 0, 0, 0 ],
            "0.95": [ 0, 0, 0 ]
          },
          "scale": {
            "0": [ 1, 1, 1 ],
            "0.95": [ 1, 1, 1 ]
          }
        },
        "leftLeg": {
          "position": {
            "0": [ 0, 0, 0 ],
            "0.95": [ 0, 0, 0 ]
          },
          "rotation": {
            "0": [ 0, 0, 0 ],
            "0.95": [ 0, 0, 0 ]
          },
          "scale": {
            "0": [ 1, 1, 1 ],
            "0.95": [ 1, 1, 1 ]
          }
        },
        "body": {
          "position": {
            "0": [ 0, 0, 0 ],
            "0.95": [ 0, 0, 0 ]
          },
          "rotation": {
            "0": [ 0, 0, 0 ],
            "0.95": [ 0, 0, 0 ]
          },
          "scale": {
            "0": [ 1, 1, 1 ],
            "0.95": [ 1, 1, 1 ]
          }
        },
        "zombie_root": {
          "position": {
            "0": [ 0, 0, 0 ],
            "0.5": [ 0, 0, 0 ],
            "0.55": [ 0, 7.735766, 0 ],
            "0.6": [ 0, 13.20973, 0 ],
            "0.65": [ 0, 0, 0 ],
            "0.7": [ 0, 4.407792, 0 ],
            "0.75": [ 2.411662E-15, 5.374469, 0 ],
            "0.8": [ 3.215549E-15, 0, 0 ],
            "0.95": [ 3.215549E-15, 0, 0 ]
          },
          "rotation": {
            "0": [ 0, 0, 0 ],
            "0.95": [ 0, 0, 0 ]
          },
          "scale": {
            "0": [ 1, 1, 1 ],
            "0.95": [ 1, 1, 1 ]
          }
        },
        "zombie_0": {
          "position": {
            "0": [ 0, 0, 0 ],
            "0.95": [ 0, 0, 0 ]
          },