{
  "format_version": "1.8.0",
  "animations": {
    "animation.adventure_jungle_a_preview_enter": {
      "loop": false,
      "bones": {
        "root": {
          "position": {
            "0": [ 0, 159.7999, 0 ],
            "0.05": [ 0, 158.039, 0 ],
            "0.1": [ 0, 153.8791, 0 ],
            "0.15": [ 0, 146.8597, 0 ],
            "0.2": [ 0, 136.307, 0 ],
            "0.25": [ 0, 121.0812, 0 ],
            "0.3": [ 0, 99.06092, 0 ],
            "0.35": [ 0, 63.76441, 0 ],
            "0.4": [ 0, 0, 0 ],
            "0.45": [ 0, 0, 0 ],
            "0.5": [ 0, 13.89024, 0 ],
            "0.55": [ 0, 13.48644, 0 ],
            "0.6": [ 0, 4.255139, 0 ],
            "0.65": [ 0, 0, 0 ],
            "0.7": [ 0, 2.397125, 0 ],
            "0.75": [ 0, 0, 0 ],
            "1.05": [ 0, 0, 0 ]
          },
          "rotation": {
            "0": [ 0, 0, 0 ],
            "1.05": [ 0, 0, 0 ]
          },
          "scale": {
            "0": [ 1, 1, 1 ],
            "0.35": [ 1, 1, 1 ],
            "0.4": [ 1.056123, 0.9824616, 1.056123 ],
            "0.45": [ 1.112246, 0.9649233, 1.112246 ],
            "0.5": [ 1, 1, 1 ],
            "1.05": [ 1, 1, 1 ]
          }
        },
        "grass": {
          "position": {
            "0": [ 0, -0.4918033, 0 ],
            "1.05": [ 0, -0.4918033, 0 ]
          },
          "rotation": {
            "0": [ 1.782569, 0, 0 ],
            "0.05": [ 1.748775, 0, 0 ],
            "0.1": [ 1.714946, 0, 0 ],
            "0.15": [ 1.678513, 0, 0 ],
            "0.2": [ 1.639355, 0, 0 ],
            "0.25": [ 1.59735, 0, 0 ],
            "0.3": [ 1.552377, 0, 0 ],
            "0.35": [ 1.504314, 0, 0 ],
            "0.4": [ 1.45304, 0, 0 ],
            "0.45": [ 1.398434, 0, 0 ],
            "0.5": [ 1.340374, 0, 0 ],
            "0.55": [ 1.278738, 0, 0 ],
            "0.6": [ 1.213406, 0, 0 ],
            "0.65": [ 1.144255, 0, 0 ],
            "0.7": [ 1.071165, 0, 0 ],
            "0.75": [ 0.9940137, 0, 0 ],
            "0.8": [ 0.9126799, 0, 0 ],
            "0.85": [ 0.8270422, 0, 0 ],
            "0.9": [ 0.7369792, 0, 0 ],
            "0.95": [ 0.6423693, 0, 0 ],
            "1": [ 0.5430913, 0, 0 ],
            "1.05": [ 0.4390236, 0, 0 ]
          },
          "scale": {
            "0": [ 1, 1, 1 ],
            "1.05": [ 1, 1, 1 ]
          }
        },
        "tallgrass": {
          "position": {
            "0": [ 0, -0.4918033, 0 ],
            "1.05": [ 0, -0.4918033, 0 ]
          },
          "rotation": {
            "0": [ 1.782569, 0, 0 ],
            "0.05": [ 1.748775, 0, 0 ],
            "0.1": [ 1.714946, 0, 0 ],
            "0.15": [ 1.678513, 0, 0 ],
            "0.2": [ 1.639355, 0, 0 ],
            "0.25": [ 1.59735, 0, 0 ],
            "0.3": [ 1.552377, 0, 0 ],
            "0.35": [ 1.504314, 0, 0 ],
            "0.4": [ 1.45304, 0, 0 ],
            "0.45": [ 1.398434, 0, 0 ],
            "0.5": [ 1.340374, 0, 0 ],
            "0.55": [ 1.278738, 0, 0 ],
            "0.6": [ 1.213406, 0, 0 ],
            "0.65": [ 1.144255, 0, 0 ],
            "0.7": [ 1.071165, 0, 0 ],
            "0.75": [ 0.9940137, 0, 0 ],
            "0.8": [ 0.9126799, 0, 0 ],
            "0.85": [ 0.8270422, 0, 0 ],
            "0.9": [ 0.7369792, 0, 0 ],
            "0.95": [ 0.6423693, 0, 0 ],
            "1": [ 0.5430913, 0, 0 ],
            "1.05": [ 0.4390236, 0, 0 ]
          },
          "scale": {
            "0": [ 1, 1, 1 ],
            "1.05": [ 1, 1, 1 ]
          }
        },
        "chest": {
          "position": {
            "0": [ 0, 159.456, 0 ],
            "0.15": [ 0, 159.456, 0 ],
            "0.2": [ 0, 159.2099, 0 ],
            "0.25": [ 0, 155.544, 0 ],
            "0.3": [ 0, 147.5331, 0 ],
            "0.35": [ 0, 135.241, 0 ],
            "0.4": [ 0, 118.7313, 0 ],
            "0.45": [ 0, 98.06738, 0 ],
            "0.5": [ 0, 73.31274, 0 ],
            "0.55": [ 0, 44.53082, 0 ],
            "0.6": [ 0, 8.78525, 0 ],
            "0.65": [ 0, 7.559024, 0 ],
            "0.7": [ 0, 14.56483, 0 ],
            "0.75": [ 0, 15.97005, 0 ],
            "0.8": [ 0, 14.54772, 0 ],
            "0.85": [ 0, 7.5779, 0 ],
            "0.9": [ 0, 0, 0 ],
            "0.95": [ 0, 3.206921, 0 ],
            "1": [ 0, 0, 0 ],
            "1.05": [ 0, 0, 0 ]
          },
          "rotation": {
            "0": [ 0, 0, 0 ],
            "1.05": [ 0, 0, 0 ]
          },
          "scale": {
            "0": [ 1, 1, 1 ],
            "1.05": [ 1, 1, 1 ]
          }
        },
        "sign": {
          "position": {
            "0": [ 0, 0, 0 ],
            "0.45": [ 0, 0, 0 ],
            "0.5": [ 0, 1.887802, 0 ],
            "0.55": [ 0, 3.020483, 0 ],
            "0.6": [ 0, 1.887802, 0 ],
            "0.65": [ 0, 0, 0 ],
            "0.7": [ 0, 1.166023, 0 ],
            "0.75": [ 0, 0.8328733, 0 ],
            "0.8": [ 0, 0, 0 ],
            "1.05": [ 0, 0, 0 ]
          },
          "rotation": {
            "0": [ 0, 0, 0 ],
            "1.05": [ 0, 0, 0 ]
          },
          "scale": {
            "0": [ 1, 1, 1 ],
            "1.05": [ 1, 1, 1 ]
          }
        },
        "base": {
          "position": {
            "0": [ 0, 0, 0 ],
            "1.05": [ 0, 0, 0 ]
          },
          "rotation": {
            "0": [ 0, 0, 0 ],
            "1.05": [ 0, 0, 0 ]
          },
          "scale": {
            "0": [ 1, 1, 1 ],
            "1.05": [ 1, 1, 1 ]
          }
        },
        "tree": {
          "position": {
            "0": [ 0, -0.75, 0 ],
            "1.05": [ 0, -0.75, 0 ]
          },
          "rotation": {
            "0": [ 1.260227, 0, 0 ],
            "0.05": [ 1.227903, 0, 0 ],
            "0.1": [ 1.194022, 0, 0 ],
            "0.15": [ 1.156475, 0, 0 ],
            "0.2": [ 1.115391, 0, 0 ],
            "0.25": [ 1.070899, 0, 0 ],
            "0.3": [ 1.023125, 0, 0 ],
            "0.35": [ 0.9721988, 0, 0 ],
            "0.4": [ 0.9182484, 0, 0 ],
            "0.45": [ 0.8614016, 0, 0 ],
            "0.5": [ 0.801787, 0, 0 ],
            "0.55": [ 0.7395325, 0, 0 ],
            "0.6": [ 0.6747664, 0, 0 ],
            "0.65": [ 0.6076168, 0, 0 ],
            "0.7": [ 0.5382121, 0, 0 ],
            "0.75": [ 0.4666803, 0, 0 ],
            "0.8": [ 0.3931496, 0, 0 ],
            "0.85": [ 0.3177483, 0, 0 ],
            "0.9": [ 0.2406044, 0, 0 ],
            "0.95": [ 0.1618463, 0, 0 ],
            "1": [ 0.08160213, 0, 0 ],
            "1.05": [ 0, 0, 0 ]
          },
          "scale": {
            "0": [ 1, 1, 1 ],
            "1.05": [ 1, 1, 1 ]
          }
        },
        "head": {
          "position": {
            "0": [ 0, 0, 0 ],
            "1.05": [ 0, 0, 0 ]
          },
          "rotation": {
            "0": [ 0, -39.92994, 0 ],
            "0.05": [ 0, -39.94573, 0 ],
            "0.1": [ 0, -39.95649, 0 ],
            "0.15": [ 0, -39.96106, 0 ],
            "0.2": [ 0, -39.9621, 0 ],
            "0.25": [ 0, -39.05751, 0 ],
            "0.3": [ 0, -34.99582, 0 ],
            "0.35": [ 0, -28.74602, 0 ],
            "0.4": [ 0, -21.28061, 0 ],
            "0.45": [ 0, -13.4949, 0 ],
            "0.5": [ 0, -6.373015, 0 ],
            "0.55": [ 0, -1.25985, 0 ],
            "0.6": [ 0, 0, 0 ],
            "1.05": [ 0, 0, 0 ]
          },
          "scale": {
            "0": [ 1, 1, 1 ],
            "1.05": [ 1, 1, 1 ]
          }
        },
        "rightArm": {
          "position": {
            "0": [ 0, 0, 0 ],
            "1.05": [ 0, 0, 0 ]
          },
          "rotation": {
            "0": [ 0, 0, 0 ],
            "1.05": [ 0, 0, 0 ]
          },
          "scale": {
            "0": [ 1, 1, 1 ],
            "1.05": [ 1, 1, 1 ]
          }
        },
        "leftArm": {
          "position": {
            "0": [ 0, 0, 0 ],
            "1.05": [ 0, 0, 0 ]
          },
          "rotation": {
            "0": [ 0, 0, 0 ],
            "1.05": [ 0, 0, 0 ]
          },