{
  "format_version": "1.8.0",
  "animations": {
    "animation.adventure_hard_a_preview_enter": {
      "loop": false,
      "bones": {
        "root": {
          "position": {
            "0": [ 0, 159.7999, 0 ],
            "0.05": [ 0, 158.039, 0 ],
            "0.1": [ 0, 153.8791, 0 ],
            "0.15": [ 0, 146.8597, 0 ],
            "0.2": [ 0, 136.307, 0 ],
            "0.25": [ 0, 121.0812, 0 ],
            "0.3": [ 0, 99.06092, 0 ],
            "0.35": [ 0, 63.76441, 0 ],
            "0.4": [ 0, 0, 0 ],
            "0.45": [ 0, 0, 0 ],
            "0.5": [ 0, 13.89024, 0 ],
            "0.55": [ 0, 13.48644, 0 ],
            "0.6": [ 0, 4.255139, 0 ],
            "0.65": [ 0, 1.885142, 0 ],
            "0.7": [ 0, 2.397125, 0 ],
            "0.75": [ 0, 0, 0 ],
            "1.05": [ 0, 0, 0 ]
          },
          "rotation": {
            "0": [ 0, -90, 0 ],
            "1.05": [ 0, -90, 0 ]
          },
          "scale": {
            "0": [ 1, 1, 1 ],
            "0.35": [ 1, 1, 1 ],
            "0.4": [ 1.056123, 0.9824616, 1.056123 ],
            "0.45": [ 1.112246, 0.9649233, 1.112246 ],
            "0.5": [ 1, 1, 1 ],
            "1.05": [ 1, 1, 1 ]
          }
        },
        "lava": {
          "position": {
            "0": [ 0, 0, 0 ],
            "1.05": [ 0, 0, 0 ]
          },
          "rotation": {
            "0": [ 0, 0, 0 ],
            "1.05": [ 0, 0, 0 ]
          },
          "scale": {
            "0": [ 1, 1, 1 ],
            "1.05": [ 1, 1, 1 ]
          }
        },
        "chest": {
          "position": {
            "0": [ 0, 159.456, 0 ],
            "0.15": [ 0, 159.456, 0 ],
            "0.2": [ 0, 159.2099, 0 ],
            "0.25": [ 0, 155.544, 0 ],
            "0.3": [ 0, 147.5331, 0 ],
            "0.35": [ 0, 135.241, 0 ],
            "0.4": [ 0, 118.7313, 0 ],
            "0.45": [ 0, 98.06738, 0 ],
            "0.5": [ 0, 73.31274, 0 ],
            "0.55": [ 0, 44.53082, 0 ],
            "0.6": [ 0, 8.78525, 0 ],
            "0.65": [ 0, 7.559024, 0 ],
            "0.7": [ 0, 14.56483, 0 ],
            "0.75": [ 0, 15.97005, 0 ],
            "0.8": [ 0, 14.54772, 0 ],
            "0.85": [ 0, 7.5779, 0 ],
            "0.9": [ 0, 0.8017303, 0 ],
            "0.95": [ 0, 3.206921, 0 ],
            "1": [ 0, 0.8017303, 0 ],
            "1.05": [ 0, 0, 0 ]
          },
          "rotation": {
            "0": [ 0, 0, 0 ],
            "1.05": [ 0, 0, 0 ]
          },
          "scale": {
            "0": [ 1, 1, 1 ],
            "1.05": [ 1, 1, 1 ]
          }
        },
        "mob_spawner": {
          "position": {
            "0": [ 0, 0, 0 ],
            "1.05": [ 0, 0, 0 ]
          },
          "rotation": {
            "0": [ 0, 0, 0 ],
            "1.05": [ 0, 0, 0 ]
          },
          "scale": {
            "0": [ 1, 1, 1 ],
            "1.05": [ 1, 1, 1 ]
          }
        },
        "sign": {
          "position": {
            "0": [ 0, 0, 0 ],
            "0.45": [ 0, 0, 0 ],
            "0.5": [ 0, 2.17343, 0 ],
            "0.55": [ 0, 3.020483, 0 ],
            "0.6": [ 0, 2.17343, 0 ],
            "0.65": [ 0, 0, 0 ],
            "0.7": [ 0, 1.197061, 0 ],
            "0.75": [ 0, 0.8949504, 0 ],
            "0.8": [ 0, 0, 0 ],
            "1.05": [ 0, 0, 0 ]
          },
          "rotation": {
            "0": [ 0, 0, 0 ],
            "1.05": [ 0, 0, 0 ]
          },
          "scale": {
            "0": [ 1, 1, 1 ],
            "1.05": [ 1, 1, 1 ]
          }
        },
        "base": {
          "position": {
            "0": [ 0, 0, 0 ],
            "1.05": [ 0, 0, 0 ]
          },
          "rotation": {
            "0": [ 0, 0, 0 ],
            "1.05": [ 0, 0, 0 ]
          },
          "scale": {
            "0": [ 1, 1, 1 ],
            "1.05": [ 1, 1, 1 ]
          }
        },
        "iron_bars": {
          "position": {
            "0": [ 0, 0, 0 ],
            "1.05": [ 0, 0, 0 ]
          },
          "rotation": {
            "0": [ 0, 0, 0 ],
            "1.05": [ 0, 0, 0 ]
          },
          "scale": {
            "0": [ 1, 1, 1 ],
            "1.05": [ 1, 1, 1 ]
          }
        },
        "torches": {
          "position": {
            "0": [ 0, 0, 0 ],
            "1.05": [ 0, 0, 0 ]
          },
          "rotation": {
            "0": [ 0, 0, 0 ],
            "1.05": [ 0, 0, 0 ]
          },
          "scale": {
            "0": [ 1, 1, 1 ],
            "1.05": [ 1, 1, 1 ]
          }
        },
        "head": {
          "position": {
            "0": [ 0, 0, 0 ],
            "1.05": [ 0, 0, 0 ]
          },
          "rotation": {
            "0": [ 0, -39.91717, 0 ],
            "1.05": [ 0, -39.91717, 0 ]
          },
          "scale": {
            "0": [ 1, 1, 1 ],
            "1.05": [ 1, 1, 1 ]
          }
        },
        "rightArm": {
          "position": {
            "0": [ 0, 0, 0 ],
            "1.05": [ 0, 0, 0 ]
          },
          "rotation": {
            "0": [ -90, 0, 0 ],
            "1.05": [ -90, 0, 0 ]
          },
          "scale": {
            "0": [ 1, 1, 1 ],
            "1.05": [ 1, 1, 1 ]
          }
        },
        "rightLeg": {
          "position": {
            "0": [ 0, 0, 0 ],
            "1.05": [ 0, 0, 0 ]
          },
          "rotation": {
            "0": [ 0, 0, 0 ],
            "1.05": [ 0, 0, 0 ]
          },
          "scale": {
            "0": [ 1, 1, 1 ],
            "1.05": [ 1, 1, 1 ]
          }
        },
        "leftLeg": {
          "position": {
            "0": [ 0, 0, 0 ],
            "1.05": [ 0, 0, 0 ]
          },
          "rotation": {
            "0": [ 0, 0, 0 ],
            "1.05": [ 0, 0, 0 ]
          },
          "scale": {
            "0": [ 1, 1, 1 ],
            "1.05": [ 1, 1, 1 ]
          }
        },
        "body": {
          "position": {
            "0": [ 0, 0, 0 ],
            "1.05": [ 0, 0, 0 ]
          },
          "rotation": {
            "0": [ 0, 0, 0 ],
            "1.05": [ 0, 0, 0 ]
          },
          "scale": {
            "0": [ 1, 1, 1 ],
            "1.05": [ 1, 1, 1 ]
          }
        },
        "zombie_root": {
          "position": {
            "0": [ 0, 0, 0 ],
            "1.05": [ 0, 0, 0 ]
          },
          "rotation": {
            "0": [ 0, 0, 0 ],
            "1.05": [ 0, 0, 0 ]
          },
          "scale": {
            "0": [ 1, 1, 1 ],
            "1.05": [ 1, 1, 1 ]
          }
        },
        "zombie_0": {
          "position": {
            "0": [ 0, 0, 0 ],
            "1.05": [ 0, 0, 0 ]
          },
          "rotation": {
            "0": [ 0, 0, 0 ],
            "1.05": [ 0, 0, 0 ]
          },
          "scale": {
            "0": [ 1, 1, 1 ],
            "1.05": [ 1, 1, 1 ]
          }
        },
        "rightArm1": {
          "position": {
            "0": [ 0, 0, 0 ],
            "1.05": [ 0, 0, 0 ]
          },
          "rotation": {
            "0": [ -90, 0, 0 ],
            "1.05": [ -90, 0, 0 ]
          },
          "scale": {
            "0": [ 1, 1, 1 ],
            "1.05": [ 1, 1, 1 ]
          }
        },
        "rightLeg1": {
          "position": {
            "0": [ 0, 0, 0 ],
            "1.05": [ 0, 0, 0 ]
          },
          "rotation": {
            "0": [ 0, 0, 0 ],
            "1.05": [ 0, 0, 0 ]
          },
          "scale": {
            "0": [ 1, 1, 1 ],
            "1.05": [ 1, 1, 1 ]
          }
        },
        "leftLeg1": {
          "position": {
            "0": [ 0, 0, 0 ],
            "1.05": [ 0, 0, 0 ]
          },
          "rotation": {
            "0": [ 0, 0, 0 ],
            "1.05": [ 0, 0, 0 ]
          },
          "scale": {
            "0": [ 1, 1, 1 ],
            "1.05": [ 1, 1, 1 ]
          }
        },
        "head1": {
          "position": {
            "0": [ 0, 0, 0 ],
            "1.05": [ 0, 0, 0 ]
          },
          "rotation": {
            "0": [ 0, -39.9237, 0 ],
            "0.05": [ 0, -39.94573, 0 ],