{
  "format_version": "1.8.0",
  "animations": {
    "animation.adventure_hard_a_map_summon": {
      "loop": false,
      "bones": {
        "root": {
          "position": {
            "0": [ 0, 556.91, 0 ],
            "0.05": [ 0, 551.523, 0 ],
            "0.1": [ 0, 534.5834, 0 ],
            "0.15": [ 0, 504.6869, 0 ],
            "0.2": [ 0, 459.9172, 0 ],
            "0.25": [ 0, 397.5547, 0 ],
            "0.3": [ 0, 313.1158, 0 ],
            "0.35": [ 0, 199.5229, 0 ],
            "0.4": [ 0, 0, 0 ],
            "0.45": [ 0, 0, 0 ],
            "0.5": [ 0, 12.32157, 0 ],
            "0.55": [ 0, 14.03585, 0 ],
            "0.6": [ 0, 10.19608, 0 ],
            "0.65": [ 0, 0.7829041, 0 ],
            "0.7": [ 0, 2.55467, 0 ],
            "0.75": [ 0, 0.8004558, 0 ],
            "0.8": [ 0, 0, 0 ],
            "0.95": [ 0, 0, 0 ]
          },
          "rotation": {
            "0": [ 0, -90, 0 ],
            "0.95": [ 0, -90, 0 ]
          },
          "scale": {
            "0": [ 1, 1, 1 ],
            "0.4": [ 1, 1, 1 ],
            "0.45": [ 1.112246, 0.9649233, 1.112246 ],
            "0.5": [ 1, 1, 1 ],
            "0.95": [ 1, 1, 1 ]
          }
        },
        "lava": {
          "position": {
            "0": [ 0, 0, 0 ],
            "0.95": [ 0, 0, 0 ]
          },
          "rotation": {
            "0": [ 0, 0, 0 ],
            "0.95": [ 0, 0, 0 ]
          },
          "scale": {
            "0": [ 1, 1, 1 ],
            "0.95": [ 1, 1, 1 ]
          }
        },
        "chest": {
          "position": {
            "0": [ 0, 159.456, 0 ],
            "0.4": [ 0, 159.456, 0 ],
            "0.45": [ 0, 99.66, 0 ],
            "0.5": [ 0, 39.864, 0 ],
            "0.55": [ 0, 2.439868, 0 ],
            "0.6": [ 0, 13.01263, 0 ],
            "0.65": [ 0, 13.97379, 0 ],
            "0.7": [ 0, 5.323349, 0 ],
            "0.75": [ 0, 0.8017303, 0 ],
            "0.8": [ 0, 3.206921, 0 ],
            "0.85": [ 0, 0.8017303, 0 ],
            "0.9": [ 0, 0, 0 ],
            "0.95": [ 0, 0, 0 ]
          },
          "rotation": {
            "0": [ 0, 0, 0 ],
            "0.95": [ 0, 0, 0 ]
          },
          "scale": {
            "0": [ 1, 1, 1 ],
            "0.95": [ 1, 1, 1 ]
          }
        },
        "mob_spawner": {
          "position": {
            "0": [ 0, 0, 0 ],
            "0.95": [ 0, 0, 0 ]
          },
          "rotation": {
            "0": [ 0, 0, 0 ],
            "0.95": [ 0, 0, 0 ]
          },
          "scale": {
            "0": [ 1, 1, 1 ],
            "0.95": [ 1, 1, 1 ]
          }
        },
        "sign": {
          "position": {
            "0": [ 0, 0, 0 ],
            "0.45": [ 0, 0, 0 ],
            "0.5": [ 0, 1.675315, 0 ],
            "0.55": [ 0, 2.932938, 0 ],
            "0.6": [ 0, 2.713299, 0 ],
            "0.65": [ 0, 0.5735121, 0 ],
            "0.7": [ 0, 0.8949504, 0 ],
            "0.75": [ 0, 1.207651, 0 ],
            "0.8": [ 0, 0, 0 ],
            "0.95": [ 0, 0, 0 ]
          },
          "rotation": {
            "0": [ 0, 0, 0 ],
            "0.95": [ 0, 0, 0 ]
          },
          "scale": {
            "0": [ 1, 1, 1 ],
            "0.95": [ 1, 1, 1 ]
          }
        },
        "base": {
          "position": {
            "0": [ 0, 0, 0 ],
            "0.95": [ 0, 0, 0 ]
          },
          "rotation": {
            "0": [ 0, 0, 0 ],
            "0.95": [ 0, 0, 0 ]
          },
          "scale": {
            "0": [ 1, 1, 1 ],
            "0.95": [ 1, 1, 1 ]
          }
        },
        "iron_bars": {
          "position": {
            "0": [ 0, 0, 0 ],
            "0.95": [ 0, 0, 0 ]
          },
          "rotation": {
            "0": [ 0, 0, 0 ],
            "0.95": [ 0, 0, 0 ]
          },
          "scale": {
            "0": [ 1, 1, 1 ],
            "0.95": [ 1, 1, 1 ]
          }
        },
        "torches": {
          "position": {
            "0": [ 0, 0, 0 ],
            "0.95": [ 0, 0, 0 ]
          },
          "rotation": {
            "0": [ 0, 0, 0 ],
            "0.95": [ 0, 0, 0 ]
          },
          "scale": {
            "0": [ 1, 1, 1 ],
            "0.95": [ 1, 1, 1 ]
          }
        },
        "head": {
          "position": {
            "0": [ 0, 0, 0 ],
            "0.95": [ 0, 0, 0 ]
          },
          "rotation": {
            "0": [ 0, -39.91717, 0 ],
            "0.95": [ 0, -39.91717, 0 ]
          },
          "scale": {
            "0": [ 1, 1, 1 ],
            "0.95": [ 1, 1, 1 ]
          }
        },
        "rightArm": {
          "position": {
            "0": [ 0, 0, 0 ],
            "0.95": [ 0, 0, 0 ]
          },
          "rotation": {
            "0": [ -90, 0, 0 ],
            "0.95": [ -90, 0, 0 ]
          },
          "scale": {
            "0": [ 1, 1, 1 ],
            "0.95": [ 1, 1, 1 ]
          }
        },
        "rightLeg": {
          "position": {
            "0": [ 0, 0, 0 ],
            "0.95": [ 0, 0, 0 ]
          },
          "rotation": {
            "0": [ 0, 0, 0 ],
            "0.95": [ 0, 0, 0 ]
          },
          "scale": {
            "0": [ 1, 1, 1 ],
            "0.95": [ 1, 1, 1 ]
          }
        },
        "leftLeg": {
          "position": {
            "0": [ 0, 0, 0 ],
            "0.95": [ 0, 0, 0 ]
          },
          "rotation": {
            "0": [ 0, 0, 0 ],
            "0.95": [ 0, 0, 0 ]
          },
          "scale": {
            "0": [ 1, 1, 1 ],
            "0.95": [ 1, 1, 1 ]
          }
        },
        "body": {
          "position": {
            "0": [ 0, 0, 0 ],
            "0.95": [ 0, 0, 0 ]
          },
          "rotation": {
            "0": [ 0, 0, 0 ],
            "0.95": [ 0, 0, 0 ]
          },
          "scale": {
            "0": [ 1, 1, 1 ],
            "0.95": [ 1, 1, 1 ]
          }
        },
        "zombie_root": {
          "position": {
            "0": [ 0, 0, 0 ],
            "0.45": [ 0, 0, 0 ],
            "0.5": [ 0, 2.116434, 0 ],
            "0.55": [ 0, 10.224, 0 ],
            "0.6": [ 0, 13.78458, 0 ],
            "0.65": [ 0, 3.824657, 0 ],
            "0.7": [ 2.490002E-15, 5.400459, 0 ],
            "0.75": [ 3.193336E-15, 4.102355, 0 ],
            "0.8": [ 3.215549E-15, 0, 0 ],
            "0.95": [ 3.215549E-15, 0, 0 ]
          },
          "rotation": {
            "0": [ 0, 0, 0 ],
            "0.95": [ 0, 0, 0 ]
          },
          "scale": {
            "0": [ 1, 1, 1 ],
            "0.95": [ 1, 1, 1 ]
          }
        },
        "zombie_0": {
          "position": {
            "0": [ 0, 0, 0 ],
            "0.95": [ 0, 0, 0 ]
          },
          "rotation": {
            "0": [ 0, 0, 0 ],
            "0.95": [ 0, 0, 0 ]
          },
          "scale": {
            "0": [ 1, 1, 1 ],
            "0.95": [ 1, 1, 1 ]
          }
        },
        "rightArm1": {
          "position": {
            "0": [ 0, 0, 0 ],
            "0.95": [ 0, 0, 0 ]
          },
          "rotation": {
            "0": [ -90, 0, 0 ],
            "0.95": [ -90, 0, 0 ]
          },
          "scale": {
            "0": [ 1, 1, 1 ],
            "0.95": [ 1, 1, 1 ]
          }
        },
        "rightLeg1": {
          "position": {
            "0": [ 0, 0, 0 ],
            "0.95": [ 0, 0, 0 ]
          },
          "rotation": {
            "0": [ 0, 0, 0 ],
            "0.95": [ 0, 0, 0 ]
          },
          "scale": {
            "0": [ 1, 1, 1 ],
            "0.95": [ 1, 1, 1 ]
          }
        },
        "leftLeg1": {
          "position": {
            "0": [ 0, 0, 0 ],
            "0.95": [ 0, 0, 0 ]
          },
          "rotation": {
            "0": [ 0, 0, 0 ],
            "0.95": [ 0, 0, 0 ]
          },
          "scale": {
            "0": [ 1, 1, 1 ],
            "0.95": [ 1, 1, 1 ]
          }
        },
        "head1": {
          "position": {
            "0": [ 0, 0, 0 ],
            "0.95": [ 0, 0, 0 ]
          },
          "rotation": {
            "0": [ 0, 0, 0 ],