{
  "format_version": "1.8.0",
  "animations": {
    "animation.player.level_up_idle": {
      "loop": true,
      "bones": {
        "head": {
          "position": {
            "0": [ 0, 0, 0 ],
            "13.46667": [ 0, 0, 0 ]
          },
          "rotation": {
            "0": [ 0, 0, 0 ],
            "0.9666666": [ -5.004129, 0, 0 ],
            "1.966667": [ 0, 0, 0 ],
            "2.966667": [ -5.004129, 0, 0 ],
            "3.3": [ 0, 0, 0 ],
            "3.833333": [ 15.04971, -11.49857, 0 ],
            "4.066667": [ 18.03571, -16.23479, 4.731862 ],
            "4.8": [ 19.26579, -20.2402, 4.210402 ],
            "5.3": [ -5.996082, 0, 0 ],
            "5.966667": [ 0, 0, 0 ],
            "6.8": [ -5.004, 0, 0 ],
            "7.633333": [ 0, 0, 0 ],
            "8.133333": [ -21.79169, 45.08947, 0 ],
            "8.666667": [ -23.51296, 49.80275, 0 ],
            "9.166667": [ -0.358649, -6.852241, 0 ],
            "9.666667": [ -24.21481, -35.84761, 0 ],
            "10.3": [ -25.4314, -37.03664, 0 ],
            "10.96667": [ 0, 0, 0 ],
            "11.96667": [ -5.004129, 0, 0 ],
            "13.46667": [ 0, 0, 0 ]
          },
          "scale": {
            "0": [ 1, 1, 1 ],
            "13.46667": [ 1, 1, 1 ]
          }
        },
        "leftArm": {
          "position": {
            "0": [ 0, 0, 0 ],
            "3.3": [ 0, 0, 0 ],
            "3.533333": [ 0.08144739, -1.34954, -0.7303824 ],
            "3.733333": [ 0.2648039, -0.6613794, 0.07420751 ],
            "3.866667": [ 0.4092435, -0.9981987, -1.154553 ],
            "4.8": [ 0.4092435, -0.9981987, -1.154553 ],
            "5.533333": [ 0, 0, 0 ],
            "13.46667": [ 0, 0, 0 ]
          },
          "rotation": {
            "0": [ 0, 0, 0 ],
            "0.8": [ 7.598859, 0, -2.47382 ],
            "1.633333": [ 0, 0, 0 ],
            "2.466667": [ -3.634706, 0, -2.47382 ],
            "3.3": [ 0, 0, 0 ],
            "3.533333": [ -38.96989, 10.58067, -6.71519 ],
            "3.733333": [ -83.71029, 18.97611, -19.76761 ],
            "3.866667": [ -97.44151, 18.97611, -54.46494 ],
            "4.3": [ -98.43859, 18.97611, -56.12618 ],
            "4.8": [ -98.43859, 18.97611, -56.12618 ],
            "5.533333": [ 0, 0, 0 ],
            "6.966667": [ 7.598859, 0, -2.47382 ],
            "7.8": [ 0, 0, 0 ],
            "8.633333": [ -3.634706, 0, -2.47382 ],
            "9.466666": [ 0, 0, 0 ],
            "10.16667": [ -3.634706, 0, -2.47382 ],
            "10.46667": [ 0, 0, 0 ],
            "11.26667": [ 7.598859, 0, -2.47382 ],
            "12.1": [ 0, 0, 0 ],
            "12.93333": [ -3.634706, 0, -2.47382 ],
            "13.46667": [ 0, 0, 0 ]
          },
          "scale": {
            "0": [ 1, 1, 1 ],
            "13.46667": [ 1, 1, 1 ]
          }
        },
        "rightArm": {
          "position": {
            "0": [ 0, 0, 0 ],
            "13.46667": [ 0, 0, 0 ]
          },
          "rotation": {
            "0": [ 0, 0, 0 ],
            "0.8": [ 7.598859, 0, 2.435266 ],
            "1.633333": [ 0, 0, 0 ],
            "2.466667": [ -4.557053, 0, 2.435266 ],
            "3.3": [ 0, 0, 0 ],
            "3.966667": [ 0, 0, 3.821623 ],
            "5.3": [ 0, 0, 0 ],
            "6.966667": [ 7.598859, 0, 2.435266 ],
            "7.8": [ 0, 0, 0 ],
            "8.633333": [ -4.557053, 0, 2.435266 ],
            "9.466666": [ 0, 0, 0 ],
            "10.16667": [ -4.557053, 0, 2.435266 ],
            "10.46667": [ 0, 0, 0 ],
            "11.26667": [ 7.598859, 0, 2.435266 ],
            "12.1": [ 0, 0, 0 ],
            "12.93333": [ -4.557053, 0, 2.435266 ],
            "13.46667": [ 0, 0, 0 ]
          },
          "scale": {
            "0": [ 1, 1, 1 ],
            "13.46667": [ 1, 1, 1 ]
          }
        },
        "body": {
          "position": {
            "3.966667": [ 0, 0, 0 ]
          },
          "rotation": {
            "3.966667": [ 0, 0, 0 ]
          },
          "scale": {
            "3.966667": [ 1, 1, 1 ]
          }
        },
        "hip": {
          "position": {
            "0": [ 0, 0, 0 ],
            "13.46667": [ 0, 0, 0 ]
          },
          "rotation": {
            "0": [ 0, 0, 0 ],
            "13.46667": [ 0, 0, 0 ]
          },
          "scale": {
            "0": [ 1, 1, 1 ],
            "13.46667": [ 1, 1, 1 ]
          }
        }
      }
    }
  }
}