{
  "format_version": "1.8.0",
  "animations": {
    "animation.player.level_up_jump": {
      "loop": false,
      "bones": {
        "head": {
          "position": {
            "0": [ 0, 0, 0 ],
            "0.2": [ 0, 0, 0 ],
            "0.3333333": [ -0.003870498, -1.056205, 0.2694506 ],
            "0.4666667": [ -0.003870498, -1.056205, 0.2694506 ],
            "0.6666667": [ -0.2543519, 1.091212, 0.3130015 ],
            "0.7666667": [ 0.001147141, 0.4757519, 0.1094496 ],
            "1.366667": [ -0.01396429, 0.4765646, 0.1200919 ],
            "1.466667": [ -0.2253538, 0.8277459, 0.4020405 ],
            "1.6": [ 0, 0, 0 ],
            "1.666667": [ 0, 0, 0 ]
          },
          "rotation": {
            "0": [ 0, 0, 0 ],
            "0.2": [ 0, 0, 0 ],
            "0.3333333": [ 20.35353, -2.891003, -0.4503711 ],
            "0.4666667": [ 22.56204, -2.891003, -0.4503711 ],
            "0.5666667": [ 7.860119, -1.740896, -10.34546 ],
            "0.6666667": [ -16.29425, -0.5907891, -21.18769 ],
            "1.366667": [ -19.21226, -2.064887, -25.60771 ],
            "1.466667": [ -29.555, -1.252176, -20.83036 ],
            "1.6": [ -14.60601, 0, -8.158483 ],
            "1.633333": [ -1.496633, 0, -3.367916 ],
            "1.666667": [ 0, 0, 0 ]
          },
          "scale": {
            "0": [ 1, 1, 1 ],
            "1.666667": [ 1, 1, 1 ]
          }
        },
        "leftArm": {
          "position": {
            "0": [ 0, 0, 0 ],
            "0.4666667": [ 0, 0, 0 ],
            "0.5666667": [ 0, -1.152387, 0 ],
            "0.6666667": [ 1.442064, 0.994679, -0.599805 ],
            "0.7": [ 0.7143545, 0.1698593, -0.4974532 ],
            "1.4": [ 1.014832, 0.5140308, -0.5462344 ],
            "1.6": [ 0.04360607, 0.02208726, -0.02347101 ],
            "1.666667": [ 0, 0, 0 ]
          },
          "rotation": {
            "0": [ 0, 0, 0 ],
            "0.2": [ 0, 0, 0 ],
            "0.3333333": [ 20.07142, 6.301747, -20.97972 ],
            "0.4666667": [ 20.07142, 6.301747, -20.97972 ],
            "0.5666667": [ 0, 0, -3.181461 ],
            "0.6666667": [ -7.841393, -46.66862, -132.379 ],
            "1.4": [ -12.12716, -46.66862, -132.379 ],
            "1.533333": [ 8.529571, -22.82831, -104.4125 ],
            "1.6": [ -14.01082, -7.379274, -30.22748 ],
            "1.666667": [ 0, 0, 0 ]
          },
          "scale": {
            "0": [ 1, 1, 1 ],
            "1.666667": [ 1, 1, 1 ]
          }
        },
        "rightArm": {
          "position": {
            "0": [ 0, 0, 0 ],
            "0.4666667": [ 0, 0, 0 ],
            "0.5666667": [ 0, -1.152387, 0 ],
            "0.6666667": [ -1.544735, 1.237695, 0.1274042 ],
            "0.7": [ -0.8792162, 0.3765989, -0.04598274 ],
            "1.433333": [ -1.057418, 0.6148608, -0.003639478 ],
            "1.6": [ -0.07832724, 0.04554525, -4.1502E-05 ],
            "1.666667": [ 0, 0, 0 ]
          },
          "rotation": {
            "0": [ 0, 0, 0 ],
            "0.2": [ 0, 0, 0 ],
            "0.3333333": [ 20.95903, -1.697815, 7.892167 ],
            "0.4666667": [ 20.95903, -1.697815, 7.892167 ],
            "0.5666667": [ 0, 0, 4.046291 ],
            "0.6666667": [ 14.81614, 52.39194, 153.8527 ],
            "1.433333": [ 13.34888, 52.39194, 153.8527 ],
            "1.566667": [ 22.94333, 14.44737, 122.2448 ],
            "1.6": [ -4.428663, 2.525716, 49.40132 ],
            "1.666667": [ 0, 0, 0 ]
          },
          "scale": {
            "0": [ 1, 1, 1 ],
            "1.666667": [ 1, 1, 1 ]
          }
        },
        "body": {
          "position": {
            "0": [ 0, 0, 0 ],
            "0.2": [ 0, 0, 0 ],
            "0.3333333": [ 0, -1.692367, 0 ],
            "0.4666667": [ 0, -1.692367, 0 ],
            "0.7": [ 0, 0.4646295, 0 ],
            "1.366667": [ 0, 0.4646295, 0 ],
            "1.5": [ 0, 0.8360987, 0 ],
            "1.6": [ 0, -0.5960135, 0 ],
            "1.666667": [ 0, 0, 0 ]
          },
          "rotation": {
            "0": [ 0, 0, 0 ],
            "0.2": [ 0, 0, 0 ],
            "0.3333333": [ 0, 4.133678, 0 ],
            "1.366667": [ 0, 4.133678, 0 ],
            "1.6": [ 0, 0.177619, 0 ],
            "1.666667": [ 0, 0, 0 ]
          },
          "scale": {
            "0": [ 1, 1, 1 ],
            "1.666667": [ 1, 1, 1 ]
          }
        },
        "hip": {
          "position": {
            "0": [ 0, 0, 0 ],
            "1.566667": [ 0, 0, 0 ],
            "1.6": [ 0, -0.5066076, 0.07679696 ],
            "1.666667": [ 0, 0, 0 ]
          },
          "rotation": {
            "0": [ 0, 0, 0 ],
            "0.2": [ 0, 0, 0 ],
            "0.3333333": [ 27.01355, 0, 0 ],
            "0.4666667": [ 30.17351, 0, 0 ],
            "0.5666667": [ -8.883428, 0, 0 ],
            "1.366667": [ -8.883428, 0, 0 ],
            "1.566667": [ 0, 0, 0 ],
            "1.6": [ 8.619875, 0, 0 ],
            "1.666667": [ 0, 0, 0 ]
          },
          "scale": {
            "0": [ 1, 1, 1 ],
            "1.666667": [ 1, 1, 1 ]
          }
        },
        "rightLeg": {
          "position": {
            "0": [ 0, 0, 0 ],
            "0.4666667": [ 0, 0, 0 ],
            "0.5333334": [ -0.08643024, -0.7177117, 0.01251157 ],
            "0.7333333": [ 0.1589781, 0.6055008, -0.2071916 ],
            "1.366667": [ 0.08909681, 0.5088615, -0.1801056 ],
            "1.6": [ 0, 0, 0 ],
            "1.666667": [ 0, 0, 0 ]
          },
          "rotation": {
            "0": [ 0, 0, 0 ],
            "0.2": [ 0, 0, 0 ],
            "0.3333333": [ 22.18873, 0, 4.495108 ],
            "0.4666667": [ 24.11203, -0.4823716, 5.688857 ],
            "0.5333334": [ -13.56628, -1.4377, 10.86252 ],
            "0.7333333": [ 12.28736, -4.217822, 33.27599 ],
            "1.366667": [ 12.14416, -4.61904, 35.13459 ],
            "1.466667": [ 5.196621, -5.93997, 30.81029 ],
            "1.6": [ 0, 0, 0 ],
            "1.666667": [ 0, 0, 0 ]
          },
          "scale": {
            "0": [ 1, 1, 1 ],
            "1.666667": [ 1, 1, 1 ]
          }
        },
        "leftLeg": {
          "position": {
            "0": [ 0, 0, 0 ],
            "0.4666667": [ 0, 0, 0 ],
            "0.5333334": [ 0.1088115, -0.7155051, 0.01218343 ],
            "0.5666667": [ 0.1909332, -0.477104, 0.1264924 ],
            "0.6333333": [ -0.220817, 0.6265554, 0.00101377 ],
            "1.366667": [ -0.1666657, 0.5356185, 0.006617807 ],
            "1.566667": [ 0, 0, 0 ],
            "1.666667": [ 0, 0, 0 ]
          },
          "rotation": {
            "0": [ 0, 0, 0 ],
            "0.2": [ 0, 0, 0 ],
            "0.3333333": [ 0, 0, -3.043136 ],
            "0.4666667": [ 0, 0, -3.043136 ],
            "0.5666667": [ 12.4031, 2.464749, -12.21861 ],
            "0.6333333": [ 12.20038, 3.548451, -26.73134 ],
            "1.366667": [ 11.91193, 4.322091, -30.21865 ],
            "1.566667": [ 0, 0, 0 ],
            "1.666667": [ 0, 0, 0 ]
          },
          "scale": {
            "0": [ 1, 1, 1 ],
            "1.666667": [ 1, 1, 1 ]
          }
        },
        "root": {
          "position": {
            "0": [ 0, 0, 0 ],
            "0.5": [ 0, 0, 0 ],
            "0.7": [ 0, 13.48337, 0 ],
            "1.366667": [ 0, 14.42891, 0 ],
            "1.566667": [ 0, -0.7557089, 0 ],
            "1.6": [ 0.001209191, -0.3369991, 0 ],
            "1.666667": [ 0, 0, 0 ]
          },
          "rotation": {
            "0": [ 0, 0, 0 ],
            "1.566667": [ 0, 0, 0 ],
            "1.6": [ 0, 0, 0.8435231 ],
            "1.666667": [ 0, 0, 0 ]
          },
          "scale": {
            "0": [ 1, 1, 1 ],
            "1.666667": [ 1, 1, 1 ]
          }
        }
      }
    }
  }
}