{
  "format_version": "1.8.0",
  "animations": {
    "animation.player.level_up": {
      "loop": false,
      "bones": {
        "head": {
          "position": {
            "0": [ 0, 0, 0 ],
            "0.1666667": [ 0, -1.883387, -1.835337 ],
            "0.2333333": [ 0, -1.883387, -1.835337 ],
            "0.3666667": [ -0.2165625, 0.4079354, -0.06321776 ],
            "0.8333333": [ -0.2280861, 0.3595411, -0.06306694 ],
            "0.9333333": [ -0.2280861, 0.3595411, -0.06306694 ],
            "1.066667": [ -0.1013716, 0.1597961, -0.02802975 ],
            "1.3": [ 0, 0, 0 ]
          },
          "rotation": {
            "0": [ 0, 0, 0 ],
            "0.1666667": [ -23.38376, 0, 0 ],
            "0.2333333": [ -23.38376, 0, 0 ],
            "0.3666667": [ 0.1772664, -11.51426, 13.35848 ],
            "0.8333333": [ -3.216101, -14.80473, 13.44786 ],
            "0.9333333": [ -3.216101, -14.80473, 13.44786 ],
            "1.066667": [ -16.69864, -6.579878, 5.976826 ],
            "1.3": [ 0, 0, 0 ]
          },
          "scale": {
            "0": [ 1, 1, 1 ],
            "1.3": [ 1, 1, 1 ]
          }
        },
        "leftArm": {
          "position": {
            "0": [ 0, 0, 0 ],
            "0.1666667": [ 0, 0, -1.385484 ],
            "0.2333333": [ 0, 0, -1.385484 ],
            "0.3666667": [ -0.581205, -0.2339396, 1.528193 ],
            "0.9333333": [ -0.581205, -0.2339396, 1.528193 ],
            "1.066667": [ -0.2583133, -0.1039731, 0.6791969 ],
            "1.3": [ 0, 0, 0 ]
          },
          "rotation": {
            "0": [ 0, 0, 0 ],
            "0.1666667": [ -8.690246, 20.13837, 0 ],
            "0.2333333": [ -8.690246, 20.13837, 0 ],
            "0.3666667": [ 24.20999, -1.560978, -21.88868 ],
            "0.9333333": [ 24.20999, -1.560978, -21.88868 ],
            "1.066667": [ -38.57194, -8.320907, -66.07849 ],
            "1.3": [ 0, 0, 0 ]
          },
          "scale": {
            "0": [ 1, 1, 1 ],
            "1.3": [ 1, 1, 1 ]
          }
        },
        "rightArm": {
          "position": {
            "0": [ 0, 0, 0 ],
            "0.1666667": [ -0.1170086, -0.3495784, 1.481509 ],
            "0.2333333": [ -0.1170086, -0.3495784, 1.481509 ],
            "0.3666667": [ -0.5155586, 1.48572, -0.4468181 ],
            "0.8333333": [ -0.7823234, 2.978809, -0.9001942 ],
            "1.033333": [ -0.7823234, 2.978809, -0.9001942 ],
            "1.066667": [ -0.7009618, 2.669014, -0.806574 ],
            "1.3": [ 0, 0, 0 ]
          },
          "rotation": {
            "0": [ 0, 0, 0 ],
            "0.1666667": [ 51.96591, 6.212643, 21.65627 ],
            "0.2333333": [ 51.96591, 6.212643, 21.65627 ],
            "0.3666667": [ -180.7565, 3.725913, -9.014559 ],
            "0.8333333": [ -187.0492, 5.513906, -15.09033 ],
            "0.9333333": [ -187.0492, 5.513906, -15.09033 ],
            "1.033333": [ -74.24722, 59.87813, 4.183959 ],
            "1.066667": [ -53.22424, 53.65081, 3.748827 ],
            "1.3": [ 0, 0, 0 ]
          },
          "scale": {
            "0": [ 1, 1, 1 ],
            "1.3": [ 1, 1, 1 ]
          }
        },
        "body": {
          "position": {
            "0": [ 0, 0, 0 ]
          },
          "rotation": {
            "0": [ 0, 0, 0 ]
          },
          "scale": {
            "0": [ 1, 1, 1 ]
          }
        },
        "hip": {
          "position": {
            "0": [ 0, 0, 0 ],
            "0.1666667": [ 0.94921, -0.4020929, 2.0117 ],
            "0.2333333": [ 0.94921, -0.4020929, 2.0117 ],
            "0.3666667": [ 0, 0, 0 ],
            "0.7": [ 0.1024025, 0.6931329, 0.1574733 ],
            "0.9333333": [ 0.1024025, 0.6931329, 0.1574733 ],
            "1.066667": [ 0, -2.218925, 0 ],
            "1.3": [ 0, 0, 0 ]
          },
          "rotation": {
            "0": [ 0, 0, 0 ],
            "0.1666667": [ 38.0826, 24.26481, 2.58923 ],
            "0.2333333": [ 38.0826, 24.26481, 2.58923 ],
            "0.3666667": [ -13.41874, 19.10714, 3.93853 ],
            "0.9333333": [ -13.41874, 19.10714, 3.93853 ],
            "1.066667": [ 23.05299, 0, 0 ],
            "1.3": [ 0, 0, 0 ]
          },
          "scale": {
            "0": [ 1, 1, 1 ],
            "1.3": [ 1, 1, 1 ]
          }
        },
        "rightLeg": {
          "position": {
            "0": [ 0, 0, 0 ],
            "0.1666667": [ 0.9872814, -0.2597651, 2.828482 ],
            "0.2333333": [ 0.9872814, -0.2597651, 2.828482 ],
            "0.3666667": [ 0, 0, 0 ],
            "1.3": [ 0, 0, 0 ]
          },
          "rotation": {
            "0": [ 0, 0, 0 ],
            "0.1666667": [ 28.19883, 17.34331, 9.383236 ],
            "0.2333333": [ 28.19883, 17.34331, 9.383236 ],
            "0.3666667": [ -72.00246, 36.53997, -11.38327 ],
            "0.9333333": [ -72.00246, 36.53997, -11.38327 ],
            "1.066667": [ 0, 0, 6.386659 ],
            "1.3": [ 0, 0, 0 ]
          },
          "scale": {
            "0": [ 1, 1, 1 ],
            "1.3": [ 1, 1, 1 ]
          }
        },
        "leftLeg": {
          "position": {
            "0": [ 0, 0, 0 ],
            "1.3": [ 0, 0, 0 ]
          },
          "rotation": {
            "0": [ 0, 0, 0 ],
            "0.2333333": [ 0, 0, 0 ],
            "0.3666667": [ 45.79942, 37.40835, 3.057652 ],
            "0.9333333": [ 45.79942, 37.40835, 3.057652 ],
            "1.066667": [ 0, 0, -7.056583 ],
            "1.3": [ 0, 0, 0 ]
          },
          "scale": {
            "0": [ 1, 1, 1 ],
            "1.3": [ 1, 1, 1 ]
          }
        },
        "root": {
          "position": {
            "0": [ 0, 0, 0 ],
            "0.2333333": [ 0, 0, 0 ],
            "0.3666667": [ 0, 9.42272, 0 ],
            "0.7": [ 0, 18.5275, 0 ],
            "0.9333333": [ 0, 10.6297, 0 ],
            "1.066667": [ 0, 0, 0 ]
          },
          "rotation": {
            "0": [ 0, 0, 0 ],
            "0.1666667": [ 0, 16.07879, 0 ],
            "0.2333333": [ 0, 16.07879, 0 ],
            "0.3666667": [ 0, 0, 0 ],
            "1.066667": [ 0, 0, 0 ]
          },
          "scale": {
            "0": [ 1, 1, 1 ],
            "1.066667": [ 1, 1, 1 ]
          }
        }
      }
    }
  }
}