{
  "format_version": "1.8.0",
  "animations": {
    "animation.player.level_up_wave": {
      "loop": true,
      "bones": {
        "head": {
          "position": {
            "0": [ 0, 0, 0 ],
            "1.933333": [ 0, 0, 0 ]
          },
          "rotation": {
            "0": [ 0, 0, 0 ],
            "0.2666667": [ 0, 0, 0 ],
            "1.033333": [ 0, 0, 17.2142 ],
            "1.633333": [ 0, 0, 18.8225 ],
            "1.933333": [ 0, 0, 0 ]
          },
          "scale": {
            "0": [ 1, 1, 1 ],
            "1.933333": [ 1, 1, 1 ]
          }
        },
        "leftArm": {
          "position": {
            "0": [ 0, 0, 0 ],
            "0.2333333": [ 0, 0, 0 ],
            "0.6": [ 0.0566659, -0.4864081, 0 ],
            "0.9666666": [ 0.07880522, -0.695993, 0 ],
            "1.7": [ 0.07880522, -0.695993, 0 ],
            "1.866667": [ 0, 0, 0 ],
            "2.033333": [ 0, 0, 0 ]
          },
          "rotation": {
            "0": [ 0, 0, 0 ],
            "0.2333333": [ 0, 0, 0 ],
            "0.6": [ 0, 0, -6.64493 ],
            "0.9666666": [ 0, 0, -12.51534 ],
            "1.566667": [ 0, 0, -12.51534 ],
            "1.866667": [ 0, 0, -4.205173 ],
            "2.033333": [ 0, 0, 0 ]
          },
          "scale": {
            "0": [ 1, 1, 1 ],
            "2.033333": [ 1, 1, 1 ]
          }
        },
        "rightArm": {
          "position": {
            "0": [ 0, 0, 0 ],
            "0.2333333": [ 0, 0, 0 ],
            "0.5666667": [ 0.1151112, 1.111716, 1.691738 ],
            "0.7666667": [ -1.140032, 0.262134, 2.779705 ],
            "1.033333": [ 0.2147965, 1.061843, 1.515103 ],
            "1.266667": [ -0.2124617, 0.2500627, 1.686704 ],
            "1.533333": [ 0.2147965, 1.061843, 1.515103 ],
            "1.866667": [ -0.002844245, 0.5030898, 2.318691 ],
            "2.2": [ 0, 0, 0 ]
          },
          "rotation": {
            "0": [ 0, 0, 0 ],
            "0.2333333": [ 0, 0, 0 ],
            "0.5666667": [ -23.36024, 101.8841, 162.7755 ],
            "0.7666667": [ 67.43782, 101.8841, 162.7755 ],
            "1.033333": [ -31.28542, 101.8841, 162.7755 ],
            "1.266667": [ 50.37933, 95.33209, 145.433 ],
            "1.533333": [ -31.28542, 101.8841, 162.7755 ],
            "1.833333": [ 11.1346, 50.61225, 68.92932 ],
            "1.866667": [ 14.01772, 44.80241, 57.12513 ],
            "2.2": [ 0, 0, 0 ]
          },
          "scale": {
            "0": [ 1, 1, 1 ],
            "2.2": [ 1, 1, 1 ]
          }
        },
        "body": {
          "position": {
            "0": [ 0, 0, 0 ]
          },
          "rotation": {
            "0": [ 0, 0, 0 ]
          },
          "scale": {
            "0": [ 1, 1, 1 ]
          }
        },
        "hip": {
          "position": {
            "0": [ 0, 0, 0 ],
            "2.2": [ 0, 0, 0 ]
          },
          "rotation": {
            "0": [ 0, 0, 0 ],
            "0.3": [ 0, 0, 3.091904 ],
            "0.6333333": [ 0, 0, 7.43671 ],
            "0.9666666": [ 0, 0, 12.57846 ],
            "1.066667": [ 0, 0, 14.11477 ],
            "1.533333": [ 0, 0, 15.83143 ],
            "2.2": [ 0, 0, 0 ]
          },
          "scale": {
            "0": [ 1, 1, 1 ],
            "2.2": [ 1, 1, 1 ]
          }
        },
        "rightLeg": {
          "position": {
            "0": [ 0, 0, 0 ],
            "2.033333": [ 0, 0, 0 ]
          },
          "rotation": {
            "0": [ 0, 0, 0 ],
            "0.3": [ 4.980144E-17, 3.726123, 6.059464 ],
            "1.766667": [ 0, 3.726123, 6.059464 ],
            "2.033333": [ 0, 0, 0 ]
          },
          "scale": {
            "0": [ 1, 1, 1 ],
            "2.033333": [ 1, 1, 1 ]
          }
        },
        "leftLeg": {
          "position": {
            "0": [ 0, 0, 0 ]
          },
          "rotation": {
            "0": [ 0, 0, 0 ]
          },
          "scale": {
            "0": [ 1, 1, 1 ]
          }
        },
        "root": {
          "position": {
            "0": [ 0, 0, 0 ],
            "0.3": [ 1.041167, 0, 0 ],
            "1.8": [ 1.041167, 0, 0 ],
            "2.1": [ 0, 0, 0 ]
          },
          "rotation": {
            "0": [ 0, 0, 0 ],
            "2.1": [ 0, 0, 0 ]
          },
          "scale": {
            "0": [ 1, 1, 1 ],
            "2.1": [ 1, 1, 1 ]
          }
        }
      }
    }
  }
}