{
  "format_version": "1.8.0",
  "animations": {
    "animation.player.level_up_celebrate": {
      "loop": false,
      "bones": {
        "head": {
          "position": {
            "0.03333334": [ 0, 0, 0 ],
            "2.633333": [ 0, 0, 0 ],
            "3.066667": [ 0.1423767, 0.49675, -0.009336876 ],
            "3.166667": [ 0, 0, 0 ],
            "4.233333": [ 0, 0, 0 ],
            "4.333333": [ -0.00630211, -0.01956488, -0.00846763 ],
            "4.5": [ -0.1604436, 0.4906194, 0.07026181 ],
            "4.6": [ 0, 0, 0 ],
            "4.666667": [ 0, -0.2366652, 0 ],
            "4.733333": [ 0, 0, 0 ]
          },
          "rotation": {
            "0.03333334": [ 0, 0, 0 ],
            "0.2666667": [ -7.680492, -5.096959, -10.56225 ],
            "0.3333333": [ -7.502878, -5.967198, -12.40445 ],
            "0.5666667": [ -7.916609, 3.611747, 7.453385 ],
            "0.6333333": [ -7.799939, 4.410784, 9.121069 ],
            "0.8666667": [ -7.943402, -3.401072, -7.01531 ],
            "0.9333333": [ -7.738399, -4.777148, -9.889405 ],
            "1.166667": [ -7.916609, 3.611747, 7.453385 ],
            "1.233333": [ -7.731375, 4.817121, 9.973391 ],
            "1.466667": [ -7.943402, -3.401072, -7.01531 ],
            "1.533333": [ -7.730554, -4.821772, -9.983166 ],
            "1.7": [ 0, 0, 0 ],
            "1.9": [ 27.3961, 1.330399, 2.131077 ],
            "2.033333": [ 27.3961, 1.330399, 2.131077 ],
            "2.266667": [ -40.41689, 4.422863, 5.174473 ],
            "2.633333": [ -40.44555, 4.094913, 4.788494 ],
            "2.933333": [ 4.206574, -0.2102383, 9.181849 ],
            "3.066667": [ -13.49501, -2.222645, 5.376807 ],
            "3.166667": [ -24.8598, -4.180048, -4.371143 ],
            "3.4": [ -24.8598, -4.180048, -4.371143 ],
            "3.633333": [ -23.40084, -3.934731, -3.846451 ],
            "3.933333": [ -22.65792, 3.161711, 13.02842 ],
            "4.233333": [ -22.37444, 4.841472, 17.08854 ],
            "4.333333": [ -22.45942, 4.408113, 16.03461 ],
            "4.5": [ -12.81591, -3.481341, -6.869771 ],
            "4.6": [ 0, 0, 0 ],
            "4.733333": [ 0, 0, 0 ]
          },
          "scale": {
            "0.03333334": [ 1, 1, 1 ],
            "4.733333": [ 1, 1, 1 ]
          }
        },
        "leftArm": {
          "position": {
            "0.03333334": [ 0, 0, 0 ],
            "0.3": [ 0, 0.3392308, 0 ],
            "0.3666667": [ 0, 0.3392308, 0 ],
            "0.6": [ 0, 1.525052, 0 ],
            "0.6666667": [ 0, 1.525052, 0 ],
            "0.9": [ 0, 0.3392308, 0 ],
            "0.9666666": [ 0, 0.3392308, 0 ],
            "1.2": [ 0, 1.113409, 0 ],
            "1.266667": [ 0, 1.113409, 0 ],
            "1.5": [ 0, 0.2597172, 0 ],
            "1.566667": [ 0, 0.2597172, 0 ],
            "1.966667": [ 0.04425218, 0.1720627, -0.02368701 ],
            "2.066667": [ 0.04425218, 0.1720627, -0.02368701 ],
            "2.266667": [ 0, 0, 0 ],
            "4.633333": [ 0, 0, 0 ]
          },
          "rotation": {
            "0.03333334": [ 0, 0, 0 ],
            "0.1333333": [ -114.064, -25.67356, 10.27777 ],
            "0.3": [ -154.5273, -47.11368, -9.639582 ],
            "0.3666667": [ -154.5273, -47.11368, -9.639582 ],
            "0.6": [ -172.0481, -47.53035, 34.91182 ],
            "0.6666667": [ -172.0481, -47.53035, 34.91182 ],
            "0.9": [ -162.4688, -47.76822, -5.478216 ],
            "0.9666666": [ -162.4688, -47.76822, -5.478216 ],
            "1.2": [ -164.2065, -46.18276, 23.66197 ],
            "1.266667": [ -164.2065, -46.18276, 23.66197 ],
            "1.5": [ -160.3988, -47.76822, -2.243907 ],
            "1.566667": [ -160.3988, -47.76822, -2.243907 ],
            "1.966667": [ 37.51123, 2.406463, -17.62995 ],
            "2.066667": [ 37.51123, 2.406463, -17.62995 ],
            "2.266667": [ 18.44166, 7.168328, -50.63658 ],
            "2.633333": [ 16.10438, 11.57127, -64.90993 ],
            "2.866667": [ 15.07057, -9.423936, -86.93321 ],
            "3": [ 29.93912, -45.4183, -156.4372 ],
            "3.066667": [ 29.93912, -45.4183, -156.4372 ],
            "3.233333": [ 33.35468, -32.71687, -56.96876 ],
            "3.633333": [ 33.35468, -32.71687, -56.96876 ],
            "3.933333": [ 54.01768, -62.51487, -156.1917 ],
            "4.233333": [ 54.01768, -62.51487, -156.1917 ],
            "4.333333": [ 50.53731, -62.51487, -156.1917 ],
            "4.5": [ 45.9931, -62.51487, -156.1917 ],
            "4.633333": [ 0, 0, 0 ]
          },
          "scale": {
            "0.03333334": [ 1, 1, 1 ],
            "4.633333": [ 1, 1, 1 ]
          }
        },
        "rightArm": {
          "position": {
            "0.03333334": [ 0, 0, 0 ],
            "0.3": [ 0, 1.431248, 0 ],
            "0.3666667": [ 0, 1.431248, 0 ],
            "0.5": [ 0, 0.7390743, 0 ],
            "0.6": [ 0, 0.7390743, 0 ],
            "0.8": [ 0, 1.431228, 0 ],
            "0.9": [ 0, 1.431228, 0 ],
            "1.1": [ 0, 0.7387744, 0 ],
            "1.2": [ 0, 0.7387744, 0 ],
            "1.5": [ 0, 1.431248, 0 ],
            "1.566667": [ 0, 1.431248, 0 ],
            "1.9": [ 0, 0, 0 ],
            "4.633333": [ 0, 0, 0 ]
          },
          "rotation": {
            "0.03333334": [ 0, 0, 0 ],
            "0.1333333": [ -113.7725, 24.07434, -14.32605 ],
            "0.3": [ -162.0504, 69.15536, -19.89145 ],
            "0.3666667": [ -162.0504, 69.15536, -19.89145 ],
            "0.5": [ -162.2336, 53.40417, 0.2624205 ],
            "0.6": [ -162.2336, 53.40417, 0.2624205 ],
            "0.8": [ -161.3059, 62.86256, -13.85876 ],
            "0.9": [ -161.3059, 62.86256, -13.85876 ],
            "1.1": [ -181.64, 52.39265, -16.19891 ],
            "1.2": [ -181.64, 52.39265, -16.19891 ],
            "1.5": [ -169.8121, 55.6653, -30.19813 ],
            "1.566667": [ -169.8121, 55.6653, -30.19813 ],
            "1.733333": [ -56.78745, 26.32242, 6.178151 ],
            "1.9": [ 41.04399, -4.193677, 11.03146 ],
            "2": [ 41.04399, -4.193677, 11.03146 ],
            "2.266667": [ 16.65111, -12.16527, 55.25081 ],
            "2.633333": [ 16.65111, -12.16527, 55.25081 ],
            "2.866667": [ -0.3258331, 13.09938, 54.24895 ],
            "3": [ -24.57903, 63.33838, 97.63963 ],
            "3.066667": [ -24.57903, 63.33838, 97.63963 ],
            "3.233333": [ 34.45247, 39.06039, 73.8349 ],
            "3.633333": [ 34.45247, 39.06039, 73.8349 ],
            "3.933333": [ 33.20676, 78.92016, 162.1125 ],
            "4.233333": [ 33.20676, 78.92016, 162.1125 ],
            "4.333333": [ 29.86187, 78.92016, 162.1125 ],
            "4.5": [ 37.16935, 78.92016, 162.1125 ],
            "4.633333": [ 0, 0, 0 ]
          },
          "scale": {
            "0.03333334": [ 1, 1, 1 ],
            "4.633333": [ 1, 1, 1 ]
          }
        },
        "body": {
          "position": {
            "0.03333334": [ 0, 0, 0 ],
            "0.1666667": [ -0.05827012, 0.540776, -0.06855396 ],
            "0.2666667": [ 0, 0.2385984, 0 ],
            "0.3333333": [ 0, -0.03101498, 0 ],
            "0.4666667": [ 0.01050738, 0.518401, -0.08425204 ],
            "0.5666667": [ 0, 0.2385984, 0 ],
            "0.6333333": [ 0, -0.1263442, 0 ],
            "0.7666667": [ 0.00300302, 0.4813872, -0.08431114 ],
            "0.8666667": [ 0, 0.2385984, 0 ],
            "0.9333333": [ 0, -0.1281694, 0 ],
            "1.066667": [ 0.01015943, 0.5086331, -0.1124351 ],
            "1.166667": [ 0, 0.2385984, 0 ],
            "1.233333": [ 0, -0.05924571, 0 ],
            "1.366667": [ 0.01157753, 0.5516399, -0.111809 ],
            "1.466667": [ 0, 0.2385984, 0 ],
            "1.533333": [ 0, -0.06266595, 0 ],
            "1.7": [ 0, 0, 0 ],
            "2.633333": [ 0, 0, 0 ],
            "2.8": [ 0, -1.280504, 0 ],
            "3.066667": [ 0, 0, 0 ],
            "4.233333": [ 0, 0, 0 ],
            "4.333333": [ 0, -0.4137061, 0 ],
            "4.5": [ 0, 0.5687141, 0 ],