{
  "format_version": "1.8.0",
  "animations": {
    "animation.player.level_up_giddy": {
      "loop": false,
      "bones": {
        "head": {
          "position": {
            "0": [ 0, 0, 0 ],
            "3.3": [ 0, 0, 0 ]
          },
          "rotation": {
            "0": [ 0, 0, 0 ],
            "0.1333333": [ 3.770727, 0, 0 ],
            "0.3": [ -2.438432, 0, 0 ],
            "0.4333333": [ 3.707008, 0, 0 ],
            "0.5333334": [ -5.9599, 0, 0 ],
            "0.6666667": [ 8.991871, 0, 0 ],
            "0.8": [ -5.132011, 0.2851281, 0.6261517 ],
            "0.8666667": [ -22.24831, 2.566153, 5.635366 ],
            "1.033333": [ 15.44406, 6.523719, 1.943721 ],
            "1.1": [ 5.262143, 5.373604, 1.671876 ],
            "1.133333": [ -1.09392, 4.605946, 1.427811 ],
            "1.3": [ -21.97033, 0.7676577, 0.2074888 ],
            "1.333333": [ -22.33805, 0, 0 ],
            "1.5": [ -24.17666, 10.14408, -11.77532 ],
            "1.666667": [ -26.01527, 9.54573, 5.436761 ],
            "1.8": [ -27.48616, 9.067052, -10.30153 ],
            "1.933333": [ -28.95705, 8.588373, 1.785862 ],
            "2.033333": [ -30.06022, 8.229365, -9.924725 ],
            "2.166667": [ -31.53111, 7.750687, 4.141342 ],
            "2.3": [ -33.002, 7.272009, -9.494095 ],
            "2.433333": [ -34.47289, 6.793331, 2.593293 ],
            "2.533333": [ -35.57605, 6.434323, -9.117293 ],
            "2.666667": [ -37.04694, 5.955645, 4.948773 ],
            "2.8": [ -38.51783, 5.476967, -9.301882 ],
            "2.933333": [ -39.98872, 4.998289, -3.100627 ],
            "3": [ -40.72417, 4.75895, 0 ],
            "3.166667": [ -42.56278, 2.03955, 0 ],
            "3.3": [ -8.512555, 0, 0 ],
            "3.333333": [ 0, 0, 0 ]
          },
          "scale": {
            "0": [ 1, 1, 1 ],
            "3.3": [ 1, 1, 1 ]
          }
        },
        "leftArm": {
          "position": {
            "0": [ 0, 0, 0 ],
            "0.1333333": [ 0, 0.005069563, 0 ],
            "0.2666667": [ 0, 0.004676054, 0 ],
            "0.3666667": [ 0, 0.004201652, 0 ],
            "0.5": [ 0, 0.004755121, 0 ],
            "0.6333333": [ 0, 0.004201652, 0 ],
            "0.7666667": [ 0, 0.004676054, 0 ],
            "0.8666667": [ 0, 0.004201652, 0 ],
            "1": [ 0, 0.004755121, 0 ],
            "1.133333": [ 0, 0.00415287, 0 ],
            "1.466667": [ 0, 0.003783193, 0 ],
            "2.8": [ 0, 0.002314886, 0 ],
            "3.266667": [ 0, 0, 0 ]
          },
          "rotation": {
            "0": [ 0, 0, 0 ],
            "0.1333333": [ -81.70504, 10.91197, 1.56852E-15 ],
            "0.2666667": [ -80.76293, 26.5829, 2.180837E-16 ],
            "0.3": [ -80.10236, 24.32858, 6.54251E-16 ],
            "0.3666667": [ -78.7812, 6.294007, 1.526586E-15 ],
            "0.5": [ -88.73782, 26.5829, 0 ],
            "0.5333334": [ -88.07724, 26.5829, 4.361673E-16 ],
            "0.6333333": [ -87.24689, -5.111925, 1.526586E-15 ],
            "0.7666667": [ -100.7238, 26.5829, 0 ],
            "0.8": [ -100.0632, 21.74106, 0 ],
            "0.8666667": [ -98.74209, -16.99361, 0 ],
            "1": [ -113.4335, 26.5829, 0 ],
            "1.066667": [ -114.752, 26.5829, 0 ],
            "1.133333": [ -116.6554, 15.84153, 0.8238718 ],
            "1.266667": [ -132.9384, -2.031075, 13.71197 ],
            "1.466667": [ -198.5932, 8.552034, 28.60374 ],
            "1.6": [ -187.767, 7.718994, 20.89041 ],
            "1.7": [ -199.2393, 7.094213, 31.56165 ],
            "1.833333": [ -186.1915, 6.261172, 19.71486 ],
            "1.966667": [ -199.3371, 5.428132, 31.5581 ],
            "2.1": [ -189.8158, 4.595091, 22.22861 ],
            "2.2": [ -197.9075, 3.97031, 30.97982 ],
            "2.333333": [ -181.2452, 3.13727, 18.84483 ],
            "2.466667": [ -195.6523, 2.304229, 30.69876 ],
            "2.6": [ -185.0802, 1.471188, 18.63135 ],
            "2.7": [ -194.7115, 0.8464078, 28.90187 ],
            "2.8": [ -194.5001, -0.908072, 15.03677 ],
            "2.966667": [ -192.6566, -24.54336, 9.467594 ],
            "3": [ -173.6949, -29.27042, 8.35376 ],
            "3.133333": [ -83.37354, -20.26747, 3.898421 ],
            "3.266667": [ -11.57966, 0, 0 ],
            "3.333333": [ 0, 0, 0 ]
          },
          "scale": {
            "0": [ 1, 1, 1 ],
            "3.266667": [ 1, 1, 1 ]
          }
        },
        "rightArm": {
          "position": {
            "0": [ 0, 0, 0 ],
            "3.266667": [ 0, 0, 0 ]
          },
          "rotation": {
            "0": [ 0, 0, 0 ],
            "0.1333333": [ -78.79964, -13.045, 0.1235314 ],
            "0.2666667": [ -84.68532, -20.42063, 1.830595 ],
            "0.3666667": [ -83.62818, 3.811828, 1.69634 ],
            "0.5": [ -92.5061, -24.45937, 1.852971 ],
            "0.6333333": [ -92.09386, 16.38801, 1.69634 ],
            "0.7666667": [ -104.6462, -24.45937, 1.830595 ],
            "0.8": [ -104.2938, -18.26933, 1.785844 ],
            "0.8666667": [ -103.5891, 31.25106, 1.69634 ],
            "1": [ -116.28, -27.20706, 1.852971 ],
            "1.066667": [ -116.28, -27.07375, 1.763468 ],
            "1.1": [ -122.3277, -15.25329, 1.718716 ],
            "1.133333": [ -134.8598, -3.432832, 1.681408 ],
            "1.166667": [ -147.7095, 5.185297, 1.666429 ],
            "1.2": [ -160.5592, 5.050723, 1.651449 ],
            "1.3": [ -195.9322, 4.646996, -14.20049 ],
            "1.333333": [ -205.6059, 4.512422, -18.04125 ],
            "1.466667": [ -201.2242, 3.97412, -33.3204 ],
            "1.6": [ -200.1458, 3.435819, -43.41496 ],
            "1.7": [ -216.6799, 3.032094, -30.37204 ],
            "1.833333": [ -198.3804, 2.493792, -43.97066 ],
            "1.966667": [ -217.2464, 1.955491, -27.10521 ],
            "2.1": [ -202.9892, 1.41719, -38.43244 ],
            "2.2": [ -219.0497, 1.013464, -24.15685 ],
            "2.333333": [ -202.2446, 0.4751632, -37.65275 ],
            "2.466667": [ -219.837, -0.06313787, -20.52029 ],
            "2.6": [ -204.1986, -0.6014389, -28.6434 ],
            "2.7": [ -215.8731, -1.005165, -17.57193 ],
            "2.8": [ -213.4641, -0.5995362, -15.31275 ],
            "2.9": [ -209.7748, 8.708991, -11.90992 ],
            "3": [ -137.6074, 18.01752, -8.507086 ],
            "3.266667": [ 0, 0, 0 ]
          },
          "scale": {
            "0": [ 1, 1, 1 ],
            "3.266667": [ 1, 1, 1 ]
          }
        },
        "body": {
          "position": {
            "0": [ 0, 0, 0 ]
          },
          "rotation": {
            "0": [ 0, 0, 0 ]
          },
          "scale": {
            "0": [ 1, 1, 1 ]
          }
        },
        "hip": {
          "position": {
            "0": [ 0, 0, 0 ],
            "3.266667": [ 0, 0, 0 ]
          },
          "rotation": {
            "0": [ 0, 0, 0 ],
            "0.2": [ -4.876966, -0.1790605, 0 ],
            "0.3333333": [ -0.5895436, -0.2984342, 0 ],
            "0.4666667": [ -5.993967, -0.4178079, 0 ],
            "0.6": [ -1.687569, -0.5371816, 0 ],
            "0.8": [ -10.55019, -0.7162421, 0 ],
            "0.9333333": [ 0.1703014, -0.8356158, 0 ],
            "1.033333": [ -12.29952, -0.925146, 0 ],
            "1.1": [ -14.08266, -0.9848329, 0 ],
            "1.266667": [ -20.4008, -1.13405, -0.7525963 ],
            "1.333333": [ -17.80143, -1.193737, -3.762981 ],
            "1.433333": [ -13.90236, -1.160031, -7.45689 ],
            "1.5": [ -11.30298, -1.137561, -7.180598 ],
            "1.733333": [ -12.05831, -1.058915, -6.213577 ],
            "1.933333": [ -9.416036, -0.9915038, -5.384703 ],
            "2.066667": [ -9.650691, -0.9465631, -4.832119 ],
            "3.033333": [ -11.35195, -0.6207432, -3.168838 ],
            "3.166667": [ 0, -0.2471737, -1.2618 ],
            "3.266667": [ -0.0007827295, 0, 0 ]
          },
          "scale": {
            "0": [ 1, 1, 1 ],
            "3.266667": [ 1, 1, 1 ]
          }
        },