{
  "format_version": "1.8.0",
  "animations": {
    "animation.cow_tappable_tap_4": {
      "loop": false,
      "bones": {
        "head": {
          "position": {
            "0.1333333": [ 0, 0, 0 ],
            "0.2": [ 0, 0, 0 ],
            "0.3": [ 0, 0, 0 ],
            "0.4": [ 0, 0, 0 ],
            "0.5333334": [ 0, 0, 0 ]
          },
          "rotation": {
            "0.1333333": [ -9.427345, -21.5077, 0 ],
            "0.2": [ 10.79512, -34.28865, 0 ],
            "0.3": [ -27.4414, -48.56722, 0 ],
            "0.4": [ 0, -51.35093, 0 ],
            "0.5333334": [ -21.3595, -51.35093, 0 ]
          },
          "scale": {
            "0.1333333": [ 1, 1, 1 ],
            "0.2": [ 1, 1, 1 ],
            "0.3": [ 1, 1, 1 ],
            "0.4": [ 1, 1, 1 ],
            "0.5333334": [ 1, 1, 1 ]
          }
        },
        "leg0": {
          "position": {
            "0.1333333": [ 0, 0, 0 ],
            "0.2333333": [ 0, 0, 0 ],
            "0.3333333": [ 0, 0, 0 ]
          },
          "rotation": {
            "0.1333333": [ 0, 0, 0 ],
            "0.2333333": [ 18.70108, 0, 0 ],
            "0.3333333": [ 0, 0, 0 ]
          },
          "scale": {
            "0.1333333": [ 1, 1, 1 ],
            "0.2333333": [ 1, 1, 1 ],
            "0.3333333": [ 1, 1, 1 ]
          }
        },
        "leg1": {
          "position": {
            "0.1333333": [ 0, 0, 0 ],
            "0.2333333": [ 0, 0, 0 ],
            "0.3333333": [ 0, 0, 0 ]
          },
          "rotation": {
            "0.1333333": [ 0, 0, 0 ],
            "0.2333333": [ 13.00249, 0, 0 ],
            "0.3333333": [ 0, 0, 0 ]
          },
          "scale": {
            "0.1333333": [ 1, 1, 1 ],
            "0.2333333": [ 1, 1, 1 ],
            "0.3333333": [ 1, 1, 1 ]
          }
        },
        "leg2": {
          "position": {
            "0.1333333": [ 0, 0, 0 ],
            "0.2333333": [ 0, 0, 0 ],
            "0.3333333": [ 0, 0, 0 ]
          },
          "rotation": {
            "0.1333333": [ 0, 0, 0 ],
            "0.2333333": [ -10.67764, 0, 0 ],
            "0.3333333": [ 0, 0, 0 ]
          },
          "scale": {
            "0.1333333": [ 1, 1, 1 ],
            "0.2333333": [ 1, 1, 1 ],
            "0.3333333": [ 1, 1, 1 ]
          }
        },
        "leg3": {
          "position": {
            "0.1333333": [ 0, 0, 0 ],
            "0.2333333": [ 0, 0, 0 ],
            "0.3333333": [ 0, 0, 0 ]
          },
          "rotation": {
            "0.1333333": [ 0, 0, 0 ],
            "0.2333333": [ -20.11872, 0, 0 ],
            "0.3333333": [ 0, 0, 0 ]
          },
          "scale": {
            "0.1333333": [ 1, 1, 1 ],
            "0.2333333": [ 1, 1, 1 ],
            "0.3333333": [ 1, 1, 1 ]
          }
        },
        "body": {
          "position": {
            "0": [ 0, 0, 0 ],
            "0.1666667": [ 0, -1.925941, 0 ],
            "0.2666667": [ 0, 2.305997, 0 ],
            "0.3333333": [ 0, 0, 0 ],
            "0.4333333": [ 0, -0.8298587, 0 ],
            "0.5333334": [ 0, 0, 0 ]
          },
          "rotation": {
            "0": [ 0, 0, 0 ],
            "0.1666667": [ 0, 0, 0 ],
            "0.2666667": [ 0, 0, 0 ],
            "0.3333333": [ 0, 0, 0 ],
            "0.5333334": [ 0, 0, 0 ]
          },
          "scale": {
            "0": [ 1, 1, 1 ],
            "0.1666667": [ 1, 0.8837339, 1 ],
            "0.2666667": [ 1.137602, 1.137602, 1.137602 ],
            "0.3333333": [ 1, 1, 1 ],
            "0.4333333": [ 1, 0.9552435, 1 ],
            "0.5333334": [ 1, 1, 1 ]
          }
        }
      }
    }
  }
}