{
  "format_version": "1.8.0",
  "animations": {
    "animation.cow_tappable_tap_5": {
      "loop": false,
      "bones": {
        "head": {
          "position": {
            "0.06666667": [ 0, 0, 0 ],
            "0.1666667": [ 0, 0, 0 ],
            "0.3": [ 0, 0, 0 ],
            "0.4333333": [ 0, 0, 0 ],
            "0.5666667": [ 0, 0, 0 ]
          },
          "rotation": {
            "0.06666667": [ -21.359, -46.32191, 0 ],
            "0.1666667": [ 3.959889, -35.51683, 0 ],
            "0.3": [ -17.46381, 0, 0 ],
            "0.4333333": [ 11.01524, 0, 0 ],
            "0.5666667": [ 0, 0, 0 ]
          },
          "scale": {
            "0.06666667": [ 1, 1, 1 ],
            "0.1666667": [ 1, 1, 1 ],
            "0.3": [ 1, 1, 1 ],
            "0.4333333": [ 1, 1, 1 ],
            "0.5666667": [ 1, 1, 1 ]
          }
        },
        "leg0": {
          "position": {
            "0.1666667": [ 0, 0, 0 ],
            "0.2666667": [ 0, 0, 0 ],
            "0.3666667": [ 0, 0, 0 ]
          },
          "rotation": {
            "0.1666667": [ 0, 0, 0 ],
            "0.2666667": [ 9.452896, 0, 0 ],
            "0.3666667": [ 0, 0, 0 ]
          },
          "scale": {
            "0.1666667": [ 1, 1, 1 ],
            "0.2666667": [ 1, 1, 1 ],
            "0.3666667": [ 1, 1, 1 ]
          }
        },
        "leg1": {
          "position": {
            "0.1666667": [ 0, 0, 0 ],
            "0.2666667": [ 0, 0, 0 ],
            "0.3666667": [ 0, 0, 0 ]
          },
          "rotation": {
            "0.1666667": [ 0, 0, 0 ],
            "0.2666667": [ 11.53278, 0, 0 ],
            "0.3666667": [ 0, 0, 0 ]
          },
          "scale": {
            "0.1666667": [ 1, 1, 1 ],
            "0.2666667": [ 1, 1, 1 ],
            "0.3666667": [ 1, 1, 1 ]
          }
        },
        "leg2": {
          "position": {
            "0.1666667": [ 0, 0, 0 ],
            "0.2666667": [ 0, 0, 0 ],
            "0.3666667": [ 0, 0, 0 ]
          },
          "rotation": {
            "0.1666667": [ 0, 0, 0 ],
            "0.2666667": [ -7.690862, 0, 0 ],
            "0.3666667": [ 0, 0, 0 ]
          },
          "scale": {
            "0.1666667": [ 1, 1, 1 ],
            "0.2666667": [ 1, 1, 1 ],
            "0.3666667": [ 1, 1, 1 ]
          }
        },
        "leg3": {
          "position": {
            "0.1666667": [ 0, 0, 0 ],
            "0.2666667": [ 0, 0, 0 ],
            "0.3666667": [ 0, 0, 0 ]
          },
          "rotation": {
            "0.1666667": [ 0, 0, 0 ],
            "0.2666667": [ -14.1308, 0, 0 ],
            "0.3666667": [ 0, 0, 0 ]
          },
          "scale": {
            "0.1666667": [ 1, 1, 1 ],
            "0.2666667": [ 1, 1, 1 ],
            "0.3666667": [ 1, 1, 1 ]
          }
        },
        "body": {
          "position": {
            "0.1666667": [ 0, -1.925941, 0 ],
            "0.2666667": [ 0, 3.251709, 0 ],
            "0.3333333": [ 0, 0, 0 ],
            "0.4333333": [ 0, -0.8298587, 0 ],
            "0.5333334": [ 0, 0, 0 ]
          },
          "rotation": {
            "0.1666667": [ 0, 0, 0 ],
            "0.2666667": [ 0, 0, 0 ],
            "0.3333333": [ 0, 0, 0 ],
            "0.5333334": [ 0, 0, 0 ]
          },
          "scale": {
            "0.1666667": [ 1, 0.8837339, 1 ],
            "0.2666667": [ 1.137602, 1.137602, 1.137602 ],
            "0.3333333": [ 1, 1, 1 ],
            "0.4333333": [ 1, 0.9552435, 1 ],
            "0.5333334": [ 1, 1, 1 ]
          }
        }
      }
    }
  }
}