{
  "format_version": "1.8.0",
  "animations": {
    "animation.cow_tappable_award": {
      "loop": false,
      "bones": {
        "head": {
          "position": {
            "0": [ 0, 0, 0 ],
            "0.1333333": [ 0, 0, 0 ],
            "0.2333333": [ 0, 0, 0 ],
            "0.3666667": [ 0, 0, 0 ],
            "0.5": [ 0, 0, 0 ]
          },
          "rotation": {
            "0": [ 0, 0, 0 ],
            "0.1333333": [ 14.9927, 0, 0 ],
            "0.2333333": [ 0, 0, 0 ],
            "0.3666667": [ -9.913071, 0, 0 ],
            "0.5": [ -6.649369, 0, 0 ]
          },
          "scale": {
            "0": [ 1, 1, 1 ],
            "0.1333333": [ 1, 1, 1 ],
            "0.2333333": [ 1, 1, 1 ],
            "0.3666667": [ 1, 1, 1 ],
            "0.5": [ 1, 1, 1 ]
          }
        },
        "leg0": {
          "position": {
            "0.1666667": [ 0, 0, 0 ],
            "0.2333333": [ 0, 0, 0 ],
            "0.3666667": [ 0, 0, 0 ]
          },
          "rotation": {
            "0.1666667": [ 0, 0, 0 ],
            "0.2333333": [ 15.06264, 0, 0 ],
            "0.3666667": [ 24.16558, 0, 0 ]
          },
          "scale": {
            "0.1666667": [ 1, 1, 1 ],
            "0.2333333": [ 1, 1, 1 ],
            "0.3666667": [ 1, 1, 1 ]
          }
        },
        "leg1": {
          "position": {
            "0.1666667": [ 0, 0, 0 ],
            "0.2333333": [ 0, 0, 0 ]
          },
          "rotation": {
            "0.1666667": [ 0, 0, 0 ],
            "0.2333333": [ 27.62519, 0, 0 ],
            "0.3666667": [ 37.66395, 0, 0 ]
          },
          "scale": {
            "0.1666667": [ 1, 1, 1 ],
            "0.2333333": [ 1, 1, 1 ]
          }
        },
        "leg2": {
          "position": {
            "0.1666667": [ 0, 0, 0 ],
            "0.3": [ 0, 0, 0 ]
          },
          "rotation": {
            "0.1666667": [ 0, 0, 0 ],
            "0.3": [ -74.06805, 0, 0 ],
            "0.3666667": [ -91.94221, 0, 0 ],
            "0.5": [ -78.71336, 0, 0 ]
          },
          "scale": {
            "0.1666667": [ 1, 1, 1 ],
            "0.3": [ 1, 1, 1 ]
          }
        },
        "leg3": {
          "position": {
            "0.1666667": [ 0, 0, 0 ],
            "0.3": [ 0, 0, 0 ]
          },
          "rotation": {
            "0.1666667": [ 0, 0, 0 ],
            "0.3": [ -51.41437, 0, 0 ],
            "0.3666667": [ -78.52211, 0, 0 ],
            "0.5": [ -62.16443, 0, 0 ]
          },
          "scale": {
            "0.1666667": [ 1, 1, 1 ],
            "0.3": [ 1, 1, 1 ]
          }
        },
        "body": {
          "position": {
            "0.03333334": [ 0, 0, 0 ],
            "0.1666667": [ 0, -2.958967, 0 ],
            "0.2333333": [ 0, 3.286623, 0 ],
            "0.3666667": [ 10.81201, 20.10033, -10.81201 ],
            "0.5": [ 15.22541, 17.74613, -15.25316 ]
          },
          "rotation": {
            "0.03333334": [ 0, -45, 0 ],
            "0.1666667": [ 0, -45, 0 ],
            "0.2333333": [ 0, -45, 0 ],
            "0.3666667": [ -8.907105, -45, 0 ],
            "0.5": [ -13.03007, -45, 0 ]
          },
          "scale": {
            "0.03333334": [ 1, 1, 1 ],
            "0.1666667": [ 1, 0.8554941, 1 ],
            "0.2333333": [ 1, 1, 1 ],
            "0.3666667": [ 1.111548, 1.111548, 1.111548 ]
          }
        }
      }
    }
  }
}