{
  "format_version": "1.8.0",
  "animations": {
    "animation.cow_tappable_tap_6": {
      "loop": false,
      "bones": {
        "head": {
          "position": {
            "0.2333333": [ 0, 0, 0 ],
            "0.3666667": [ 0, 0, 0 ],
            "0.4333333": [ 0, 0, 0 ],
            "0.5333334": [ 0, 0, 0 ],
            "0.6": [ 0, 0, 0 ]
          },
          "rotation": {
            "0.2333333": [ 17.56242, 0, 0 ],
            "0.3666667": [ 0, 0, -14.01363 ],
            "0.4333333": [ 0, 0, 10.96719 ],
            "0.5333334": [ 0, 0, -12.79505 ],
            "0.6": [ 0, 0, 13.40434 ],
            "0.7": [ 0, 0, -12.79505 ]
          },
          "scale": {
            "0.2333333": [ 1, 1, 1 ],
            "0.3666667": [ 1, 1, 1 ],
            "0.4333333": [ 1, 1, 1 ],
            "0.5333334": [ 1, 1, 1 ],
            "0.6": [ 1, 1, 1 ]
          }
        },
        "leg0": {
          "position": {
            "0.2": [ 0, 0, 0 ],
            "0.3": [ 0, 0, 0 ],
            "0.4": [ 0, 0, 0 ]
          },
          "rotation": {
            "0.2": [ 0, 0, 0 ],
            "0.3": [ 15.40707, 0, 0 ],
            "0.4": [ 0, 0, 0 ]
          },
          "scale": {
            "0.2": [ 1, 1, 1 ],
            "0.3": [ 1, 1, 1 ],
            "0.4": [ 1, 1, 1 ]
          }
        },
        "leg1": {
          "position": {
            "0.2": [ 0, 0, 0 ],
            "0.3": [ 0, 0, 0 ],
            "0.4": [ 0, 0, 0 ]
          },
          "rotation": {
            "0.2": [ 0, 0, 0 ],
            "0.3": [ 7.272563, 0, 0 ],
            "0.4": [ 0, 0, 0 ]
          },
          "scale": {
            "0.2": [ 1, 1, 1 ],
            "0.3": [ 1, 1, 1 ],
            "0.4": [ 1, 1, 1 ]
          }
        },
        "leg2": {
          "position": {
            "0.2": [ 0, 0, 0 ],
            "0.3": [ 0, 0, 0 ],
            "0.4": [ 0, 0, 0 ]
          },
          "rotation": {
            "0.2": [ 0, 0, 0 ],
            "0.3": [ -9.110097, 0, 0 ],
            "0.4": [ 0, 0, 0 ]
          },
          "scale": {
            "0.2": [ 1, 1, 1 ],
            "0.3": [ 1, 1, 1 ],
            "0.4": [ 1, 1, 1 ]
          }
        },
        "leg3": {
          "position": {
            "0.2": [ 0, 0, 0 ],
            "0.3": [ 0, 0, 0 ],
            "0.4": [ 0, 0, 0 ]
          },
          "rotation": {
            "0.2": [ 0, 0, 0 ],
            "0.3": [ -16.41509, 0, 0 ],
            "0.4": [ 0, 0, 0 ]
          },
          "scale": {
            "0.2": [ 1, 1, 1 ],
            "0.3": [ 1, 1, 1 ],
            "0.4": [ 1, 1, 1 ]
          }
        },
        "body": {
          "position": {
            "0.2": [ 0, -1.925941, 0 ],
            "0.3": [ 0, 3.307909, 0 ],
            "0.3666667": [ 0, 0, 0 ],
            "0.4666667": [ 0, -0.8298587, 0 ],
            "0.5666667": [ 0, 0, 0 ]
          },
          "rotation": {
            "0.2": [ 0, 0, 0 ],
            "0.3": [ 0, 0, 0 ],
            "0.3666667": [ 0, 0, 0 ],
            "0.5666667": [ 0, 0, 0 ]
          },
          "scale": {
            "0.2": [ 1, 0.8837339, 1 ],
            "0.3": [ 1.137602, 1.137602, 1.137602 ],
            "0.3666667": [ 1, 1, 1 ],
            "0.4666667": [ 1, 0.9552435, 1 ],
            "0.5666667": [ 1, 1, 1 ]
          }
        }
      }
    }
  }
}