{
  "format_version": "1.8.0",
  "animations": {
    "animation.cow_tappable_tap_3": {
      "loop": false,
      "bones": {
        "head": {
          "position": {
            "0.1666667": [ 0, 0, 0 ],
            "0.2333333": [ 0, 0, 0 ],
            "0.3666667": [ 0, 0, 0 ]
          },
          "rotation": {
            "0.1666667": [ -9.427345, -1.407457, 0 ],
            "0.2333333": [ 10.79512, -1.407457, 0 ],
            "0.3666667": [ -25.55824, -1.407457, 0 ],
            "0.4666667": [ -12.06345, -1.407457, 0 ],
            "0.5666667": [ -4.19415, -1.407457, 0 ],
            "0.6333333": [ -5.231635, -1.407457, 0 ]
          },
          "scale": {
            "0.1666667": [ 1, 1, 1 ],
            "0.2333333": [ 1, 1, 1 ],
            "0.3666667": [ 1, 1, 1 ]
          }
        },
        "leg0": {
          "position": {
            "0.1": [ 0, 0, 0 ],
            "0.2333333": [ 0, 0, 0 ],
            "0.3333333": [ 0, 0, 0 ]
          },
          "rotation": {
            "0.1": [ 0, 0, 0 ],
            "0.2333333": [ 9.182452, 0, 0 ],
            "0.3333333": [ 0, 0, 0 ]
          },
          "scale": {
            "0.1": [ 1, 1, 1 ],
            "0.2333333": [ 1, 1, 1 ],
            "0.3333333": [ 1, 1, 1 ]
          }
        },
        "leg1": {
          "position": {
            "0.1": [ 0, 0, 0 ],
            "0.2333333": [ 0, 0, 0 ],
            "0.3333333": [ 0, 0, 0 ]
          },
          "rotation": {
            "0.1": [ 0, 0, 0 ],
            "0.2333333": [ 9.182452, 0, 0 ],
            "0.3333333": [ 0, 0, 0 ]
          },
          "scale": {
            "0.1": [ 1, 1, 1 ],
            "0.2333333": [ 1, 1, 1 ],
            "0.3333333": [ 1, 1, 1 ]
          }
        },
        "leg2": {
          "position": {
            "0.1": [ 0, 0, 0 ],
            "0.2333333": [ 0, 0, 0 ],
            "0.3333333": [ 0, 0, 0 ]
          },
          "rotation": {
            "0.1": [ 0, 0, 0 ],
            "0.2333333": [ -10.21766, 0, 0 ],
            "0.3333333": [ 0, 0, 0 ]
          },
          "scale": {
            "0.1": [ 1, 1, 1 ],
            "0.2333333": [ 1, 1, 1 ],
            "0.3333333": [ 1, 1, 1 ]
          }
        },
        "leg3": {
          "position": {
            "0.1": [ 0, 0, 0 ],
            "0.2333333": [ 0, 0, 0 ],
            "0.3333333": [ 0, 0, 0 ]
          },
          "rotation": {
            "0.1": [ 0, 0, 0 ],
            "0.2333333": [ -18.90264, 0, 0 ],
            "0.3333333": [ 0, 0, 0 ]
          },
          "scale": {
            "0.1": [ 1, 1, 1 ],
            "0.2333333": [ 1, 1, 1 ],
            "0.3333333": [ 1, 1, 1 ]
          }
        },
        "body": {
          "position": {
            "0": [ 0, 0, 0 ],
            "0.1666667": [ 0, -1.925941, 0 ],
            "0.2666667": [ 0, 3.806187, 0 ],
            "0.3333333": [ 0, 0, 0 ],
            "0.4333333": [ 0, -0.8298587, 0 ],
            "0.5333334": [ 0, 0, 0 ]
          },
          "rotation": {
            "0": [ 0, 0, 0 ],
            "0.1666667": [ 0, 0, 0 ],
            "0.2666667": [ 0, 0, 0 ],
            "0.3333333": [ 0, 0, 0 ],
            "0.5333334": [ 0, 0, 0 ]
          },
          "scale": {
            "0": [ 1, 1, 1 ],
            "0.1666667": [ 1, 0.8837339, 1 ],
            "0.2666667": [ 1.137602, 1.137602, 1.137602 ],
            "0.3333333": [ 1, 1, 1 ],
            "0.4333333": [ 1, 0.9552435, 1 ],
            "0.5333334": [ 1, 1, 1 ]
          }
        }
      }
    }
  }
}