{
  "format_version": "1.8.0",
  "animations": {
    "animation.cow_tappable_tap_7": {
      "loop": false,
      "bones": {
        "head": {
          "position": {
            "0.1": [ 0, 0, 0 ],
            "0.2": [ 0, 0, 0 ],
            "0.3333333": [ 0, 0, 0 ],
            "0.4666667": [ 0, 0, 0 ],
            "0.6": [ 0, 0, 0 ]
          },
          "rotation": {
            "0": [ -12.9524, 0, 0 ],
            "0.1": [ -21.359, 0, 0 ],
            "0.2": [ 3.959889, 0, 0 ],
            "0.3333333": [ -17.46381, 0, 0 ],
            "0.4666667": [ 11.01524, 0, 0 ],
            "0.6": [ 0, 0, 0 ]
          },
          "scale": {
            "0.1": [ 1, 1, 1 ],
            "0.2": [ 1, 1, 1 ],
            "0.3333333": [ 1, 1, 1 ],
            "0.4666667": [ 1, 1, 1 ],
            "0.6": [ 1, 1, 1 ]
          }
        },
        "leg0": {
          "position": {
            "0.1333333": [ 0, 0, 0 ],
            "0.2333333": [ 0, 0, 0 ],
            "0.3333333": [ 0, 0, 0 ]
          },
          "rotation": {
            "0.1333333": [ 0, 0, 0 ],
            "0.2333333": [ 10.05267, 0, 0 ],
            "0.3333333": [ 0, 0, 0 ]
          },
          "scale": {
            "0.1333333": [ 1, 1, 1 ],
            "0.2333333": [ 1, 1, 1 ],
            "0.3333333": [ 1, 1, 1 ]
          }
        },
        "leg1": {
          "position": {
            "0.1333333": [ 0, 0, 0 ],
            "0.2333333": [ 0, 0, 0 ],
            "0.3333333": [ 0, 0, 0 ]
          },
          "rotation": {
            "0.1333333": [ 0, 0, 0 ],
            "0.2333333": [ 15.27655, 0, 0 ],
            "0.3333333": [ 0, 0, 0 ]
          },
          "scale": {
            "0.1333333": [ 1, 1, 1 ],
            "0.2333333": [ 1, 1, 1 ],
            "0.3333333": [ 1, 1, 1 ]
          }
        },
        "leg2": {
          "position": {
            "0.1333333": [ 0, 0, 0 ],
            "0.2333333": [ 0, 0, 0 ],
            "0.3333333": [ 0, 0, 0 ]
          },
          "rotation": {
            "0.1333333": [ 0, 0, 0 ],
            "0.2333333": [ -8.482061, 0, 0 ],
            "0.3333333": [ 0, 0, 0 ]
          },
          "scale": {
            "0.1333333": [ 1, 1, 1 ],
            "0.2333333": [ 1, 1, 1 ],
            "0.3333333": [ 1, 1, 1 ]
          }
        },
        "leg3": {
          "position": {
            "0.1333333": [ 0, 0, 0 ],
            "0.2333333": [ 0, 0, 0 ],
            "0.3333333": [ 0, 0, 0 ]
          },
          "rotation": {
            "0.1333333": [ 0, 0, 0 ],
            "0.2333333": [ -4.520241, 0, 0 ],
            "0.3333333": [ 0, 0, 0 ]
          },
          "scale": {
            "0.1333333": [ 1, 1, 1 ],
            "0.2333333": [ 1, 1, 1 ],
            "0.3333333": [ 1, 1, 1 ]
          }
        },
        "body": {
          "position": {
            "0.03333334": [ 0, 0, 0 ],
            "0.1666667": [ 0, -1.925941, 0 ],
            "0.2666667": [ 0, 2.641535, 0 ],
            "0.3333333": [ 0, 0, 0 ],
            "0.4333333": [ 0, -0.8298587, 0 ],
            "0.5333334": [ 0, 0, 0 ]
          },
          "rotation": {
            "0.03333334": [ 0, 0, 0 ],
            "0.1666667": [ 0, 0, 0 ],
            "0.2666667": [ 0, 0, 0 ],
            "0.3333333": [ 0, 0, 0 ],
            "0.5333334": [ 0, 0, 0 ]
          },
          "scale": {
            "0.03333334": [ 1, 1, 1 ],
            "0.1666667": [ 1, 0.8837339, 1 ],
            "0.2666667": [ 1.137602, 1.137602, 1.137602 ],
            "0.3333333": [ 1, 1, 1 ],
            "0.4333333": [ 1, 0.9552435, 1 ],
            "0.5333334": [ 1, 1, 1 ]
          }
        }
      }
    }
  }
}