{
  "format_version": "1.8.0",
  "animations": {
    "animation.cow_tappable_idle": {
      "loop": true,
      "bones": {
        "world": {
          "position": {
            "0": [ 0, 0, 0 ]
          },
          "rotation": {
            "0": [ 0, 0, 0 ]
          },
          "scale": {
            "0": [ 1, 1, 1 ]
          }
        },
        "head": {
          "position": {
            "0": [ 0, 0, 0 ]
          },
          "rotation": {
            "0": [ 0, 0, 0 ]
          },
          "scale": {
            "0": [ 1, 1, 1 ]
          }
        },
        "leg0": {
          "position": {
            "0": [ 0, 0, 0 ]
          },
          "rotation": {
            "0": [ 0, 0, 0 ]
          },
          "scale": {
            "0": [ 1, 1, 1 ]
          }
        },
        "leg1": {
          "position": {
            "0": [ 0, 0, 0 ]
          },
          "rotation": {
            "0": [ 0, 0, 0 ]
          },
          "scale": {
            "0": [ 1, 1, 1 ]
          }
        },
        "leg2": {
          "position": {
            "0": [ 0, 0, 0 ]
          },
          "rotation": {
            "0": [ 0, 0, 0 ]
          },
          "scale": {
            "0": [ 1, 1, 1 ]
          }
        },
        "leg3": {
          "position": {
            "0": [ 0, 0, 0 ]
          },
          "rotation": {
            "0": [ 0, 0, 0 ]
          },
          "scale": {
            "0": [ 1, 1, 1 ]
          }
        },
        "body": {
          "position": {
            "0": [ 0, 0, 0 ],
            "0.3": [ 0, 0, 0 ],
            "1.466667": [ 0, 0, 0 ],
            "1.633333": [ 0, 0, 0 ],
            "1.733333": [ 0, 3.544985, 0 ],
            "1.833333": [ 0, 0, 0 ],
            "1.933333": [ 0, 1.706671, 0 ],
            "2.033333": [ 0, 0, 0 ],
            "3.3": [ 0, 0, 0 ]
          },
          "rotation": {
            "0": [ 0, 0, 0 ],
            "0.3": [ 0, 0, 0 ],
            "1.466667": [ 0, 0, 0 ],
            "1.633333": [ 0, 0, 0 ],
            "1.733333": [ 0, 0, 0 ],
            "1.833333": [ 0, 0, 0 ],
            "1.933333": [ 0, 0, 0 ],
            "2.033333": [ 0, 0, 0 ],
            "3.3": [ 0, 0, 0 ]
          },
          "scale": {
            "0": [ 1, 1, 1 ],
            "0.3": [ 1, 1, 1 ],
            "1.466667": [ 1.077, 1.077, 1.077 ],
            "1.633333": [ 1.077472, 1.077472, 1.077472 ],
            "1.733333": [ 1.077472, 1.077472, 1.077472 ],
            "1.833333": [ 1.077472, 1.077472, 1.077472 ],
            "1.933333": [ 1.077472, 1.077472, 1.077472 ],
            "2.033333": [ 1.077472, 1.077472, 1.077472 ],
            "3.3": [ 1, 1, 1 ]
          }
        }
      }
    }
  }
}