{
  "format_version": "1.8.0",
  "animations": {
    "animation.cow_tappable_award_loop": {
      "loop": true,
      "bones": {
        "head": {
          "position": {
            "0.03333334": [ 0, 0, 0 ],
            "0.2666667": [ 0, 0, 0 ],
            "0.4666667": [ 0, 0, 0 ],
            "0.7": [ 0, 0, 0 ],
            "0.9": [ 0, 0, 0 ],
            "1.1": [ 0, 0, 0 ],
            "1.266667": [ 0, 0, 0 ],
            "1.433333": [ 0, 0, 0 ],
            "1.566667": [ 0, 0, 0 ],
            "1.7": [ 0, 0, 0 ],
            "1.833333": [ 0, 0, 0 ]
          },
          "rotation": {
            "0.03333334": [ 0, 0, 0 ],
            "0.2666667": [ -10.3767, 0, 0 ],
            "0.4666667": [ -11.90515, 3.185487, 16.70212 ],
            "0.7": [ -11.07575, 3.167343, 19.7571 ],
            "0.9": [ -11.07575, 3.167343, 16.41905 ],
            "1.1": [ -4.35926, -13.25931, -24.87287 ],
            "1.266667": [ 0, 19.83217, 16.8919 ],
            "1.433333": [ 0, -10.70993, -19.90635 ],
            "1.566667": [ 0, 14.99536, 15.34057 ],
            "1.7": [ 0, -10.36874, -23.74831 ],
            "1.833333": [ 0, 0, 0 ]
          },
          "scale": {
            "0.03333334": [ 1, 1, 1 ],
            "0.2666667": [ 1, 1, 1 ],
            "0.4666667": [ 1, 1, 1 ],
            "0.7": [ 1, 1, 1 ],
            "0.9": [ 1, 1, 1 ],
            "1.1": [ 1, 1, 1 ],
            "1.266667": [ 1, 1, 1 ],
            "1.433333": [ 1, 1, 1 ],
            "1.566667": [ 1, 1, 1 ],
            "1.7": [ 1, 1, 1 ],
            "1.833333": [ 1, 1, 1 ]
          }
        },
        "leg0": {
          "position": {
            "0.03333334": [ 0, 0, 0 ],
            "1.666667": [ 0, 0, 0 ]
          },
          "rotation": {
            "0.03333334": [ 0, 0, 0 ],
            "1.666667": [ 0, 0, 0 ]
          },
          "scale": {
            "0.03333334": [ 1, 1, 1 ],
            "1.666667": [ 1, 1, 1 ]
          }
        },
        "leg1": {
          "position": {
            "0.03333334": [ 0, 0, 0 ]
          },
          "rotation": {
            "0.03333334": [ 0, 0, 0 ]
          },
          "scale": {
            "0.03333334": [ 1, 1, 1 ]
          }
        },
        "leg2": {
          "position": {
            "0.03333334": [ 0, 0, 0 ]
          },
          "rotation": {
            "0.03333334": [ 0, 0, 0 ]
          },
          "scale": {
            "0.03333334": [ 1, 1, 1 ]
          }
        },
        "leg3": {
          "position": {
            "0.03333334": [ 0, 0, 0 ],
            "1.666667": [ 0, 0, 0 ]
          },
          "rotation": {
            "0.03333334": [ 0, 0, 0 ],
            "1.666667": [ 0, 0, 0 ]
          },
          "scale": {
            "0.03333334": [ 1, 1, 1 ],
            "1.666667": [ 1, 1, 1 ]
          }
        },
        "body": {
          "position": {
            "0.03333334": [ 0, 0, 0 ]
          },
          "rotation": {
            "0.03333334": [ 0, -45, 0 ]
          },
          "scale": {
            "0.03333334": [ 1, 1, 1 ]
          }
        }
      }
    }
  }
}