{
  "format_version": "1.8.0",
  "animations": {
    "animation.cow_tappable_award_transition": {
      "loop": false,
      "bones": {
        "head": {
          "position": {
            "0": [ 0, 0, 0 ],
            "0.8": [ 0, 0, 0 ]
          },
          "rotation": {
            "0": [ 0, 0, 0 ],
            "0.3": [ 0, -31.34199, 0 ],
            "0.8": [ 0, 0, 0 ]
          },
          "scale": {
            "0": [ 1, 1, 1 ],
            "0.8": [ 1, 1, 1 ]
          }
        },
        "leg0": {
          "position": {
            "0": [ 0, 0, 0 ],
            "0.2666667": [ 0, 0, 0 ],
            "0.4666667": [ 0, 0, 0 ],
            "0.6333333": [ 0, 0, 0 ]
          },
          "rotation": {
            "0": [ 0, 0, 0 ],
            "0.2666667": [ -14.62675, 0, 0 ],
            "0.4666667": [ 15.91856, 0, 0 ],
            "0.6333333": [ 0, 0, 0 ]
          },
          "scale": {
            "0": [ 1, 1, 1 ],
            "0.2666667": [ 1, 1, 1 ],
            "0.4666667": [ 1, 1, 1 ],
            "0.6333333": [ 1, 1, 1 ]
          }
        },
        "leg1": {
          "position": {
            "0": [ 0, 0, 0 ],
            "0.2666667": [ 0, 0, 0 ],
            "0.4666667": [ 0, 0, 0 ],
            "0.6333333": [ 0, 0, 0 ]
          },
          "rotation": {
            "0": [ 0, 0, 0 ],
            "0.2666667": [ 13.6086, 0, 0 ],
            "0.4666667": [ -5.647468, 0, 0 ],
            "0.6333333": [ 0, 0, 0 ]
          },
          "scale": {
            "0": [ 1, 1, 1 ],
            "0.2666667": [ 1, 1, 1 ],
            "0.4666667": [ 1, 1, 1 ],
            "0.6333333": [ 1, 1, 1 ]
          }
        },
        "leg2": {
          "position": {
            "0": [ 0, 0, 0 ],
            "0.2666667": [ 0, 0, 0 ],
            "0.4666667": [ 0, 0, 0 ],
            "0.6333333": [ 0, 0, 0 ]
          },
          "rotation": {
            "0": [ 0, 0, 0 ],
            "0.2666667": [ 13.6086, 0, 0 ],
            "0.4666667": [ -5.647468, -7.723338, 0 ],
            "0.6333333": [ 0, 0, 0 ]
          },
          "scale": {
            "0": [ 1, 1, 1 ],
            "0.2666667": [ 1, 1, 1 ],
            "0.4666667": [ 1, 1, 1 ],
            "0.6333333": [ 1, 1, 1 ]
          }
        },
        "leg3": {
          "position": {
            "0": [ 0, 0, 0 ],
            "0.2666667": [ 0, 0, 0 ],
            "0.4666667": [ 0, 0, 0 ],
            "0.6333333": [ 0, 0, 0 ]
          },
          "rotation": {
            "0": [ 0, 0, 0 ],
            "0.2666667": [ -14.62675, -30.18232, -4.386976 ],
            "0.4666667": [ 15.91856, 0, 0 ],
            "0.6333333": [ 0, 0, 0 ]
          },
          "scale": {
            "0": [ 1, 1, 1 ],
            "0.2666667": [ 1, 1, 1 ],
            "0.4666667": [ 1, 1, 1 ],
            "0.6333333": [ 1, 1, 1 ]
          }
        },
        "body": {
          "position": {
            "0": [ 0, 0, 0 ],
            "0.3": [ 0, 0, 0 ],
            "0.6": [ 0, 0, 0 ]
          },
          "rotation": {
            "0": [ 0, 0, 0 ],
            "0.3": [ 0, -27.95093, 0 ],
            "0.6": [ 0, -45, 0 ]
          },
          "scale": {
            "0": [ 1, 1, 1 ],
            "0.3": [ 1, 1, 1 ],
            "0.6": [ 1, 1, 1 ]
          }
        }
      }
    }
  }
}