{
  "format_version": "1.8.0",
  "animations": {
    "animation.cow_tappable_tap_2": {
      "loop": false,
      "bones": {
        "head": {
          "position": {
            "0.06666667": [ 0, 0, 0 ],
            "0.1333333": [ 0, 0, 0 ],
            "0.2333333": [ 0, 0, 0 ],
            "0.3666667": [ 0, 0, 0 ]
          },
          "rotation": {
            "0.06666667": [ 8.279923, -1.407457, 0 ],
            "0.1333333": [ 4.788382, -1.407457, 0 ],
            "0.2333333": [ -27.23384, -1.407457, 0 ],
            "0.3666667": [ -9.427345, -1.407457, 0 ]
          },
          "scale": {
            "0.06666667": [ 1, 1, 1 ],
            "0.1333333": [ 1, 1, 1 ],
            "0.2333333": [ 1, 1, 1 ],
            "0.3666667": [ 1, 1, 1 ]
          }
        },
        "leg0": {
          "position": {
            "0.06666667": [ 0, 0, 0 ]
          },
          "rotation": {
            "0.06666667": [ 0, 0, 0 ],
            "0.1666667": [ 9.31372, 0, 0 ],
            "0.3": [ 0, 0, 0 ]
          },
          "scale": {
            "0.06666667": [ 1, 1, 1 ]
          }
        },
        "leg1": {
          "position": {
            "0.06666667": [ 0, 0, 0 ],
            "0.1666667": [ 0, 0, 0 ],
            "0.3": [ 0, 0, 0 ]
          },
          "rotation": {
            "0.06666667": [ 0, 0, 0 ],
            "0.1666667": [ 10.927, 0, 0 ],
            "0.3": [ 0, 0, 0 ]
          },
          "scale": {
            "0.06666667": [ 1, 1, 1 ],
            "0.1666667": [ 1, 1, 1 ],
            "0.3": [ 1, 1, 1 ]
          }
        },
        "leg2": {
          "position": {
            "0.06666667": [ 0, 0, 0 ]
          },
          "rotation": {
            "0.06666667": [ 0, 0, 0 ],
            "0.1666667": [ -10.49648, 0, 0 ],
            "0.3": [ 0, 0, 0 ]
          },
          "scale": {
            "0.06666667": [ 1, 1, 1 ]
          }
        },
        "leg3": {
          "position": {
            "0.06666667": [ 0, 0, 0 ]
          },
          "rotation": {
            "0.06666667": [ 0, 0, 0 ],
            "0.1666667": [ -6.471012, 0, 0 ],
            "0.3": [ 0, 0, 0 ]
          },
          "scale": {
            "0.06666667": [ 1, 1, 1 ]
          }
        },
        "body": {
          "position": {
            "0.06666667": [ 0, -2.16684, 0 ],
            "0.1666667": [ 0, 5.715646, 0 ],
            "0.2666667": [ 0, -0.976883, 0 ],
            "0.3666667": [ 0, -0.4884415, 0 ],
            "0.4666667": [ 0, 0, 0 ]
          },
          "rotation": {
            "0.06666667": [ 0, 0, 0 ],
            "0.1666667": [ 0, 0, 0 ],
            "0.2666667": [ 0, 0, 0 ],
            "0.3666667": [ 0, 0, 0 ],
            "0.4666667": [ 0, 0, 0 ]
          },
          "scale": {
            "0.06666667": [ 1, 0.8803727, 1 ],
            "0.1666667": [ 1.068, 1.068, 1.068 ],
            "0.2666667": [ 1, 0.946, 1 ],
            "0.3666667": [ 1, 0.973, 1 ],
            "0.4666667": [ 1, 1, 1 ]
          }
        }
      }
    }
  }
}