{
  "format_version": "1.8.0",
  "animations": {
    "animation.fancy_chicken.crow": {
      "loop": false,
      "sound_effects": {
        "0.0": { "effect": "crow" }
      },
      "bones": {
        "head_blinking": {
          "position": {
            "0.2": [ 0, 0, 0 ],
            "2": [ 0, 0, 0 ]
          },
          "rotation": {
            "0.2": [ 0, 0, 0 ],
            "2": [ 0, 0, 0 ]
          },
          "scale": {
            "0.2": [ 1, 1, 1 ],
            "2": [ 1, 1, 1 ]
          }
        },
        "head_not_blinking": {
          "position": {
            "0.2": [ 0, 0, 0 ],
            "2": [ 0, 0, 0 ]
          },
          "rotation": {
            "0.2": [ 0, 0, 0 ],
            "2": [ 0, 0, 0 ]
          },
          "scale": {
            "0.2": [ 1, 1, 1 ],
            "2": [ 1, 1, 1 ]
          }
        },
        "beak": {
          "position": {
            "0.2": [ 0, 0, 0 ],
            "2": [ 0, 0, 0 ]
          },
          "rotation": {
            "0.2": [ 0, 0, 0 ],
            "2": [ 0, 0, 0 ]
          },
          "scale": {
            "0.2": [ 1, 1, 1 ],
            "2": [ 1, 1, 1 ]
          }
        },
        "comb": {
          "position": {
            "0.45": [ 0, 0, 0 ],
            "1.95": [ 0, 0, 0 ]
          },
          "rotation": {
            "0.45": [ 0, 0, 0 ],
            "1.95": [ 0, 0, 0 ]
          },
          "scale": {
            "0.45": [ 1, 1, 1 ],
            "1.95": [ 1, 1, 1 ]
          }
        },
        "crown": {
          "position": {
            "0.1": [ 0, 0, 0 ],
            "1.95": [ 0, 0, 0 ]
          },
          "rotation": {
            "0.1": [ 0, 0, 0 ],
            "0.2": [ 2.958396, 0, 0 ],
            "0.35": [ 0, 0, 0 ],
            "0.55": [ 0, 0, 0 ],
            "0.65": [ 0.3076732, 0, 0 ],
            "0.75": [ 0, 0, 0 ],
            "1": [ 0, 0, 0 ],
            "1.05": [ 0.3076732, 0, 0 ],
            "1.2": [ 0, 0, 0 ],
            "1.3": [ 0, 0, 0 ],
            "1.35": [ 0.3076732, 0, 0 ],
            "1.4": [ 0, 0, 0 ],
            "1.55": [ 0, 0, 0 ],
            "1.6": [ 0.3076732, 0, 0 ],
            "1.75": [ 0, 0, 0 ],
            "1.95": [ 0, 0, 0 ]
          },
          "scale": {
            "0.1": [ 1, 1, 1 ],
            "1.95": [ 1, 1, 1 ]
          }
        },
        "head": {
          "position": {
            "0.1": [ 0, 0, 0 ],
            "0.2": [ 0, 0.5569013, 0 ],
            "0.3": [ 0, 1.32215, -0.01079198 ],
            "0.35": [ 0, 0.908261, -0.02869151 ],
            "0.45": [ 0, 0.4943724, -0.04659105 ],
            "0.55": [ 0, 0.4943724, -0.04659105 ],
            "0.65": [ 0, 1.166941, -0.01929752 ],
            "0.75": [ 0, 0.4943724, -0.04659105 ],
            "1": [ 0, 0.4943724, -0.04659105 ],
            "1.05": [ 0, 0.7521584, -0.002194554 ],
            "1.2": [ 0, 0.4943724, -0.04659105 ],
            "1.3": [ 0, 0.4943724, -0.04659105 ],
            "1.35": [ 0, 0.7715132, -0.01929752 ],
            "1.4": [ 0, 0.4943724, -0.04659105 ],
            "1.55": [ 0, 0.4943724, -0.04659105 ],
            "1.6": [ 0, 1.270074, -0.1337741 ],
            "1.75": [ 0, 0, 0 ],
            "1.95": [ 0, 0, 0 ]
          },
          "rotation": {
            "0.1": [ 0, 0, 0 ],
            "0.2": [ 3.13493, 0, 0 ],
            "0.3": [ 3.310712, 0, 0 ],
            "0.35": [ 1.734987, 0, 0 ],
            "0.45": [ 1.939042, 0, 0 ],
            "0.55": [ 1.939042, 0, 0 ],
            "0.65": [ 1.607453, 0, 0 ],
            "0.75": [ 1.939042, 0, 0 ],
            "1": [ 1.939042, 0, 0 ],
            "1.05": [ 1.607453, 0, 0 ],
            "1.2": [ 1.939042, 0, 0 ],
            "1.3": [ 1.939042, 0, 0 ],
            "1.35": [ 1.607453, 0, 0 ],
            "1.4": [ 1.939042, 0, 0 ],
            "1.55": [ 1.939042, 0, 0 ],
            "1.6": [ 4.341594, 0, 0 ],
            "1.75": [ 4.464922, 0, 0 ],
            "1.85": [ 0.3527633, 0, 0 ],
            "1.95": [ 0, 0, 0 ]
          },
          "scale": {
            "0.1": [ 1, 1, 1 ],
            "1.95": [ 1, 1, 1 ]
          }
        },
        "tail": {
          "position": {
            "0.1": [ 0, 0, 0 ],
            "1.95": [ 0, 0, 0 ]
          },
          "rotation": {
            "0.1": [ 0, 0, 0 ],
            "0.2": [ 3.847323, 0, 0 ],
            "0.35": [ 0, 0, 0 ],
            "0.55": [ 0, 0, 0 ],
            "0.65": [ -1.697411, 0, 0 ],
            "0.75": [ 0, 0, 0 ],
            "1": [ 0, 0, 0 ],
            "1.05": [ -2.590792, 0, 0 ],
            "1.2": [ 0, 0, 0 ],
            "1.3": [ 0, 0, 0 ],
            "1.35": [ -2.590792, 0, 0 ],
            "1.4": [ 0, 0, 0 ],
            "1.55": [ 0, 0, 0 ],
            "1.6": [ -2.590792, 0, 0 ],
            "1.75": [ 0, 0, 0 ],
            "1.85": [ -3.042517, 0, 0 ],
            "1.95": [ 0, 0, 0 ]
          },
          "scale": {
            "0.1": [ 1, 1, 1 ],
            "1.95": [ 1, 1, 1 ]
          }
        },
        "wing0": {
          "position": {
            "0.1": [ 0, 0, 0 ],
            "0.3": [ 0.02802546, -0.7544268, -0.1321804 ],
            "1.55": [ 0.02802546, -0.7544268, -0.1321804 ],
            "1.6": [ 0, 0, 0 ],
            "1.7": [ 0.02802546, -0.7544268, -0.1321804 ],
            "1.8": [ 0, 0, 0 ],
            "1.95": [ 0, 0, 0 ]
          },
          "rotation": {
            "0.1": [ 0, 0, 0 ],
            "0.3": [ 6.268546, 12.87892, 79.06721 ],
            "0.45": [ 2.236141, 14.12792, 61.92107 ],
            "0.55": [ 2.236141, 14.12792, 61.92107 ],
            "0.65": [ -1.05245, 14.26226, 48.56762 ],
            "0.75": [ 2.236141, 14.12792, 61.92107 ],
            "1": [ 1.560387, 14.21661, 59.16156 ],
            "1.05": [ -1.239043, 14.24757, 43.44418 ],
            "1.2": [ 1.560387, 14.21661, 59.16156 ],
            "1.3": [ 1.560387, 14.21661, 59.16156 ],
            "1.35": [ -2.347104, 14.11027, 43.28845 ],
            "1.4": [ 1.560387, 14.21661, 69.71194 ],
            "1.55": [ 6.268546, 12.87892, 79.06721 ],
            "1.6": [ 0.08234489, 1.034344, 0 ],
            "1.7": [ 6.268546, 12.87892, 79.06721 ],
            "1.8": [ 0.08234489, 1.034344, 17.02026 ],
            "1.95": [ 0, 0, 0 ]
          },
          "scale": {
            "0.1": [ 1, 1, 1 ],
            "1.95": [ 1, 1, 1 ]
          }
        },
        "wing1": {
          "position": {
            "0.1": [ 0, 0, 0 ],
            "0.3": [ 0.0144708, -0.8770664, -0.1862066 ],
            "1.55": [ 0.0144708, -0.8770664, -0.1862066 ],
            "1.6": [ 0, 0, 0 ],
            "1.7": [ 0.0144708, -0.8770664, -0.1862066 ],
            "1.8": [ 0, 0, 0 ],
            "1.95": [ 0, 0, 0 ]
          },
          "rotation": {
            "0.1": [ 0, 0, 0 ],
            "0.3": [ 9.48202, -13.10185, -93.03422 ],
            "0.45": [ 4.377828, -15.53378, -72.60479 ],
            "0.55": [ 4.377828, -15.53378, -72.60479 ],
            "0.65": [ -0.2472473, -16.12241, -55.7611 ],
            "0.75": [ 4.377828, -15.53378, -72.60479 ],
            "1": [ 3.442498, -15.76203, -69.13806 ],
            "1.05": [ 0.4011212, -16.1194, -47.39408 ],
            "1.2": [ 3.442498, -15.76203, -69.13806 ],
            "1.3": [ 3.442498, -15.76203, -69.13806 ],
            "1.35": [ -2.852558, -15.87652, -46.3286 ],
            "1.4": [ 3.442498, -15.76203, -81.98021 ],
            "1.55": [ 9.48202, -13.10185, -93.03422 ],
            "1.6": [ 0, 0, 0 ],
            "1.7": [ 9.48202, -13.10185, -93.03422 ],
            "1.8": [ 0, 0, -12.17652 ],
            "1.95": [ 0, 0, 0 ]
          },
          "scale": {
            "0.1": [ 1, 1, 1 ],
            "1.95": [ 1, 1, 1 ]
          }
        },
        "body": {
          "position": {
            "0": [ 0, 0, 0 ],
            "0.1": [ 0, -0.3852717, 0 ],
            "0.15": [ 0, -0.3292713, 0.199064 ],
            "0.35": [ 0, -0.1659409, 0.7485607 ],
            "0.45": [ 0, -0.2865214, 0.7388187 ],