{
  "format_version": "1.8.0",
  "animations": {
    "animation.bone_spider.spit": {
      "loop": true,
      "sound_effects": {
        "0.0": { "effect": "spit" }
      },
      "bones": {
        "head": {
          "position": {
            "0": [ 0, 0, 0 ],
            "0.3": [ 0, 0, 0 ],
            "0.5666667": [ 0, -0.7552117, -0.215505 ],
            "1.066667": [ 0, -1.002893, -0.3020053 ],
            "1.166667": [ 0, 0.7480543, -0.05488912 ],
            "1.233333": [ 0, 0.7480543, -0.05488912 ],
            "1.266667": [ 0, 0.5541143, -0.04065861 ],
            "1.333333": [ 0, 0, 0 ],
            "2.133333": [ 0, 0, 0 ]
          },
          "rotation": {
            "0": [ 0, 0, 0 ],
            "0.3": [ 0, 0, 0 ],
            "0.5666667": [ -19.25126, 0, 0 ],
            "1.066667": [ -20.2249, 0, 0 ],
            "1.166667": [ 8.387913, 0, 0 ],
            "1.233333": [ 8.387913, 0, 0 ],
            "1.266667": [ 0.7491011, 0, 0 ],
            "1.333333": [ 0, 0, 0 ],
            "2.133333": [ 0, 0, 0 ]
          }
        },
        "leg0": {
          "rotation": {
            "0": [ -21.63436, 30.80598, -39.56004 ],
            "0.3": [ -21.63436, 30.80598, -39.56004 ],
            "0.5666667": [ -36.65499, 19.56494, -47.31122 ],
            "1.066667": [ -38.86251, 18.3532, -47.17825 ],
            "1.166667": [ -13.01144, 20.97894, -30.22341 ],
            "1.233333": [ -13.45184, 25.35395, -31.34202 ],
            "1.333333": [ -20.94909, 31.24995, -38.23066 ],
            "1.4": [ -21.63436, 30.80598, -39.56004 ],
            "1.566667": [ -21.63436, 30.80598, -39.56004 ],
            "1.7": [ -20.99732, 27.90385, -38.26099 ],
            "1.833333": [ -26.78131, 43.46566, -47.84765 ],
            "1.966667": [ -21.63436, 30.80598, -39.56004 ],
            "2.133333": [ -21.63436, 30.80598, -39.56004 ]
          }
        },
        "leg1": {
          "rotation": {
            "0": [ -23.48309, -34.93159, 41.41031 ],
            "0.3": [ -23.48309, -34.93159, 41.41031 ],
            "0.5666667": [ -37.57933, -23.20579, 49.62572 ],
            "1.066667": [ -37.38688, -21.72115, 49.98854 ],
            "1.166667": [ -12.43573, -29.77668, 31.6382 ],
            "1.233333": [ -13.0222, -33.95176, 32.74837 ],
            "1.333333": [ -22.59296, -35.46821, 39.86617 ],
            "1.4": [ -23.48309, -34.93159, 41.41031 ],
            "1.566667": [ -23.48309, -34.93159, 41.41031 ],
            "1.7": [ -22.42755, -31.09756, 39.47422 ],
            "1.833333": [ -25.5829, -40.83977, 44.82452 ],
            "1.966667": [ -23.48309, -34.93159, 41.41031 ],
            "2.133333": [ -23.48309, -34.93159, 41.41031 ]
          }
        },
        "leg2": {
          "rotation": {
            "0": [ -9.243229, 15.63932, -34.61481 ],
            "0.3": [ -9.243229, 15.63932, -34.61481 ],
            "0.5666667": [ -22.83346, 6.182662, -37.38735 ],
            "1.066667": [ -24.65748, 5.169231, -36.65966 ],
            "1.166667": [ -2.963313, 4.948209, -31.15479 ],
            "1.233333": [ -2.992792, 9.43631, -31.39006 ],
            "1.333333": [ -10.62981, 16.58437, -32.88741 ],
            "1.4": [ -9.243229, 15.63932, -34.61481 ],
            "1.566667": [ -9.243229, 15.63932, -34.61481 ],
            "1.7": [ -9.50248, 20.45663, -35.45086 ],
            "1.833333": [ -8.909613, 2.889697, -32.5556 ],
            "1.966667": [ -9.243229, 15.63932, -34.61481 ],
            "2.133333": [ -9.243229, 15.63932, -34.61481 ]
          }
        },
        "leg3": {
          "rotation": {
            "0": [ -7.129457, -15.68246, 34.28052 ],
            "0.3": [ -7.129457, -15.68246, 34.28052 ],
            "0.5666667": [ -19.46337, -6.315307, 37.37169 ],
            "1.066667": [ -20.97881, -5.272881, 36.42823 ],
            "1.166667": [ 1.00669, -9.683446, 32.16557 ],
            "1.233333": [ 1.022563, -13.9629, 32.08815 ],
            "1.333333": [ -6.128726, -15.84808, 32.86622 ],
            "1.4": [ -7.129457, -15.68246, 34.28052 ],
            "1.566667": [ -7.129457, -15.68246, 34.28052 ],
            "1.7": [ -7.32234, -20.35653, 34.90352 ],
            "1.833333": [ -7.129457, -15.68246, 34.28052 ],
            "2.133333": [ -7.129457, -15.68246, 34.28052 ]
          }
        },
        "leg4": {
          "rotation": {
            "0": [ 11.79089, -19.2628, -35.40873 ],
            "0.3": [ 11.79089, -19.2628, -35.40873 ],
            "0.5666667": [ -4.494882, -27.93409, -27.58406 ],
            "1.066667": [ -7.328941, -28.58181, -25.343 ],
            "1.166667": [ 19.14757, -29.32836, -42.22538 ],
            "1.233333": [ 18.40376, -25.07303, -40.59938 ],
            "1.333333": [ 11.17446, -19.55488, -33.55499 ],
            "1.4": [ 11.79089, -19.2628, -35.40873 ],
            "1.566667": [ 11.79089, -19.2628, -35.40873 ],
            "1.7": [ 11.71166, -18.13773, -35.16165 ],
            "1.833333": [ 11.33177, -10.96829, -33.65281 ],
            "1.966667": [ 11.79089, -19.2628, -35.40873 ],
            "2.133333": [ 11.79089, -19.2628, -35.40873 ]
          }
        },
        "leg5": {
          "rotation": {
            "0": [ 9.696891, 19.11957, 35.00872 ],
            "0.3": [ 9.696891, 19.11957, 35.00872 ],
            "0.5666667": [ -5.927361, 27.97687, 27.94189 ],
            "1.066667": [ -7.185642, 28.64329, 25.51178 ],
            "1.166667": [ 19.28033, 24.80398, 40.29372 ],
            "1.233333": [ 18.69522, 20.75649, 38.78361 ],
            "1.333333": [ 9.207287, 19.30771, 33.56999 ],
            "1.4": [ 9.696891, 19.11957, 35.00872 ],
            "1.566667": [ 9.696891, 19.11957, 35.00872 ],
            "1.7": [ 9.864244, 21.7264, 35.48819 ],
            "1.833333": [ 9.368309, 12.13242, 33.79116 ],
            "1.966667": [ 9.696891, 19.11957, 35.00872 ],
            "2.133333": [ 9.696891, 19.11957, 35.00872 ]
          }
        },
        "leg6": {
          "rotation": {
            "0": [ 25.92182, -35.0951, -41.95155 ],
            "0.3": [ 25.92182, -35.0951, -41.95155 ],
            "0.5666667": [ 5.665641, -45.42065, -27.71735 ],
            "1.066667": [ 1.07864, -46.15939, -23.2713 ],
            "1.166667": [ 39.56448, -42.05985, -56.32853 ],
            "1.233333": [ 37.1969, -38.53541, -52.6703 ],
            "1.333333": [ 25.13896, -35.62206, -40.59879 ],
            "1.4": [ 25.92182, -35.0951, -41.95155 ],
            "1.566667": [ 25.92182, -35.0951, -41.95155 ],
            "1.7": [ 25.4125, -29.3287, -40.27866 ],
            "1.833333": [ 30.1249, -44.54882, -48.48823 ],
            "1.966667": [ 25.92182, -35.0951, -41.95155 ],
            "2.133333": [ 25.92182, -35.0951, -41.95155 ]
          }
        },
        "leg7": {
          "rotation": {
            "0": [ 26.79361, 38.18827, 43.54461 ],
            "0.3": [ 26.79361, 38.18827, 43.54461 ],
            "0.5666667": [ 5.986009, 48.72976, 27.05832 ],
            "1.066667": [ 0.9710596, 50.02032, 23.46461 ],
            "1.166667": [ 39.93276, 41.15517, 56.1095 ],
            "1.233333": [ 37.72049, 37.81953, 52.6327 ],
            "1.333333": [ 25.81611, 38.79593, 41.97418 ],
            "1.4": [ 26.79361, 38.18827, 43.54461 ],
            "1.566667": [ 26.79361, 38.18827, 43.54461 ],
            "1.7": [ 24.54412, 31.46762, 39.61364 ],
            "1.833333": [ 29.33361, 43.67853, 47.41611 ],
            "1.966667": [ 26.79361, 38.18827, 43.54461 ],
            "2.133333": [ 26.79361, 38.18827, 43.54461 ]
          }
        },
        "body0": {
          "position": {
            "0": [ 0, 0, 0 ],
            "0.3": [ 0, 0, 0 ],
            "0.5666667": [ 0, -0.2438759, 0 ],
            "1.066667": [ 0, -0.4279743, 0 ],
            "1.166667": [ 0, 0.8138132, 3.091105 ],
            "1.233333": [ 0, 1.021086, 3.667287 ],
            "1.333333": [ 0, -0.2645286, 3.664 ],
            "1.4": [ 0, 0, 3.664 ],
            "1.566667": [ 0, 0, 3.664 ],
            "1.7": [ 0, 0, 2.714074 ],