{
  "format_version": "1.8.0",
  "animations": {
    "animation.stone_mound_tappable_tap_3": {
      "loop": false,
      "bones": {
        "root": {
          "position": {
            "0": [ 0, 0, 0 ],
            "0.03333334": [ 0, 0, 0 ],
            "0.06666667": [ 0, 0, 0 ],
            "0.1": [ 0, 0, 0 ],
            "0.1333333": [ 0, 0, 0 ],
            "0.1666667": [ 0, 0, 0 ],
            "0.2": [ 0, 0, 0 ],
            "0.2333333": [ 0, 0, 0 ]
          },
          "rotation": {
            "0": [ 0, 0, 0 ],
            "0.03333334": [ 0, 0, 0 ],
            "0.06666667": [ 0, 0, 0 ],
            "0.1": [ 0, 0, 0 ],
            "0.1333333": [ 0, 0, 0 ],
            "0.1666667": [ 0, 0, 0 ],
            "0.2": [ 0, 0, 0 ],
            "0.2333333": [ 0, 0, 0 ]
          },
          "scale": {
            "0": [ 0.7876477, 0.7876477, 0.7876477 ],
            "0.03333334": [ 0.7279781, 0.7279781, 0.7279781 ],
            "0.06666667": [ 0.7056102, 0.7056102, 0.7056102 ],
            "0.1": [ 0.7, 0.7, 0.7 ],
            "0.1333333": [ 0.711741, 0.711741, 0.711741 ],
            "0.1666667": [ 0.7619687, 0.7619687, 0.7619687 ],
            "0.2": [ 0.9054004, 0.9054004, 0.9054004 ],
            "0.2333333": [ 1, 1, 1 ]
          }
        }
      }
    }
  }
}