{
  "format_version": "1.8.0",
  "animations": {
    "animation.stone_mound_tappable_award_transition": {
      "loop": false,
      "bones": {
        "world": {
          "position": {
            "0": [ 0, 0, 0 ],
            "0.03333334": [ 0, 0, 0 ],
            "0.06666667": [ 0, 0, 0 ],
            "0.1": [ 0, 0, 0 ],
            "0.1333333": [ 0, 0, 0 ],
            "0.1666667": [ 0, 0, 0 ],
            "0.2": [ 0, 0, 0 ],
            "0.2333333": [ 0, 0, 0 ],
            "0.2666667": [ 0, 0, 0 ]
          },
          "rotation": {
            "0": [ 0, 0, 0 ],
            "0.03333334": [ 0, 0, 0 ],
            "0.06666667": [ 0, 0, 0 ],
            "0.1": [ 0, 0, 0 ],
            "0.1333333": [ 0, 0, 0 ],
            "0.1666667": [ 0, 0, 0 ],
            "0.2": [ 0, 0, 0 ],
            "0.2333333": [ 0, 0, 0 ],
            "0.2666667": [ 0, 0, 0 ]
          },
          "scale": {
            "0": [ 1, 1, 1 ],
            "0.03333334": [ 1, 1, 1 ],
            "0.06666667": [ 1, 1, 1 ],
            "0.1": [ 1, 1, 1 ],
            "0.1333333": [ 1, 1, 1 ],
            "0.1666667": [ 1, 1, 1 ],
            "0.2": [ 1, 1, 1 ],
            "0.2333333": [ 1, 1, 1 ],
            "0.2666667": [ 1, 1, 1 ]
          }
        },
        "root": {
          "position": {
            "0": [ 0, 0, 0 ],
            "0.03333334": [ 0.4168371, 0, -3.892082 ],
            "0.06666667": [ 0.8253896, 0, -7.70681 ],
            "0.1": [ 0.9091087, 0, -8.48851 ],
            "0.1333333": [ 0.833873, 0, -7.160185 ],
            "0.1666667": [ 0.4917619, 0, -1.120043 ],
            "0.2": [ 0.03535553, 0, 6.938038 ],
            "0.2333333": [ -1.967875, 0, 1.482029 ],
            "0.2666667": [ -3.971105, 0, -3.973981 ]
          },
          "rotation": {
            "0": [ 0, 0, 0 ],
            "0.03333334": [ 0, 0, 0 ],
            "0.06666667": [ 0, 0, 0 ],
            "0.1": [ 0, 0, 0 ],
            "0.1333333": [ 0, 0, 0 ],
            "0.1666667": [ 0, 0, 0 ],
            "0.2": [ 0, 0, 0 ],
            "0.2333333": [ 0, 0, 0 ],
            "0.2666667": [ 0, 0, 0 ]
          },
          "scale": {
            "0": [ 1, 1, 1 ],
            "0.03333334": [ 0.8024558, 0.761869, 0.8024558 ],
            "0.06666667": [ 0.6691898, 0.5645739, 0.6691898 ],
            "0.1": [ 0.6160228, 0.4777486, 0.6160228 ],
            "0.1333333": [ 0.6160228, 0.4777486, 0.6160228 ],
            "0.1666667": [ 0.6160228, 0.4777486, 0.6160228 ],
            "0.2": [ 0.6160228, 0.4777486, 0.6160228 ],
            "0.2333333": [ 0.6160228, 0.4777486, 0.6160228 ],
            "0.2666667": [ 0.6160228, 0.4777486, 0.6160228 ]
          }
        }
      }
    }
  }
}