{
  "format_version": "1.8.0",
  "animations": {
    "animation.stone_mound_tappable_tap_7": {
      "loop": false,
      "bones": {
        "root": {
          "position": {
            "0": [ 0, 0, 0 ],
            "0.03333334": [ 0, 0, 0 ],
            "0.06666667": [ 0, 0, 0 ],
            "0.1": [ 0, 0, 0 ],
            "0.1333333": [ 0, 0, 0 ],
            "0.1666667": [ 0, 0, 0 ],
            "0.2": [ 0, 0, 0 ],
            "0.2333333": [ 0, 0, 0 ],
            "0.2666667": [ 0, 0, 0 ]
          },
          "rotation": {
            "0": [ 0, 0, 0 ],
            "0.03333334": [ 0, 0, 0 ],
            "0.06666667": [ 0, 0, 0 ],
            "0.1": [ 0, 0, 0 ],
            "0.1333333": [ 0, 0, 0 ],
            "0.1666667": [ 0, 0, 0 ],
            "0.2": [ 0, 0, 0 ],
            "0.2333333": [ 0, 0, 0 ],
            "0.2666667": [ 0, 0, 0 ]
          },
          "scale": {
            "0": [ 0.7705703, 0.7705703, 0.7705703 ],
            "0.03333334": [ 0.6754751, 0.6754751, 0.6754751 ],
            "0.06666667": [ 0.629056, 0.629056, 0.629056 ],
            "0.1": [ 0.6074063, 0.6074063, 0.6074063 ],
            "0.1333333": [ 0.6013547, 0.6013547, 0.6013547 ],
            "0.1666667": [ 0.6099381, 0.6099381, 0.6099381 ],
            "0.2": [ 0.64224, 0.64224, 0.64224 ],
            "0.2333333": [ 0.7178734, 0.7178734, 0.7178734 ],
            "0.2666667": [ 0.8860883, 0.8860883, 0.8860883 ]
          }
        }
      }
    }
  }
}