{
  "format_version": "1.8.0",
  "animations": {
    "animation.stone_mound_tappable_tap_5": {
      "loop": false,
      "bones": {
        "root": {
          "position": {
            "0": [ 0, 0, 0 ],
            "0.03333334": [ 0, 0, 0 ],
            "0.06666667": [ 0, 0, 0 ],
            "0.1": [ 0, 0, 0 ],
            "0.1333333": [ 0, 0, 0 ],
            "0.1666667": [ 0, 0, 0 ],
            "0.2": [ 0, 0, 0 ],
            "0.2333333": [ 0, 0, 0 ]
          },
          "rotation": {
            "0": [ 0, 0, 0 ],
            "0.03333334": [ 0, 0, 0 ],
            "0.06666667": [ 0, 0, 0 ],
            "0.1": [ 0, 0, 0 ],
            "0.1333333": [ 0, 0, 0 ],
            "0.1666667": [ 0, 0, 0 ],
            "0.2": [ 0, 0, 0 ],
            "0.2333333": [ 0, 0, 0 ]
          },
          "scale": {
            "0": [ 0.7519042, 0.7519042, 0.7519042 ],
            "0.03333334": [ 0.6803064, 0.6803064, 0.6803064 ],
            "0.06666667": [ 0.653055, 0.653055, 0.653055 ],
            "0.1": [ 0.6461074, 0.6461074, 0.6461074 ],
            "0.1333333": [ 0.6565717, 0.6565717, 0.6565717 ],
            "0.1666667": [ 0.7014326, 0.7014326, 0.7014326 ],
            "0.2": [ 0.8517924, 0.8517924, 0.8517924 ],
            "0.2333333": [ 1, 1, 1 ]
          }
        }
      }
    }
  }
}