{
  "format_version": "1.8.0",
  "animations": {
    "animation.sheep.tappable.mapspawn": {
      "loop": false,
      "bones": {
        "head": {
          "position": {
            "0": [ 0, 0, 0 ],
            "0.03333334": [ 0, 0, 0 ],
            "0.9666666": [ 0, 0, 0 ],
            "1.466667": [ 0, 0, 0 ],
            "1.6": [ 0, 0, 0 ],
            "1.933333": [ 0, 0, 0 ],
            "2.066667": [ 0, 0, 0 ],
            "2.366667": [ 0, 0, 0 ],
            "2.633333": [ 0, 0, 0 ]
          },
          "rotation": {
            "0": [ 0, 0, 0 ],
            "0.03333334": [ 0, 0, 0 ],
            "0.3333333": [ -13.38804, 0, 0 ],
            "0.6333333": [ -30.28469, 0, 0 ],
            "0.7666667": [ -56.50153, 0, 0 ],
            "0.8333333": [ 33.90563, 0, 0 ],
            "0.9666666": [ 4.468147, 0, 0 ],
            "1.466667": [ 2.589017, 0, 0 ],
            "1.6": [ -29.85724, -55.37724, 0 ],
            "1.933333": [ -29.85724, -55.37724, 0 ],
            "2.066667": [ -29.85724, 40.47069, 0 ],
            "2.366667": [ -29.85724, 40.47069, 0 ],
            "2.633333": [ -2.735598, 0, 0 ],
            "3.033333": [ 10.14407, 0, 0 ],
            "3.2": [ -0.9353314, 0, 0 ]
          },
          "scale": {
            "0": [ 1E-12, 1E-12, 1E-12 ],
            "0.03333334": [ 1, 1, 1 ],
            "0.9666666": [ 1, 1, 1 ],
            "1.466667": [ 1, 1, 1 ],
            "1.6": [ 1, 1, 1 ],
            "1.933333": [ 1, 1, 1 ],
            "2.066667": [ 1, 1, 1 ],
            "2.366667": [ 1, 1, 1 ],
            "2.633333": [ 1, 1, 1 ]
          }
        },
        "leg0": {
          "position": {
            "0": [ 0, 0, 0 ],
            "0.03333334": [ 0, 0, 0 ],
            "0.7666667": [ 0, 0.9615739, 0.2605835 ],
            "0.9": [ 0, 1.053378, 0.2854623 ],
            "1.133333": [ 0, 0, 0.2854623 ],
            "2.7": [ 0, 0, 0.2854623 ],
            "2.866667": [ 0, 0, 0 ],
            "3.033333": [ 0, 0, 0.2854623 ],
            "3.2": [ 0, 0, 0.2854623 ]
          },
          "rotation": {
            "0": [ 0, 0, 0 ],
            "0.03333334": [ 0, 0, 0 ],
            "0.3333333": [ -9.429986, 0, 7.604948 ],
            "0.7666667": [ -14.84033, 0, 27.80884 ],
            "0.9": [ 22.22019, 0, 30.46384 ],
            "1.133333": [ 22.22019, 0, 30.46384 ],
            "2.7": [ 22.22019, 0, 30.46384 ],
            "2.866667": [ 40.27788, 0, 30.46384 ],
            "3.033333": [ 22.22019, 0, 30.46384 ],
            "3.2": [ -17.45772, 0, 0 ],
            "3.533333": [ 0, 0, 0 ]
          },
          "scale": {
            "0": [ 1E-12, 1E-12, 1E-12 ],
            "0.03333334": [ 1, 1, 1 ],
            "0.7666667": [ 1, 1, 1 ],
            "1.133333": [ 1, 1, 1 ],
            "2.7": [ 1, 1, 1 ],
            "2.866667": [ 1, 1, 1 ],
            "3.033333": [ 1, 1, 1 ],
            "3.2": [ 1, 1, 1 ]
          }
        },
        "leg1": {
          "position": {
            "0": [ 0, 0, 0 ],
            "0.03333334": [ 0, 0, 0 ],
            "0.7666667": [ 0, 0.9615739, 0.2605835 ],
            "0.9": [ 0, 1.053378, 0.2854623 ],
            "1.133333": [ 0, 0, 0.2854623 ],
            "2.7": [ 0, 0, 0.2854623 ],
            "2.866667": [ 0, 0, 0 ],
            "3.033333": [ 0, 0, 0.2854623 ],
            "3.2": [ 0, 0, 0.2854623 ],
            "3.533333": [ 0, 0, 0 ]
          },
          "rotation": {
            "0": [ 0, 0, 0 ],
            "0.03333334": [ 0, 0, 0 ],
            "0.3333333": [ -9.429986, 0, -5.55968 ],
            "0.7666667": [ -14.84033, 0, -20.32995 ],
            "0.9": [ 34.68628, 0, -22.27092 ],
            "1.133333": [ 34.68628, 0, -22.27092 ],
            "2.7": [ 34.68628, 0, -22.27092 ],
            "2.866667": [ 42.64382, 0, -22.27092 ],
            "3.033333": [ -3.987187, 0, -53.27645 ],
            "3.2": [ 3.901242, 0, -10.84143 ],
            "3.366667": [ 1.950621, 0, -2.550372 ],
            "3.533333": [ 0, 0, -2.550372 ]
          },
          "scale": {
            "0": [ 1E-12, 1E-12, 1E-12 ],
            "0.03333334": [ 1, 1, 1 ],
            "0.7666667": [ 1, 1, 1 ],
            "1.133333": [ 1, 1, 1 ],
            "2.7": [ 1, 1, 1 ],
            "2.866667": [ 1, 1, 1 ],
            "3.033333": [ 1, 1, 1 ],
            "3.2": [ 1, 1, 1 ]
          }
        },
        "leg2": {
          "position": {
            "0": [ 0, 0, 0 ],
            "0.03333334": [ 0, 0, 0 ],
            "0.7666667": [ 0, 0.9615739, 0.1090418 ],
            "0.9": [ 0, 1.053378, 0.1339206 ],
            "1.133333": [ 0, 0, 0 ],
            "1.166667": [ 0, 0, 0 ],
            "2.7": [ 0, 0, 0 ],
            "2.866667": [ 0, 0, 0 ],
            "3.033333": [ 0, 0, 0 ],
            "3.2": [ 0, 0, 0 ],
            "3.533333": [ 0, 0, 0 ]
          },
          "rotation": {
            "0": [ 0, 0, 0 ],
            "0.03333334": [ 0, 0, 0 ],
            "0.3333333": [ 12.55208, 0.693566, 0 ],
            "0.6666667": [ -13.24093, 6.525609, 0 ],
            "0.7666667": [ -22.46967, 10.13044, 0 ],
            "0.9": [ -77.74378, 40.43542, 0 ],
            "1.133333": [ -77.74378, 40.43542, 0 ],
            "2.7": [ -77.74378, 40.43542, 0 ],
            "2.866667": [ -105.2953, 40.43542, 0 ],
            "3.033333": [ -77.74378, 40.43542, 0 ],
            "3.2": [ -47.51754, 40.43542, 0 ],
            "3.533333": [ 0, 0, 0 ]
          },
          "scale": {
            "0": [ 1E-12, 1E-12, 1E-12 ],
            "0.03333334": [ 1, 1, 1 ],
            "0.7666667": [ 1, 1, 1 ],
            "1.133333": [ 1, 1, 1 ],
            "2.7": [ 1, 1, 1 ],
            "2.866667": [ 1, 1, 1 ],
            "3.033333": [ 1, 1, 1 ],
            "3.2": [ 1, 1, 1 ],
            "3.533333": [ 1, 1, 1 ]
          }
        },
        "leg3": {
          "position": {
            "0": [ 0, 0, 0 ],
            "0.03333334": [ 0, 0, 0 ],
            "0.7666667": [ 0, 0.9615739, 0.2605835 ],
            "0.9": [ 0, 1.053378, 0.2854623 ],
            "1.133333": [ 0, 0, 0.2854623 ],
            "2.7": [ 0, 0, 0.2854623 ],
            "2.866667": [ 0, 0, 0 ],
            "3.033333": [ 0, 0, 0.2854623 ],
            "3.2": [ 0, 0, 0.2854623 ],
            "3.533333": [ 0, 0, 0.2854623 ]
          },
          "rotation": {
            "0": [ 0, 0, 0 ],
            "0.03333334": [ 0, 0, 0 ],
            "0.3333333": [ 12.55208, -7.154595, 1.360567 ],
            "0.6666667": [ -15.59587, -22.36876, 4.253796 ],
            "0.7666667": [ -25.04842, -26.16204, 4.975153 ],
            "0.9": [ -84.70766, -28.65982, 5.450147 ],
            "1.133333": [ -84.70766, -28.65982, 5.450147 ],
            "2.7": [ -84.70766, -28.65982, 5.450147 ],
            "2.866667": [ -92.17289, -28.65982, 5.450147 ],
            "3.033333": [ -122.319, -28.65982, 5.450147 ],
            "3.2": [ -54.48142, -28.65982, 0 ],
            "3.533333": [ 0, 0, 0 ]
          },
          "scale": {
            "0": [ 1E-12, 1E-12, 1E-12 ],
            "0.03333334": [ 1, 1, 1 ],
            "0.7666667": [ 1, 1, 1 ],
            "1.133333": [ 1, 1, 1 ],
            "2.7": [ 1, 1, 1 ],
            "2.866667": [ 1, 1, 1 ],
            "3.033333": [ 1, 1, 1 ],
            "3.2": [ 1, 1, 1 ],
            "3.533333": [ 1, 1, 1 ]
          }
        },
        "body": {
          "position": {
            "0": [ 0, 0, 0 ],
            "0.03333334": [ 0, -12.66689, 0 ],
            "0.2333333": [ 0, 78.98253, 0 ],
            "0.4333333": [ 0, 87.18062, 0 ],
            "0.6333333": [ 0, 77.46564, 0 ],
            "0.7666667": [ 0, -0.3413806, 0 ],
            "0.9": [ 0, -5.856163, 0 ],
            "1.133333": [ 0, -4.698743, 0 ],
            "1.933333": [ 0, -4.698743, 0 ],
            "2.633333": [ 0, -4.698743, 0 ],
            "2.866667": [ 0, -5.943884, 0 ],
            "3.033333": [ 0, -4.945593, 0 ],
            "3.2": [ 0, 0, 0 ]
          },
          "rotation": {
            "0": [ 0, 0, 0 ],
            "0.03333334": [ 0, 0, 0 ],