{
  "format_version": "1.8.0",
  "animations": {
    "animation.sheep.tappable.awardTransition": {
      "loop": true,
      "bones": {
        "root": {
          "position": {
            "0": [ 0, 0, 0 ],
            "0.2666667": [ 0, 1.6, 0 ],
            "0.5333334": [ 0, -4, 0 ],
            "0.8": [ 0, 2.4, 0 ],
            "1.033333": [ 0, 0, 0 ]
          },
          "rotation": {
            "0": [ 0, 0, 0 ],
            "0.2666667": [ 0, 90, 0 ],
            "0.5333334": [ 0, 180, 0 ],
            "0.8": [ 0, 270, 0 ],
            "1.033333": [ 0, 360, 0 ]
          }
        }
      }
    }
  }
}