{
  "format_version": "1.8.0",
  "animations": {
    "animation.sheep.tappable.mapDespawn": {
      "loop": false,
      "bones": {
        "head": {
          "position": {
            "0": [ 0, 0, 0 ],
            "0.1": [ 0, 0, 0 ],
            "0.2333333": [ 0, 0, 0 ],
            "0.3666667": [ 0, 0, 0 ],
            "0.5": [ 0, 0, 0 ],
            "0.7333333": [ 0, 0, 0 ]
          },
          "rotation": {
            "0": [ -23.12835, 0, 0 ],
            "0.1": [ 17.24267, 0, 0 ],
            "0.2333333": [ 12.02095, 0, 0 ],
            "0.3666667": [ -5.265616, 0, 0 ],
            "0.5": [ -5.265616, 0, 0 ],
            "0.6333333": [ -14.95258, 0, 0 ],
            "0.7333333": [ -17.18884, 0, 0 ]
          },
          "scale": {
            "0": [ 1, 1, 1 ],
            "0.1": [ 1, 1, 1 ],
            "0.2333333": [ 1, 1, 1 ],
            "0.3666667": [ 1, 1, 1 ],
            "0.5": [ 1, 1, 1 ],
            "0.7333333": [ 1, 1, 1 ]
          }
        },
        "leg0": {
          "position": {
            "0": [ 0, 0, 0 ],
            "0.1333333": [ 0, 0, 0 ],
            "0.2666667": [ 0, 0, 0 ],
            "0.4": [ 0, 0, 0 ],
            "0.5": [ 0, 0, 0 ]
          },
          "rotation": {
            "0": [ 0, 0, 0 ],
            "0.1333333": [ 6.680143, 0, 0 ],
            "0.2666667": [ -6.867661, 0, 0 ],
            "0.4": [ -7.041028, 0, 0 ],
            "0.5": [ -10.59824, 0, 0 ]
          },
          "scale": {
            "0": [ 1, 1, 1 ],
            "0.1333333": [ 1, 1, 1 ],
            "0.2666667": [ 1, 1, 1 ],
            "0.4": [ 1, 1, 1 ],
            "0.5": [ 1, 1, 1 ]
          }
        },
        "leg1": {
          "position": {
            "0": [ 0, 0, 0 ],
            "0.1333333": [ 0, 0, 0 ],
            "0.2666667": [ 0, 0, 0 ],
            "0.5": [ 0, 0, 0 ],
            "0.6": [ 0, 0, 0 ]
          },
          "rotation": {
            "0": [ 0, 0, 0 ],
            "0.1333333": [ 6.624419, 0, 0 ],
            "0.2666667": [ -6.867661, 0, 0 ],
            "0.5": [ -7.041028, 0, 0 ],
            "0.6": [ -10.59824, 0, 0 ]
          },
          "scale": {
            "0": [ 1, 1, 1 ],
            "0.1333333": [ 1, 1, 1 ],
            "0.2666667": [ 1, 1, 1 ],
            "0.5": [ 1, 1, 1 ],
            "0.6": [ 1, 1, 1 ]
          }
        },
        "leg2": {
          "position": {
            "0": [ 0, 0, 0 ],
            "0.1333333": [ 0, 0, 0 ],
            "0.2666667": [ 0, 0, 0 ],
            "0.5": [ 0, 0, 0 ],
            "0.6": [ 0, 0, 0 ]
          },
          "rotation": {
            "0": [ 0, 0, 0 ],
            "0.1333333": [ -10.8218, 0, 0 ],
            "0.2666667": [ 2.852945, 0, 0 ],
            "0.5": [ 2.852949, 0, 0 ],
            "0.6": [ 9.235699, 0, 0 ]
          },
          "scale": {
            "0": [ 1, 1, 1 ],
            "0.1333333": [ 1, 1, 1 ],
            "0.2666667": [ 1, 1, 1 ],
            "0.5": [ 1, 1, 1 ],
            "0.6": [ 1, 1, 1 ]
          }
        },
        "leg3": {
          "position": {
            "0": [ 0, 0, 0 ],
            "0.1333333": [ 0, 0, 0 ],
            "0.4": [ 0, 0, 0 ],
            "0.6333333": [ 0, 0, 0 ],
            "0.7333333": [ 0, 0, 0 ]
          },
          "rotation": {
            "0": [ 0, 0, 0 ],
            "0.1333333": [ -7.198337, 0, 0 ],
            "0.4": [ 2.852945, 0, 0 ],
            "0.6333333": [ 2.852949, 0, 0 ],
            "0.7333333": [ 9.235699, 0, 0 ]
          },
          "scale": {
            "0": [ 1, 1, 1 ],
            "0.1333333": [ 1, 1, 1 ],
            "0.4": [ 1, 1, 1 ],
            "0.6333333": [ 1, 1, 1 ],
            "0.7333333": [ 1, 1, 1 ]
          }
        },
        "body": {
          "position": {
            "0": [ 0, 0, 0 ],
            "0.03333334": [ 0, 11.84226, 0 ],
            "0.1333333": [ 0, 28.04023, 0 ],
            "0.2666667": [ 0, 32.18912, 0 ],
            "0.4": [ 0, 32.4142, 0 ],
            "0.5666667": [ 0, 31.3566, 0 ],
            "0.6333333": [ 0, 25.83662, 0 ],
            "0.7": [ 0, -15.41149, 0 ],
            "0.8": [ 0, -15.41149, 0 ]
          },
          "rotation": {
            "0": [ 0, 0, 0 ],
            "0.1333333": [ 0, 0, 0 ],
            "0.2666667": [ 0, 0, 0 ],
            "0.4": [ 0, 0, 0 ],
            "0.5666667": [ 0, 0, 0 ],
            "0.6333333": [ 0, 0, 0 ],
            "0.7": [ 0, 0, 0 ],
            "0.8": [ 0, 0, 0 ]
          },
          "scale": {
            "0": [ 1, 1, 1 ],
            "0.1333333": [ 1, 1, 1 ],
            "0.2666667": [ 1, 1, 1 ],
            "0.4": [ 1, 1, 1 ],
            "0.5666667": [ 1, 1.193927, 1 ],
            "0.6333333": [ 1, 1.41276, 0.6080481 ],
            "0.7": [ 1, 1, 0.7717971 ],
            "0.8": [ 1E-12, 1E-12, 1E-12 ]
          }
        }
      }
    }
  }
}