{
  "format_version": "1.8.0",
  "animations": {
    "animation.sheep.tappable.mapIdle": {
      "loop": true,
      "bones": {
        "head": {
          "position": {
            "0": [ 0, 0, 0 ],
            "2.633333": [ 0, 0, 0 ],
            "3.133333": [ 0, -9.155987, -1.555379 ],
            "4.3": [ 0, -9.155987, -1.555379 ],
            "4.633333": [ 0, -4.955153, -2.676236 ],
            "4.966667": [ 0, 0, 0 ],
            "14": [ 0, 0, 0 ]
          },
          "rotation": {
            "0": [ -22.56, 0, 0 ],
            "0.6333333": [ -18.75577, 0, 0 ],
            "1.3": [ -22.55978, 0, 0 ],
            "1.966667": [ -18.75577, 0, 0 ],
            "2.633333": [ -22.55978, 0, 0 ],
            "3.133333": [ 37.48716, 0, 0 ],
            "3.3": [ 16.14296, 0, 0 ],
            "3.466667": [ 37.48716, 0, 0 ],
            "3.633333": [ 16.14296, 0, 0 ],
            "3.8": [ 37.48716, 0, 0 ],
            "3.966667": [ 16.14296, 0, 0 ],
            "4.133333": [ 37.48716, 0, 0 ],
            "4.3": [ 44.56765, 0, 0 ],
            "4.633333": [ 22.35565, 0, 0 ],
            "4.966667": [ -24.34384, 0, 0 ],
            "5.033333": [ -28.48354, 0, 0 ],
            "5.3": [ -22.55978, 0, 0 ],
            "5.633333": [ -18.756, 0, 0 ],
            "6.3": [ -22.56, 0, 0 ],
            "6.633333": [ 15.25638, 0, 0 ],
            "6.8": [ 24.65685, 0, 0 ],
            "7.133333": [ 26.3016, -6.431285, 0 ],
            "7.466667": [ 26.29415, -8.435075, 0 ],
            "8.3": [ 13.63378, -8.947598, 0 ],
            "8.966666": [ -22.56, 0, 0 ],
            "9.633333": [ -17.4032, 0, 0 ],
            "10.3": [ -7.848302, 0, 0 ],
            "10.96667": [ -15.796, 0, 0 ],
            "11.63333": [ -9.455501, 0, 0 ],
            "12.3": [ -15.796, 0, 0 ],
            "12.96667": [ -9.562501, 0, 0 ],
            "13.96667": [ -22.56, 0, 0 ],
            "14": [ -22.56, 0, 0 ]
          },
          "scale": {
            "0": [ 1, 1, 1 ],
            "14": [ 1, 1, 1 ]
          }
        },
        "leg0": {
          "position": {
            "0": [ 0, 0, 0 ],
            "13.96667": [ 0, 0, 0 ]
          },
          "rotation": {
            "0": [ 0, 0, 0 ],
            "10.13333": [ 0, 0, 0 ],
            "10.53333": [ -17.29393, 0, 0 ],
            "10.96667": [ 0, 0, 0 ],
            "11.3": [ 13.58729, 0, 0 ],
            "11.63333": [ -24.76635, 0, 0 ],
            "11.96667": [ 9.253961, 0, 0 ],
            "12.3": [ -21.35335, 0, 0 ],
            "12.63333": [ 21.54373, 0, 0 ],
            "12.96667": [ -14.92438, 0, 0 ],
            "13.3": [ 0, 0, 0 ],
            "13.63333": [ -10.59204, 0, 0 ],
            "13.96667": [ 0, 0, 0 ]
          },
          "scale": {
            "0": [ 1, 1, 1 ],
            "13.96667": [ 1, 1, 1 ]
          }
        },
        "leg1": {
          "position": {
            "0": [ 0, 0, 0 ],
            "13.96667": [ 0, 0, 0 ]
          },
          "rotation": {
            "0": [ 0, 0, 0 ],
            "10.13333": [ 0, 0, 0 ],
            "10.53333": [ 14.84177, 0, 0 ],
            "10.96667": [ 0, 0, 0 ],
            "11.3": [ -27.76075, 0, 0 ],
            "11.63333": [ 19.64142, 0, 0 ],
            "11.96667": [ -22.0216, 0, 0 ],
            "12.3": [ 15.85846, 0, 0 ],
            "12.63333": [ -16.2181, 0, 0 ],
            "12.96667": [ 17.12337, 0, 0 ],
            "13.3": [ -19.21795, 0, 0 ],
            "13.63333": [ 19.4741, 0, 0 ],
            "13.96667": [ 0, 0, 0 ]
          },
          "scale": {
            "0": [ 1, 1, 1 ],
            "13.96667": [ 1, 1, 1 ]
          }
        },
        "leg2": {
          "position": {
            "0": [ 0, 0, 0 ],
            "13.96667": [ 0, 0, 0 ]
          },
          "rotation": {
            "0": [ 0, 0, 0 ],
            "2.633333": [ 0, 0, 0 ],
            "2.966667": [ 11.27025, 0, 0 ],
            "4.466667": [ 11.27025, 0, 0 ],
            "5.133333": [ 0, 0, 0 ],
            "10.13333": [ 0, 0, 0 ],
            "10.53333": [ 14.84177, 0, 0 ],
            "10.96667": [ 0, 0, 0 ],
            "11.3": [ -27.76075, 0, 0 ],
            "11.63333": [ 19.64142, 0, 0 ],
            "11.96667": [ -22.0216, 0, 0 ],
            "12.3": [ 15.85846, 0, 0 ],
            "12.63333": [ -16.2181, 0, 0 ],
            "12.96667": [ 17.12337, 0, 0 ],
            "13.3": [ -19.21795, 0, 0 ],
            "13.63333": [ 19.4741, 0, 0 ],
            "13.96667": [ 0, 0, 0 ]
          },
          "scale": {
            "0": [ 1, 1, 1 ],
            "13.96667": [ 1, 1, 1 ]
          }
        },
        "leg3": {
          "position": {
            "0": [ 0, 0, 0 ],
            "13.96667": [ 0, 0, 0 ]
          },
          "rotation": {
            "0": [ 0, 0, 0 ],
            "2.633333": [ 0, 0, 0 ],
            "2.966667": [ -16.9964, 0, 0 ],
            "4.466667": [ -16.9964, 0, 0 ],
            "5.133333": [ 0, 0, 0 ],
            "6.966667": [ 0, 0, 0 ],
            "7.233333": [ -25.22723, 0, 0 ],
            "7.4": [ -0.09533663, 0, 0 ],
            "7.533333": [ 7.482218, 0, 0 ],
            "7.733333": [ -18.58947, 0, 0 ],
            "7.9": [ -25.02739, 0, 0 ],
            "8.033334": [ -1.180894, 0, 0 ],
            "8.166667": [ 0, 0, 0 ],
            "10.13333": [ 0, 0, 0 ],
            "10.53333": [ -17.29393, 0, 0 ],
            "10.96667": [ 0, 0, 0 ],
            "11.3": [ 13.58729, 0, 0 ],
            "11.63333": [ -24.76635, 0, 0 ],
            "11.96667": [ 9.253961, 0, 0 ],
            "12.3": [ -21.35335, 0, 0 ],
            "12.63333": [ 21.54373, 0, 0 ],
            "12.96667": [ -14.92438, 0, 0 ],
            "13.3": [ 0, 0, 0 ],
            "13.63333": [ -10.59204, 0, 0 ],
            "13.96667": [ 0, 0, 0 ]
          },
          "scale": {
            "0": [ 1, 1, 1 ],
            "13.96667": [ 1, 1, 1 ]
          }
        },
        "body": {
          "position": {
            "0": [ 0, 0, 0 ],
            "2.633333": [ 0, 0, 0 ],
            "2.966667": [ 0, 0, -0.4835552 ],
            "4.466667": [ 0, 0, -0.4835552 ],
            "4.8": [ 0, 0, 0 ],
            "10.3": [ 0, 0, 0 ],
            "10.8": [ 1.133631, 0, -0.3172761 ],
            "11.3": [ 4.879042, 0, -6.156938 ],
            "11.63333": [ 11.34848, 0, -8.295986 ],
            "11.96667": [ 19.37015, 0, -6.790306 ],
            "12.3": [ 21.88705, 0, -1.655543 ],
            "12.63333": [ 19.05062, 0, 8.775443 ],
            "12.96667": [ 11.15593, 0, 14.04883 ],
            "13.3": [ 4.987328, 0, 12.02585 ],
            "13.63333": [ 0.645869, 0, 3.86075 ],
            "13.96667": [ 0, 0, 0 ]
          },
          "rotation": {
            "0": [ 0, 0, 0 ],
            "10.3": [ 0, 0, 0 ],
            "10.8": [ 0, -21.49354, 0 ],
            "11.3": [ 0, -43.41257, 0 ],
            "11.63333": [ 0, -74.70354, 0 ],
            "11.96667": [ 0, -123.0233, 0 ],
            "12.3": [ 0, -171.3041, 0 ],
            "12.63333": [ 0, -224.5619, 0 ],
            "12.96667": [ 0, -270.6139, 0 ],
            "13.3": [ 0, -321.2681, 0 ],
            "13.63333": [ 0, -358.676, 0 ],
            "13.96667": [ 0, -360, 0 ]
          },
          "scale": {
            "0": [ 1, 1, 1 ],
            "13.96667": [ 1, 1, 1 ]
          }
        }
      }
    }
  }
}