{
  "format_version": "1.8.0",
  "animations": {
    "animation.mud_pig.hop_into_mud": {
      "loop": false,
      "sound_effects": {
        "0.0": { "effect": "wallow"}
      },
      "bones": {
        "root": {
          "position": {
            "0": [ 0, 0, 0 ],
            "1.1": [ 0, 0, 0 ]
          },
          "rotation": {
            "0": [ 0, 0, 0 ],
            "1.1": [ 0, 0, 0 ]
          },
          "scale": {
            "0": [ 1, 1, 1 ],
            "1.1": [ 1, 1, 1 ]
          }
        },
        "nose": {
          "position": {
            "0": [ 0, 0, 0 ],
            "1.1": [ 0, 0, 0 ]
          },
          "rotation": {
            "0": [ 0.1905775, 0, 0 ],
            "1.1": [ 0.1905775, 0, 0 ]
          },
          "scale": {
            "0": [ 1, 1, 1 ],
            "1.1": [ 1, 1, 1 ]
          }
        },
        "head": {
          "position": {
            "0": [ 0, 0, 0 ],
            "0.5333334": [ 0, 0, 0 ],
            "0.5666667": [ 0, -0.06672037, 0.1116037 ],
            "0.6": [ 0, -0.1906296, 0.3188678 ],
            "0.6333333": [ 0, -0.25735, 0.4304715 ],
            "0.6666667": [ 0, -0.1906296, 0.3188678 ],
            "0.7": [ 0, -0.06672037, 0.1116037 ],
            "0.7333333": [ 0, 0, 0 ],
            "1.1": [ 0, 0, 0 ]
          },
          "rotation": {
            "0": [ 0, 0, 0 ],
            "0.03333334": [ 0.8255202, 0, 0 ],
            "0.06666667": [ 3.001892, 0, 0 ],
            "0.1": [ 6.078832, 0, 0 ],
            "0.1333333": [ 9.606056, 0, 0 ],
            "0.1666667": [ 13.13328, 0, 0 ],
            "0.2": [ 16.21022, 0, 0 ],
            "0.2333333": [ 18.38659, 0, 0 ],
            "0.2666667": [ 19.21211, 0, 0 ],
            "0.3": [ 19.19513, 0, -0.4253609 ],
            "0.3333333": [ 19.07622, 0, -1.546767 ],
            "0.3666667": [ 18.75347, 0, -3.132203 ],
            "0.4": [ 18.12496, 0, -4.949655 ],
            "0.4333333": [ 17.08876, 0, -6.767106 ],
            "0.4666667": [ 15.54296, 0, -8.352543 ],
            "0.5": [ 13.38563, 0, -9.473948 ],
            "0.5333334": [ 10.51486, 0, -9.899309 ],
            "0.5666667": [ -1.664704, 0, -7.332822 ],
            "0.6": [ -20.86712, 0, -2.566488 ],
            "0.6333333": [ -30.87237, 0, 0 ],
            "0.6666667": [ -20.51501, 0, 0 ],
            "0.7": [ 0.6252232, 0, 0 ],
            "0.7333333": [ 17.65055, 0, 0 ],
            "0.7666667": [ 24.5169, 0, 0 ],
            "0.8": [ 27.26835, 0, 0 ],
            "0.8333333": [ 29.13937, 0, 0 ],
            "0.8666667": [ 31.17872, 0, 0 ],
            "0.9": [ 32.33764, 0, 0 ],
            "0.9333333": [ 32.70434, 0, 0 ],
            "0.9666666": [ 24.30875, 0, 0 ],
            "1": [ 5.838456, 0, 0 ],
            "1.033333": [ -12.63184, 0, 0 ],
            "1.066667": [ -21.02742, 0, 0 ],
            "1.1": [ -10.51371, 0, 0 ]
          },
          "scale": {
            "0": [ 1, 1, 1 ],
            "1.1": [ 1, 1, 1 ]
          }
        },
        "leg0": {
          "position": {
            "0": [ 0, 0, 0 ],
            "1.1": [ 0, 0, 0 ]
          },
          "rotation": {
            "0": [ 0, 0, 0 ],
            "0.03333334": [ 0.8294886, 0, 0 ],
            "0.06666667": [ 3.080958, 0, 0 ],
            "0.1": [ 6.398913, 0, 0 ],
            "0.1333333": [ 10.42786, 0, 0 ],
            "0.1666667": [ 14.8123, 0, 0 ],
            "0.2": [ 19.19674, 0, 0 ],
            "0.2333333": [ 23.22569, 0, 0 ],
            "0.2666667": [ 26.54364, 0, 0 ],
            "0.3": [ 28.79511, 0, 0 ],
            "0.3333333": [ 29.6246, 0, 0 ],
            "0.3666667": [ 28.70472, 0, 0 ],
            "0.4": [ 26.1615, 0, 0 ],
            "0.4333333": [ 22.31963, 0, 0 ],
            "0.4666667": [ 17.50375, 0, 0 ],
            "0.5": [ 12.03855, 0, 0 ],
            "0.5333334": [ 6.248681, 0, 0 ],
            "0.5666667": [ 0.458811, 0, 0 ],
            "0.6": [ -5.006393, 0, 0 ],
            "0.6333333": [ -9.822266, 0, 0 ],
            "0.6666667": [ -13.66414, 0, 0 ],
            "0.7": [ -16.20736, 0, 0 ],
            "0.7333333": [ -17.12724, 0, 0 ],
            "0.7666667": [ -12.68684, 0, 0 ],
            "0.8": [ -4.440396, 0, 0 ],
            "0.8333333": [ 0, 0, 0 ],
            "0.8666667": [ -6.133292, 0, 0 ],
            "0.9": [ -19.83382, 0, 0 ],
            "0.9333333": [ -43.96949, 19.21718, 0 ],
            "0.9666666": [ -60.53793, 38.43436, 0 ],
            "1": [ -51.07888, 32.42899, 0 ],
            "1.033333": [ -30.26896, 19.21718, 0 ],
            "1.066667": [ -9.459051, 6.005369, 0 ],
            "1.1": [ 0, 0, 0 ]
          },
          "scale": {
            "0": [ 1, 1, 1 ],
            "1.1": [ 1, 1, 1 ]
          }
        },
        "leg1": {
          "position": {
            "0": [ 0, 0, 0 ],
            "1.1": [ 0, 0, 0 ]
          },
          "rotation": {
            "0": [ 0, 0, 0 ],
            "0.03333334": [ 0.8294886, 0, 0 ],
            "0.06666667": [ 3.080958, 0, 0 ],
            "0.1": [ 6.398913, 0, 0 ],
            "0.1333333": [ 10.42786, 0, 0 ],
            "0.1666667": [ 14.8123, 0, 0 ],
            "0.2": [ 19.19674, 0, 0 ],
            "0.2333333": [ 23.22569, 0, 0 ],
            "0.2666667": [ 26.54364, 0, 0 ],
            "0.3": [ 28.79511, 0, 0 ],
            "0.3333333": [ 29.6246, 0, 0 ],
            "0.3666667": [ 28.762, 0, 0 ],
            "0.4": [ 26.37715, 0, 0 ],
            "0.4333333": [ 22.77451, 0, 0 ],
            "0.4666667": [ 18.25852, 0, 0 ],
            "0.5": [ 13.13363, 0, 0 ],
            "0.5333334": [ 7.704297, 0, 0 ],
            "0.5666667": [ 2.274961, 0, 0 ],
            "0.6": [ -2.849925, 0, 0 ],
            "0.6333333": [ -7.365914, 0, 0 ],
            "0.6666667": [ -10.96856, 0, 0 ],
            "0.7": [ -13.3534, 0, 0 ],
            "0.7333333": [ -14.21601, 0, 0 ],
            "0.7666667": [ -10.53038, 0, 0 ],
            "0.8": [ -3.685632, 0, 0 ],
            "0.8333333": [ 0, 0, 0 ],
            "0.8666667": [ -20.77609, 0, 0 ],
            "0.9": [ -49.11943, 0, 0 ],
            "0.9333333": [ -58.6123, -10.50575, 0 ],
            "0.9666666": [ -60.53793, -21.0115, 0 ],
            "1": [ -51.07888, -17.72846, 0 ],
            "1.033333": [ -30.26896, -10.50575, 0 ],
            "1.066667": [ -9.459051, -3.283047, 0 ],
            "1.1": [ 0, 0, 0 ]
          },
          "scale": {
            "0": [ 1, 1, 1 ],
            "1.1": [ 1, 1, 1 ]
          }
        },
        "leg2": {
          "position": {
            "0": [ 0, 0, 0 ],
            "1.1": [ 0, 0, 0 ]
          },
          "rotation": {
            "0": [ 0, 0, 0 ],
            "0.3333333": [ 0, 0, 0 ],
            "0.3666667": [ 0.002139492, -0.03412376, 0.1746607 ],
            "0.4": [ 0.01711594, -0.1446029, 0.6661477 ],
            "0.4333333": [ 0.05776629, -0.3435992, 1.425719 ],
            "0.4666667": [ 0.1369275, -0.6432744, 2.404631 ],
            "0.5": [ 0.2674365, -1.05579, 3.554142 ],
            "0.5333334": [ 0.4621303, -1.593309, 4.825509 ],
            "0.5666667": [ 0.7338458, -2.267992, 6.16999 ],
            "0.6": [ 1.09542, -3.092, 7.538842 ],
            "0.6333333": [ 1.55969, -4.077497, 8.883324 ],
            "0.6666667": [ 2.139492, -5.236643, 10.15469 ],
            "0.7": [ 2.847664, -6.581601, 11.3042 ],
            "0.7333333": [ 3.697042, -8.124532, 12.28311 ],
            "0.7666667": [ 4.700464, -9.877598, 13.04268 ],
            "0.8": [ 5.870767, -11.85296, 13.53417 ],
            "0.8333333": [ 7.220786, -14.06278, 13.70883 ],
            "0.8666667": [ 18.92279, -20.09719, 11.56683 ],
            "0.9": [ 42.78979, -30.34244, 6.854416 ],
            "0.9333333": [ 66.29575, -40.00491, 2.142005 ],
            "0.9666666": [ 76.91463, -44.29099, 0 ],
            "1": [ 64.89672, -37.37052, 0 ],
            "1.033333": [ 38.45732, -22.14549, 0 ],
            "1.066667": [ 12.01791, -6.920466, 0 ],
            "1.1": [ 0, 0, 0 ]
          },