{
  "format_version": "1.8.0",
  "animations": {
    "animation.mud_pig.seek_mud": {
      "loop": true,
      "bones": {
        "body": {
          "rotation": {
            "0": [
              0.0,
              0.0,
              0.0
            ],
            "0.1333333": [
              0.0,
              0.0,
              0.0
            ],
            "0.3": [
              0.0,
              0.0,
              0.0
            ],
            "0.4666667": [
              0.0,
              0.0,
              0.0
            ],
            "0.6333333": [
              0.0,
              0.0,
              0.0
            ]
          },
          "position": {
            "0": [
              0.0,
              0.9717832,
              -3.97903934E-15
            ],
            "0.1333333": [
              0.0,
              0.0,
              -3.97903934E-15
            ],
            "0.3": [
              0.0,
              0.9717832,
              -3.97903934E-15
            ],
            "0.4666667": [
              0.0,
              0.0,
              -3.97903934E-15
            ],
            "0.6333333": [
              0.0,
              1.12403238,
              -3.97903934E-15
            ]
          }
        },
        "head": {
          "rotation": {
            "0": [
              -1.97949028,
              0.0,
              0.0
            ],
            "0.1333333": [
              1.31915331,
              0.0,
              0.0
            ],
            "0.1666667": [
              1.50174773,
              0.0,
              0.0
            ],
            "0.3": [
              -0.799017549,
              0.0,
              0.0
            ],
            "0.3333333": [
              -1.97949028,
              0.0,
              0.0
            ],
            "0.4666667": [
              1.36559916,
              0.0,
              0.0
            ],
            "0.5": [
              1.50174773,
              0.0,
              0.0
            ],
            "0.6333333": [
              -1.22117853,
              0.0,
              0.0
            ]
          },
          "position": {
            "0": [
              0.0,
              0.6887629,
              1.59161573E-14
            ],
            "0.1333333": [
              0.0,
              -0.353655159,
              1.59161573E-14
            ],
            "0.3": [
              0.0,
              0.6887629,
              1.59161573E-14
            ],
            "0.4666667": [
              0.0,
              -0.353655159,
              0.0
            ],
            "0.6333333": [
              0.0,
              0.6887629,
              0.0
            ]
          }
        },
        "leg0": {
          "rotation": {
            "0": [
              -42.9916,
              0.0,
              0.0
            ],
            "0.06666667": [
              -28.1677914,
              0.0,
              0.0
            ],
            "0.2": [
              41.9736061,
              0.0,
              0.0
            ],
            "0.2333333": [
              44.5828972,
              0.0,
              0.0
            ],
            "0.2666667": [
              47.7674179,
              0.0,
              0.0
            ],
            "0.3333333": [
              27.6348534,
              0.0,
              0.0
            ],
            "0.5": [
              -41.50494,
              0.0,
              0.0
            ],
            "0.5666667": [
              -48.22165,
              0.0,
              0.0
            ],
            "0.6": [
              -51.78567,
              0.0,
              0.0
            ],
            "0.6333333": [
              -51.0178146,
              0.0,
              0.0
            ]
          },
          "position": {
            "0": [
              0.0,
              0.0,
              0.0
            ],
            "0.06666667": [
              0.0,
              0.0,
              0.0
            ],
            "0.2": [
              0.0,
              0.0,
              0.0
            ],
            "0.2333333": [
              0.0,
              0.0,
              0.0
            ],
            "0.2666667": [
              0.0,
              0.0,
              0.0
            ],
            "0.3333333": [
              0.0,
              0.0,
              0.0
            ],
            "0.5": [
              0.0,
              0.0,
              0.0
            ],
            "0.5666667": [
              0.0,
              0.0,
              0.0
            ],
            "0.6": [
              0.0,
              0.0,
              0.0
            ]
          }
        },
        "leg1": {
          "rotation": {
            "0": [
              39.56304,
              0.0,
              0.0
            ],
            "0.06666667": [
              13.0420723,
              0.0,
              0.0
            ],
            "0.1666667": [
              -42.2564621,
              0.0,
              0.0
            ],
            "0.2": [
              -44.5532761,
              0.0,
              0.0
            ],
            "0.2333333": [
              -45.42243,
              0.0,
              0.0
            ],
            "0.2666667": [
              -48.1001053,
              0.0,
              0.0
            ],
            "0.3": [
              -49.8309669,
              0.0,
              0.0
            ],
            "0.3333333": [
              -27.0333843,
              0.0,
              0.0
            ],
            "0.5333334": [
              58.3907623,
              0.0,
              0.0
            ],
            "0.6": [
              66.51749,
              0.0,
              0.0
            ],
            "0.6333333": [
              70.8097458,
              0.0,
              0.0
            ]
          },
          "position": {
            "0": [
              0.0,
              0.0,
              0.0
            ],
            "0.06666667": [
              0.0,
              0.0,
              0.0
            ],
            "0.2": [
              0.0,
              0.0,
              0.0
            ],
            "0.2666667": [
              0.0,
              0.0,
              0.0
            ],
            "0.3333333": [
              0.0,
              0.0,
              0.0
            ],
            "0.5333334": [
              0.0,
              0.0,
              0.0
            ],
            "0.6333333": [
              0.0,
              0.0,
              0.0
            ]
          }
        },
        "leg2": {
          "rotation": {
            "0": [
              46.6926575,
              0.0,
              0.0
            ],
            "0.06666667": [
              33.8248863,
              0.0,
              0.0
            ],
            "0.2": [
              -35.49949,
              0.0,
              0.0
            ],
            "0.2333333": [
              -37.3689423,
              0.0,
              0.0
            ],
            "0.2666667": [
              -42.3879776,
              0.0,
              0.0
            ],
            "0.3333333": [
              -20.6257839,
              0.0,
              0.0
            ],
            "0.5333334": [
              52.2639122,
              0.0,
              0.0
            ],
            "0.5666667": [
              59.55417,
              0.0,
              0.0
            ],
            "0.6333333": [
              61.38123,
              0.0,
              0.0
            ]
          },
          "position": {
            "0": [
              0.0,
              0.0,
              0.0
            ],
            "0.06666667": [
              0.0,
              0.0,
              0.0
            ],
            "0.2": [
              0.0,
              0.0,
              0.0
            ],
            "0.2333333": [
              0.0,
              0.0,
              0.0
            ],