{
  "format_version": "1.8.0",
  "animations": {
    "animation.chicken.tappable.mapIdle": {
      "loop": true,
      "bones": {
        "beak": {
          "position": {
            "0.1333333": [ 0, 0, 0 ],
            "3.266667": [ 0, 0, 0 ]
          },
          "rotation": {
            "0.1333333": [ 0, 0, 0 ],
            "3.266667": [ 0, 0, 0 ]
          },
          "scale": {
            "0.1333333": [ 1, 1, 1 ],
            "3.266667": [ 1, 1, 1 ]
          }
        },
        "comb": {
          "position": {
            "0.1333333": [ 0, 0, 0 ],
            "4.4": [ 0, 0, 0 ],
            "4.533333": [ -1.126857, 0.3167354, 0 ],
            "4.633333": [ 0.1125767, 0, 0 ],
            "4.7": [ 0, 0, 0 ],
            "5.233333": [ 0, 0, 0 ],
            "5.3": [ 0.7164699, 0.09274679, 0 ],
            "5.366667": [ 0, 0, 0 ]
          },
          "rotation": {
            "0.1333333": [ 0, 0, 0 ],
            "4.4": [ 0, 0, 0 ],
            "4.533333": [ 0, 0, 23.43599 ],
            "4.633333": [ 0, 0, -1.813727 ],
            "4.7": [ 0, 0, 0 ],
            "5.233333": [ 0, 0, 0 ],
            "5.3": [ 0, 0, -7.375903 ],
            "5.366667": [ 0, 0, 0 ]
          },
          "scale": {
            "0.1333333": [ 1, 1, 1 ],
            "5.366667": [ 1, 1, 1 ]
          }
        },
        "head": {
          "position": {
            "0": [ 0, 0, 0 ],
            "0.1666667": [ -0.02647388, -0.4258985, 0 ],
            "0.3666667": [ 0, 0, 0 ],
            "0.5666667": [ 0, -0.4258985, 0 ],
            "0.7666667": [ 0, 0, 0 ],
            "0.9666666": [ -0.02647388, -0.4258985, 0 ],
            "1.166667": [ 0, 0, 0 ],
            "1.366667": [ 0, -0.4258985, 0 ],
            "1.566667": [ 0, 0, 0 ],
            "1.766667": [ 0, -0.4258985, 0 ],
            "1.966667": [ 0, 0, 0 ],
            "2.166667": [ 0, -0.4258985, 0 ],
            "2.366667": [ 0, 0, 0 ],
            "2.433333": [ 0, 1.19345, 0 ],
            "2.533333": [ 0, 1.5079, 0 ],
            "2.766667": [ 0, 0.392585, 0 ],
            "2.933333": [ 0, -0.2229859, 0 ],
            "3": [ 0, 0, 0 ],
            "3.966667": [ 0, 0, 0 ],
            "4.066667": [ 0, 0, -0.7741104 ],
            "4.166667": [ 0, 0, 0.3021647 ],
            "4.3": [ 0, 0, 0 ],
            "4.4": [ 0, 0, 0 ],
            "4.533333": [ 0, 1.157833, 0 ],
            "4.7": [ 0, 1.157833, 0 ],
            "4.833333": [ 0, -0.2346788, 0 ],
            "4.9": [ 0, 0, 0 ],
            "5.133333": [ 0, 0, 0 ],
            "5.233333": [ 0, 0.8194029, 0 ],
            "5.3": [ 0, 0.7008938, 0 ],
            "5.733333": [ 0, 0.7008938, 0 ],
            "5.833333": [ 0, -0.2648661, 0 ],
            "5.9": [ 0, 0, 0 ],
            "7.466667": [ 0, 0, 0 ]
          },
          "rotation": {
            "0": [ -2.912878, 0, 0 ],
            "0.1666667": [ -2.912878, 0, -2.661568 ],
            "0.3666667": [ -2.912878, 0, 0 ],
            "0.5666667": [ -2.912878, 0, 2.144154 ],
            "0.7666667": [ -2.912878, 0, 0 ],
            "0.9666666": [ -2.912878, 0, -2.661568 ],
            "1.166667": [ -2.912878, 0, 0 ],
            "1.366667": [ -2.912878, 0, 2.144154 ],
            "1.566667": [ -2.912878, 0, 0 ],
            "1.766667": [ -2.912878, 0, -2.70118 ],
            "1.966667": [ -2.912878, 0, 0 ],
            "2.166667": [ -2.912878, 0, 1.828155 ],
            "2.366667": [ -2.912878, 0, 0 ],
            "3.966667": [ -2.912878, 0, 0 ],
            "4.066667": [ 8.819548, 0, 0 ],
            "4.166667": [ -2.912878, 0, 0 ],
            "4.4": [ -2.912878, 0, 0 ],
            "4.533333": [ -2.912878, 47.5729, 0 ],
            "4.7": [ -2.912878, 47.5729, 0 ],
            "4.833333": [ -2.912878, 0, 0 ],
            "5.133333": [ -2.912878, 0, 0 ],
            "5.233333": [ -2.912878, -37.66582, 0 ],
            "5.733333": [ -2.912878, -37.66582, 0 ],
            "5.833333": [ -2.912878, 0, 0 ],
            "6.133333": [ -2.912878, 0, 0 ],
            "6.3": [ -2.912878, 49.11953, 0 ],
            "7.3": [ -2.912878, 49.11953, 0 ],
            "7.466667": [ -2.912878, 0, 0 ]
          },
          "scale": {
            "0": [ 1, 1, 1 ],
            "7.466667": [ 1, 1, 1 ]
          }
        },
        "leg0": {
          "position": {
            "0": [ 0, 0, 0 ],
            "7.633333": [ 0, 0, 0 ]
          },
          "rotation": {
            "0": [ 0, 0, 0 ],
            "3.966667": [ 0, 0, 0 ],
            "4.1": [ 34.84814, 0, 0 ],
            "4.233333": [ -29.64129, 0, 0 ],
            "4.3": [ 0, 0, 0 ],
            "6.133333": [ 0, 0, 0 ],
            "6.3": [ -14.29196, 0, 0 ],
            "6.466667": [ 30.38813, 0, 0 ],
            "6.633333": [ -19.10108, 0, 0 ],
            "6.8": [ 9.387205, 0, 0 ],
            "6.966667": [ -14.29196, 0, 0 ],
            "7.133333": [ 30.38813, 0, 0 ],
            "7.3": [ -19.10108, 0, 0 ],
            "7.466667": [ 9.387205, 0, 0 ],
            "7.633333": [ 0, 0, 0 ]
          },
          "scale": {
            "0": [ 1, 1, 1 ],
            "0.1666667": [ 1, 0.9689158, 1 ],
            "0.3666667": [ 1, 1, 1 ],
            "0.5666667": [ 1, 0.9689376, 1 ],
            "0.7666667": [ 1, 1, 1 ],
            "0.9666666": [ 1, 0.9689158, 1 ],
            "1.166667": [ 1, 1, 1 ],
            "1.366667": [ 1, 0.9689158, 1 ],
            "1.566667": [ 1, 1, 1 ],
            "1.766667": [ 1, 0.9689158, 1 ],
            "1.966667": [ 1, 1, 1 ],
            "2.166667": [ 1, 0.9689158, 1 ],
            "2.366667": [ 1, 1, 1 ],
            "2.466667": [ 1, 1.128672, 1 ],
            "2.733333": [ 1, 1, 1 ],
            "2.933333": [ 1, 0.9690344, 1 ],
            "3.133333": [ 1, 1, 1 ],
            "3.333333": [ 1, 0.9690344, 1 ],
            "3.533333": [ 1, 1, 1 ],
            "3.733333": [ 1, 0.9690344, 1 ],
            "3.966667": [ 1, 1, 1 ],
            "7.633333": [ 1, 1, 1 ]
          }
        },
        "leg1": {
          "position": {
            "0": [ 0, 0, 0 ],
            "7.633333": [ 0, 0, 0 ]
          },
          "rotation": {
            "0": [ 0, 0, 0 ],
            "3.966667": [ 0, 0, 0 ],
            "4.1": [ -26.97963, 0, 0 ],
            "4.233333": [ 27.71672, 0, 0 ],
            "4.3": [ 0, 0, 0 ],
            "6.133333": [ 0, 0, 0 ],
            "6.3": [ 11.15147, 0, 0 ],
            "6.466667": [ -15.18512, 0, 0 ],
            "6.633333": [ 15.37624, 0, 0 ],
            "6.8": [ -18.07957, 0, 0 ],
            "6.966667": [ 11.15147, 0, 0 ],
            "7.133333": [ -15.18512, 0, 0 ],
            "7.3": [ 15.37624, 0, 0 ],
            "7.466667": [ -18.07957, 0, 0 ],
            "7.633333": [ 0, 0, 0 ]
          },
          "scale": {
            "0": [ 1, 1, 1 ],
            "0.1666667": [ 1, 0.9689158, 1 ],
            "0.3666667": [ 1, 1, 1 ],
            "0.5666667": [ 1, 0.9689376, 1 ],
            "0.7666667": [ 1, 1, 1 ],
            "0.9666666": [ 1, 0.9689158, 1 ],
            "1.166667": [ 1, 1, 1 ],
            "1.366667": [ 1, 0.9689158, 1 ],
            "1.566667": [ 1, 1, 1 ],
            "1.766667": [ 1, 0.9689158, 1 ],
            "1.966667": [ 1, 1, 1 ],
            "2.166667": [ 1, 0.9689158, 1 ],
            "2.366667": [ 1, 1, 1 ],
            "2.466667": [ 1, 1.128672, 1 ],
            "2.733333": [ 1, 1, 1 ],
            "2.933333": [ 1, 0.9690344, 1 ],
            "3.133333": [ 1, 1, 1 ],
            "3.333333": [ 1, 0.9690344, 1 ],
            "3.533333": [ 1, 1, 1 ],
            "3.733333": [ 1, 0.9690344, 1 ],
            "3.966667": [ 1, 1, 1 ],
            "7.633333": [ 1, 1, 1 ]
          }
        },
        "wing0": {
          "position": {
            "0.1333333": [ 0, 0, 0 ],
            "3.966667": [ 0, 0, 0 ]
          },
          "rotation": {
            "0.1333333": [ 0, 0, 0 ],
            "2.466667": [ 0, 0, 0 ],
            "2.566667": [ 0, 0, 116.8337 ],
            "2.633333": [ 0, 0, 20.06231 ],
            "2.733333": [ 0, 0, 116.8337 ],