{
  "format_version": "1.8.0",
  "animations": {
    "animation.lobber_zombie.throw": {
      "loop": "hold_on_last_frame",
      "sound_effects": {
        "0.0": { "effect": "throw" }
      },
      "bones": {
        "rightLeg": {
          "position": {
            "0": [ 0, 0, 0 ],
            "0.35": [ 0, 0, 0 ]
          },
          "rotation": {
            "0": [ 0, 0, 0 ],
            "0.35": [ 0, 0, 0 ]
          },
          "scale": {
            "0": [ 1, 1, 1 ],
            "0.35": [ 1, 1, 1 ]
          }
        },
        "leftLeg": {
          "position": {
            "0": [ 0, 0, 0 ],
            "0.7": [ 0, 0, 0 ]
          },
          "rotation": {
            "0": [ 0, 0, 0 ],
            "0.2": [ -13.43082, -0.3964687, -6.531396 ],
            "0.35": [ -15.71169, -0.877191, -8.546107 ],
            "0.45": [ 17.68375, 1.128763, -3.135937 ],
            "0.6": [ 19.79396, 1.192239, -3.312325 ],
            "0.7": [ 0, 0, 0 ]
          },
          "scale": {
            "0": [ 1, 1, 1 ],
            "0.7": [ 1, 1, 1 ]
          }
        },
        "head": {
          "position": {
            "0": [ 0, 0, 0 ],
            "0.8": [ 0, 0, 0 ]
          },
          "rotation": {
            "0": [ 0, 0, 0 ],
            "0.2": [ 11.33298, 9.506602, -2.525677 ],
            "0.35": [ 11.31502, 8.954938, -2.6376 ],
            "0.45": [ -17.02799, -0.7815046, -4.39002 ],
            "0.55": [ -10.85526, -0.2906407, -1.827661 ],
            "0.65": [ 2.335532, -0.005873839, -2.370629 ],
            "0.8": [ 0, 0, 0 ]
          },
          "scale": {
            "0": [ 1, 1, 1 ],
            "0.8": [ 1, 1, 1 ]
          }
        },
        "rightArm": {
          "position": {
            "0": [ 0, 0, 0 ],
            "0.85": [ 0, 0, 0 ]
          },
          "rotation": {
            "0": [ -82.88087, 0, 0 ],
            "0.2": [ 12.07225, 10.24234, 2.278257 ],
            "0.35": [ 16.02733, 10.24234, 2.278257 ],
            "0.5": [ 10.01893, 10.24234, 2.278257 ],
            "0.65": [ -0.6775414, 10.24234, 2.278257 ],
            "0.85": [ -82.88087, 0, 0 ]
          },
          "scale": {
            "0": [ 1, 1, 1 ],
            "0.85": [ 1, 1, 1 ]
          }
        },
        "leftArm": {
          "position": {
            "0": [ 0, 0, 0 ],
            "0.2": [ 0.5083638, 3.808837, -0.5484322 ],
            "0.35": [ 0.5547381, 4.249231, -0.2500175 ],
            "0.45": [ -0.2036164, -0.6644072, -0.7567071 ],
            "0.55": [ -0.2359408, -0.9413559, -1.078796 ],
            "0.8": [ 0, 0, 0 ]
          },
          "rotation": {
            "0": [ -82.88087, 0, 0 ],
            "0.2": [ -213.9977, -1.947545, 7.324243 ],
            "0.35": [ -214.0462, 0.2030922, 10.50943 ],
            "0.4": [ -131.4112, -6.448552, 19.09834 ],
            "0.45": [ -48.33255, 14.00168, 6.004076 ],
            "0.55": [ -49.05333, 10.17282, 2.564898 ],
            "0.8": [ -82.88087, 0, 0 ]
          },
          "scale": {
            "0": [ 1, 1, 1 ],
            "0.8": [ 1, 1, 1 ]
          }
        },
        "torso": {
          "position": {
            "0": [ 0, 0, 0 ],
            "0.65": [ 0, 0, 0 ]
          },
          "rotation": {
            "0": [ 0, 0, 0 ],
            "0.2": [ -14.23567, -15.25018, -0.2971347 ],
            "0.35": [ -15.74529, -16.32645, 0.4063281 ],
            "0.45": [ 9.114762, 2.391187, 0.383521 ],
            "0.55": [ 9.132006, 4.243502, 0.6814747 ],
            "0.65": [ 0, 0, 0 ]
          },
          "scale": {
            "0": [ 1, 1, 1 ],
            "0.65": [ 1, 1, 1 ]
          }
        },
        "body": {
          "position": {
            "0": [ 0, 0, 0 ],
            "0.35": [ 0, 0, 0 ]
          },
          "rotation": {
            "0": [ 0, 0, 0 ],
            "0.35": [ 0, 0, 0 ]
          },
          "scale": {
            "0": [ 1, 1, 1 ],
            "0.35": [ 1, 1, 1 ]
          }
        },
        "root": {
          "position": {
            "0": [ 0, 0, 0 ],
            "0.35": [ 0, 0, 0 ]
          },
          "rotation": {
            "0": [ 0, 0, 0 ],
            "0.35": [ 0, 0, 0 ]
          },
          "scale": {
            "0": [ 1, 1, 1 ],
            "0.35": [ 1, 1, 1 ]
          }
        }
      }
    }
  }
}