{
  "format_version": "1.8.0",
  "animations": {
    "animation.jumbo_rabbit.prehop": {
      "loop": false,
      "bones": {
        "earLeft": {
          "position": {
            "0": [ 0, 0, 0 ],
            "0.5": [ 0, 0, 0 ]
          },
          "rotation": {
            "0": [ 0, 0, 0 ],
            "0.2333333": [ 3.597501, 0, 0 ],
            "0.5": [ 3.597501, 0, 0 ]
          },
          "scale": {
            "0": [ 1, 1, 1 ],
            "0.5": [ 1, 1, 1 ]
          }
        },
        "earRight": {
          "position": {
            "0": [ 0, 0, 0 ],
            "0.5": [ 0, 0, 0 ]
          },
          "rotation": {
            "0": [ 0, 0, 0 ],
            "0.2333333": [ 3.597501, 0, 0 ],
            "0.5": [ 3.597501, 0, 0 ]
          },
          "scale": {
            "0": [ 1, 1, 1 ],
            "0.5": [ 1, 1, 1 ]
          }
        },
        "nose": {
          "position": {
            "0": [ 0, 0, 0 ],
            "0.5": [ 0, 0, 0 ]
          },
          "rotation": {
            "0": [ 0, 0, 0 ],
            "0.5": [ 0, 0, 0 ]
          },
          "scale": {
            "0": [ 1, 1, 1 ],
            "0.5": [ 1, 1, 1 ]
          }
        },
        "face_blink": {
          "position": {
            "0": [ 0, 0, 0 ],
            "0.5": [ 0, 0, 0 ]
          },
          "rotation": {
            "0": [ 0, 0, 0 ],
            "0.5": [ 0, 0, 0 ]
          },
          "scale": {
            "0": [ 1, 1, 1 ],
            "0.5": [ 1, 1, 1 ]
          }
        },
        "face": {
          "position": {
            "0": [ 0, 0, 0 ],
            "0.5": [ 0, 0, 0 ]
          },
          "rotation": {
            "0": [ 0, 0, 0 ],
            "0.5": [ 0, 0, 0 ]
          },
          "scale": {
            "0": [ 1, 1, 1 ],
            "0.5": [ 1, 1, 1 ]
          }
        },
        "head": {
          "position": {
            "0": [ 0, 0, 0 ],
            "0.5": [ 0, 0, 0 ]
          },
          "rotation": {
            "0": [ 0, 0, 0 ],
            "0.2333333": [ 5.515772, 0, 0 ],
            "0.5": [ 5.515772, 0, 0 ]
          },
          "scale": {
            "0": [ 1, 1, 1 ],
            "0.5": [ 1, 1, 1 ]
          }
        },
        "frontLegLeft": {
          "position": {
            "0": [ 0, 0, 0 ],
            "0.2333333": [ 0, 0.5513956, 0.1715346 ],
            "0.5": [ 0, 0.7227588, 0.1774912 ]
          },
          "rotation": {
            "0": [ 0, 0, 0 ],
            "0.2333333": [ -1.990791, 0, 0 ],
            "0.5": [ -1.990791, 0, 0 ]
          },
          "scale": {
            "0": [ 1, 1, 1 ],
            "0.5": [ 1, 1, 1 ]
          }
        },
        "frontLegRight": {
          "position": {
            "0": [ 0, 0, 0 ],
            "0.2333333": [ 0, 0.5513956, 0.1715346 ],
            "0.5": [ 0, 0.7227588, 0.1774912 ]
          },
          "rotation": {
            "0": [ 0, 0, 0 ],
            "0.2333333": [ -1.990791, 0, 0 ],
            "0.5": [ -1.990791, 0, 0 ]
          },
          "scale": {
            "0": [ 1, 1, 1 ],
            "0.5": [ 1, 1, 1 ]
          }
        },
        "tail": {
          "position": {
            "0": [ 0, 0, 0 ],
            "0.5": [ 0, 0, 0 ]
          },
          "rotation": {
            "0": [ 0, 0, 0 ],
            "0.5": [ 0, 0, 0 ]
          },
          "scale": {
            "0": [ 1, 1, 1 ],
            "0.5": [ 1, 1, 1 ]
          }
        },
        "body": {
          "position": {
            "0": [ 0, 0, 0 ],
            "0.2333333": [ 0, -0.2007347, 0.005678447 ],
            "0.5": [ 0, -0.2007347, 0.005678447 ]
          },
          "rotation": {
            "0": [ 0, 0, 0 ],
            "0.2333333": [ 1.620369, 0, 0 ],
            "0.5": [ 2.210383, 0, 0 ]
          },
          "scale": {
            "0": [ 1, 1, 1 ],
            "0.5": [ 1, 1, 1 ]
          }
        },
        "rearFootRight": {
          "position": {
            "0": [ 0, 0, 0 ],
            "0.5": [ 0, 0, 0 ]
          },
          "rotation": {
            "0": [ 0, 0, 0 ],
            "0.2333333": [ -3.235562, 0, 0 ],
            "0.5": [ -3.235562, 0, 0 ]
          },
          "scale": {
            "0": [ 1, 1, 1 ],
            "0.5": [ 1, 1, 1 ]
          }
        },
        "haunchRight": {
          "position": {
            "0": [ 0, 0, 0 ],
            "0.2333333": [ 0, -0.3374542, -0.4674594 ],
            "0.5": [ 0, -0.3374542, -0.4674594 ]
          },
          "rotation": {
            "0": [ 0, 0, 0 ],
            "0.2333333": [ 3.116853, 0, 0 ],
            "0.5": [ 3.116853, 0, 0 ]
          },
          "scale": {
            "0": [ 1, 1, 1 ],
            "0.5": [ 1, 1, 1 ]
          }
        },
        "rearFootLeft": {
          "position": {
            "0": [ 0, 0, 0 ],
            "0.5": [ 0, 0, 0 ]
          },
          "rotation": {
            "0": [ 0, 0, 0 ],
            "0.2333333": [ -3.624157, 0, 0 ],
            "0.5": [ -3.624157, 0, 0 ]
          },
          "scale": {
            "0": [ 1, 1, 1 ],
            "0.5": [ 1, 1, 1 ]
          }
        },
        "haunchLeft": {
          "position": {
            "0": [ 0, 0, 0 ],
            "0.2333333": [ 0, -0.3677593, -0.5280129 ],
            "0.5": [ 0, -0.3677593, -0.5280129 ]
          },
          "rotation": {
            "0": [ 0, 0, 0 ],
            "0.2333333": [ 3.41124, 0, 0 ],
            "0.5": [ 3.41124, 0, 0 ]
          },
          "scale": {
            "0": [ 1, 1, 1 ],
            "0.5": [ 1, 1, 1 ]
          }
        },
        "root": {
          "position": {
            "0": [ 0, 0, 0 ],
            "0.5": [ 0, 0, 0 ]
          }
        }
      }
    }
  }
}