{
  "format_version": "1.8.0",
  "animations": {
    "animation.jumbo_rabbit.move": {
      "loop": false,
      "bones": {
        "earLeft": {
          "position": {
            "0": [ 0, 0, 0 ],
            "0.5333334": [ 0, 0, 0 ]
          },
          "rotation": {
            "0": [ 3.597501, 0, 0 ],
            "0.1": [ 8.419895, 0, 0 ],
            "0.2333333": [ 0, 0, 0 ],
            "0.4333333": [ -4.261591, 0, 0 ],
            "0.5333334": [ 0, 0, 0 ]
          },
          "scale": {
            "0": [ 1, 1, 1 ],
            "0.5333334": [ 1, 1, 1 ]
          }
        },
        "earRight": {
          "position": {
            "0": [ 0, 0, 0 ],
            "0.5333334": [ 0, 0, 0 ]
          },
          "rotation": {
            "0": [ 3.597501, 0, 0 ],
            "0.1": [ 8.419895, 0, 0 ],
            "0.2333333": [ 0, 0, 0 ],
            "0.4333333": [ -4.261591, 0, 0 ],
            "0.5333334": [ 0, 0, 0 ]
          },
          "scale": {
            "0": [ 1, 1, 1 ],
            "0.5333334": [ 1, 1, 1 ]
          }
        },
        "nose": {
          "position": {
            "0": [ 0, 0, 0 ],
            "0.5333334": [ 0, 0, 0 ]
          },
          "rotation": {
            "0": [ 0, 0, 0 ],
            "0.5333334": [ 0, 0, 0 ]
          },
          "scale": {
            "0": [ 1, 1, 1 ],
            "0.5333334": [ 1, 1, 1 ]
          }
        },
        "face_blink": {
          "position": {
            "0": [ 0, 0, 0 ],
            "0.5333334": [ 0, 0, 0 ]
          },
          "rotation": {
            "0": [ 0, 0, 0 ],
            "0.5333334": [ 0, 0, 0 ]
          },
          "scale": {
            "0": [ 1, 1, 1 ],
            "0.5333334": [ 1, 1, 1 ]
          }
        },
        "face": {
          "position": {
            "0": [ 0, 0, 0 ],
            "0.5333334": [ 0, 0, 0 ]
          },
          "rotation": {
            "0": [ 0, 0, 0 ],
            "0.5333334": [ 0, 0, 0 ]
          },
          "scale": {
            "0": [ 1, 1, 1 ],
            "0.5333334": [ 1, 1, 1 ]
          }
        },
        "head": {
          "position": {
            "0": [ 0, 0, 0 ],
            "0.8333333": [ 0, 0, 0 ]
          },
          "rotation": {
            "0": [ 5.515772, 0, 0 ],
            "0.1": [ 5.860037, 0, 0 ],
            "0.2333333": [ 0, 0, 0 ],
            "0.4333333": [ -3.723635, 0, 0 ],
            "0.7": [ 1.115568, 0, 0 ],
            "0.8333333": [ 0, 0, 0 ]
          },
          "scale": {
            "0": [ 1, 1, 1 ],
            "0.8333333": [ 1, 1, 1 ]
          }
        },
        "frontLegLeft": {
          "position": {
            "0": [ 0, 0.7227588, 0.1774912 ],
            "0.1333333": [ 0, -0.08756083, -0.6597562 ],
            "0.4333333": [ 0, 0.1453926, 0.06845769 ],
            "0.5333334": [ 0, 0.4236177, 0 ],
            "0.6333333": [ 0, 0.4236177, 0 ],
            "0.8333333": [ 0, 0, 0 ]
          },
          "rotation": {
            "0": [ -1.990791, 0, 0 ],
            "0.1333333": [ 15.05327, 0, 0 ],
            "0.4333333": [ -14.71335, 0, 0 ],
            "0.5333334": [ 0, 0, 0 ],
            "0.8333333": [ 0, 0, 0 ]
          },
          "scale": {
            "0": [ 1, 1, 1 ],
            "0.8333333": [ 1, 1, 1 ]
          }
        },
        "frontLegRight": {
          "position": {
            "0": [ 0, 0.7227588, 0.1774912 ],
            "0.1333333": [ 0, -0.08756083, -0.6597562 ],
            "0.4333333": [ 0, 0.1453926, 0.06845769 ],
            "0.5333334": [ 0, 0.4236177, 0 ],
            "0.6333333": [ 0, 0.4236177, 0 ],
            "0.8333333": [ 0, 0, 0 ]
          },
          "rotation": {
            "0": [ -1.990791, 0, 0 ],
            "0.1333333": [ 15.05327, 0, 0 ],
            "0.4333333": [ -14.71335, 0, 0 ],
            "0.5333334": [ 0, 0, 0 ],
            "0.8333333": [ 0, 0, 0 ]
          },
          "scale": {
            "0": [ 1, 1, 1 ],
            "0.8333333": [ 1, 1, 1 ]
          }
        },
        "tail": {
          "position": {
            "0": [ 0, 0, 0 ],
            "0.5333334": [ 0, 0, 0 ]
          },
          "rotation": {
            "0": [ 0, 0, 0 ],
            "0.5333334": [ 0, 0, 0 ]
          },
          "scale": {
            "0": [ 1, 1, 1 ],
            "0.5333334": [ 1, 1, 1 ]
          }
        },
        "body": {
          "position": {
            "0": [ 0, -0.2007347, 0.005678447 ],
            "0.2333333": [ 0, 0.426926, 0.02655669 ],
            "0.5333334": [ 0, 0, 0 ],
            "0.8333333": [ 0, 0, 0 ]
          },
          "rotation": {
            "0": [ 2.210383, 0, 0 ],
            "0.2333333": [ -3.559466, 0, 0 ],
            "0.5333334": [ 2.271899, 0, 0 ],
            "0.6333333": [ 2.271899, 0, 0 ],
            "0.8333333": [ 0, 0, 0 ]
          },
          "scale": {
            "0": [ 1, 1, 1 ],
            "0.8333333": [ 1, 1, 1 ]
          }
        },
        "rearFootRight": {
          "position": {
            "0": [ 0, 0, 0 ],
            "0.5333334": [ 0, 0, 0 ]
          },
          "rotation": {
            "0": [ -3.235562, 0, 0 ],
            "0.2333333": [ 7.063136, 0, 0 ],
            "0.4": [ 3.134279, 0, 0 ],
            "0.4666667": [ -3.177628, 0, 0 ],
            "0.5333334": [ 0, 0, 0 ]
          },
          "scale": {
            "0": [ 1, 1, 1 ],
            "0.5333334": [ 1, 1, 1 ]
          }
        },
        "haunchRight": {
          "position": {
            "0": [ 0, -0.3374542, -0.4674594 ],
            "0.2333333": [ 0, 0, 0 ],
            "0.5333334": [ 0, 0, 0 ]
          },
          "rotation": {
            "0": [ 3.116853, 0, 0 ],
            "0.2333333": [ 17.36568, 0, 0 ],
            "0.5333334": [ 0, 0, 0 ]
          },
          "scale": {
            "0": [ 1, 1, 1 ],
            "0.5333334": [ 1, 1, 1 ]
          }
        },
        "rearFootLeft": {
          "position": {
            "0": [ 0, 0, 0 ],
            "0.5333334": [ 0, 0, 0 ]
          },
          "rotation": {
            "0": [ -3.624157, 0, 0 ],
            "0.2333333": [ 6.970436, 0, 0 ],
            "0.4": [ 3.095622, 0, 0 ],
            "0.4666667": [ -3.191807, 0, 0 ],
            "0.5333334": [ 0, 0, 0 ]
          },
          "scale": {
            "0": [ 1, 1, 1 ],
            "0.5333334": [ 1, 1, 1 ]
          }
        },
        "haunchLeft": {
          "position": {
            "0": [ 0, -0.3677593, -0.5280129 ],
            "0.2333333": [ 0, 0, 0 ],
            "0.5333334": [ 0, 0, 0 ]
          },
          "rotation": {
            "0": [ 3.41124, 0, 0 ],
            "0.2333333": [ 17.36568, 0, 0 ],
            "0.5333334": [ 0, 0, 0 ]
          },
          "scale": {
            "0": [ 1, 1, 1 ],
            "0.5333334": [ 1, 1, 1 ]
          }
        },
        "root": {
          "position": {
            "0": [ 0, 0, 0 ],
            "0.2333333": [ 0, 1.657701, 0 ],
            "0.5333334": [ 0, 0, 0 ]
          }
        }
      }
    }
  }
}