{
  "format_version": "1.8.0",
  "animations": {
    "animation.pig_tappable_idle": {
      "loop": true,
      "bones": {
        "nose": {
          "position": {
            "0": [ 0, 0, 0 ]
          },
          "rotation": {
            "0": [ 0, 0, 0 ]
          },
          "scale": {
            "0": [ 1, 1, 1 ]
          }
        },
        "head": {
          "position": {
            "0": [ 0, 0, 0 ]
          },
          "rotation": {
            "0": [ -8.571428, 0, 0 ]
          },
          "scale": {
            "0": [ 1, 1, 1 ]
          }
        },
        "leg0": {
          "position": {
            "0": [ 0, 0, 0 ]
          },
          "rotation": {
            "0": [ 0, 0, 0 ]
          },
          "scale": {
            "0": [ 1, 1, 1 ]
          }
        },
        "leg1": {
          "position": {
            "0": [ 0, 0, 0 ]
          },
          "rotation": {
            "0": [ 0, 0, 0 ]
          },
          "scale": {
            "0": [ 1, 1, 1 ]
          }
        },
        "leg2": {
          "position": {
            "0": [ 0, 0, 0 ]
          },
          "rotation": {
            "0": [ 0, 0, 0 ]
          },
          "scale": {
            "0": [ 1, 1, 1 ]
          }
        },
        "leg3": {
          "position": {
            "0": [ 0, 0, 0 ]
          },
          "rotation": {
            "0": [ 0, 0, 0 ]
          },
          "scale": {
            "0": [ 1, 1, 1 ]
          }
        },
        "body": {
          "position": {
            "0": [ 0, 0, 0 ],
            "1.466667": [ 0, 0, 0 ],
            "1.6": [ 0, 5.094788, 0 ],
            "1.733333": [ 0, 0, 0 ],
            "1.833333": [ 0, 1.715241, 0 ],
            "1.966667": [ 0, 0, 0 ],
            "3.3": [ 0, 0, 0 ]
          },
          "rotation": {
            "0": [ 0, 0, 0 ],
            "1.466667": [ 0, 0, 0 ],
            "1.6": [ 0, 0, 0 ],
            "1.733333": [ 0, 0, 0 ],
            "1.833333": [ 0, 0, 0 ],
            "1.966667": [ 0, 0, 0 ],
            "3.3": [ 0, 0, 0 ]
          },
          "scale": {
            "0": [ 1, 1, 1 ],
            "1.466667": [ 1.088568, 1.088568, 1.088568 ],
            "1.6": [ 1.088568, 1.088568, 1.088568 ],
            "1.733333": [ 1.088568, 1.088568, 1.088568 ],
            "1.833333": [ 1.088568, 1.088568, 1.088568 ],
            "1.966667": [ 1.088568, 1.088568, 1.088568 ],
            "3.3": [ 1, 1, 1 ]
          }
        }
      }
    }
  }
}