{
  "format_version": "1.8.0",
  "animations": {
    "animation.pig_tappable_tap_7": {
      "loop": false,
      "bones": {
        "head": {
          "position": {
            "0.03333334": [ 0, 0, 0 ],
            "0.3": [ 0, 0, 0 ],
            "0.4666667": [ 0, 0, 0 ],
            "0.5666667": [ 0, 0, 0 ],
            "0.6666667": [ 0, 0, 0 ],
            "0.7333333": [ 0, 0, 0 ],
            "0.8": [ 0, 0, 0 ],
            "0.9": [ 0, 0, 0 ],
            "0.9666666": [ 0, 0, 0 ]
          },
          "rotation": {
            "0.03333334": [ 9.912769, -9.239161, 0 ],
            "0.3": [ 18.37942, 0, 0 ],
            "0.4666667": [ 8.41327, -4.753786, 0 ],
            "0.5666667": [ -30.19322, -14.85558, 0 ],
            "0.6666667": [ -37.18442, -27.92849, 0 ],
            "0.7333333": [ -25.6295, -37.10833, 0 ],
            "0.8": [ -20.65613, -41.38295, 0 ],
            "0.9": [ -17.30851, -44.43023, 0 ],
            "0.9666666": [ -17.30851, -44.43023, 0 ]
          },
          "scale": {
            "0.03333334": [ 1, 1, 1 ],
            "0.3": [ 1, 1, 1 ],
            "0.4666667": [ 1, 1, 1 ],
            "0.5666667": [ 1, 1, 1 ],
            "0.6666667": [ 1, 1, 1 ],
            "0.7333333": [ 1, 1, 1 ],
            "0.8": [ 1, 1, 1 ],
            "0.9": [ 1, 1, 1 ],
            "0.9666666": [ 1, 1, 1 ]
          }
        },
        "leg0": {
          "position": {
            "0.1333333": [ 0, 0, 0 ],
            "0.2333333": [ 0, 0, 0 ],
            "0.3333333": [ 0, 0, 0 ],
            "0.4666667": [ 0, 0, 0 ],
            "0.6": [ 0, 0, 0 ],
            "0.9666666": [ 0, 0, 0 ]
          },
          "rotation": {
            "0.1333333": [ 0, 0, 0 ],
            "0.2333333": [ 34.26837, 0, 0 ],
            "0.3333333": [ 42.4817, 0, 0 ],
            "0.4666667": [ 49.82886, 0, 0 ],
            "0.6": [ 0, 0, 0 ],
            "0.9666666": [ 0, 0, 0 ]
          },
          "scale": {
            "0.1333333": [ 1, 1, 1 ],
            "0.2333333": [ 1, 1, 1 ],
            "0.3333333": [ 1, 1, 1 ],
            "0.4666667": [ 1, 1, 1 ],
            "0.6": [ 1, 1, 1 ],
            "0.9666666": [ 1, 1, 1 ]
          }
        },
        "leg1": {
          "position": {
            "0.1333333": [ 0, 0, 0 ],
            "0.2333333": [ 0, 0, 0 ],
            "0.3333333": [ 0, 0, 0 ],
            "0.4666667": [ 0, 0, 0 ],
            "0.6": [ 0, 0, 0 ],
            "0.9666666": [ 0, 0, 0 ]
          },
          "rotation": {
            "0.1333333": [ 0, 0, 0 ],
            "0.2333333": [ 55.44883, 0, 0 ],
            "0.3333333": [ 52.4783, 0, 0 ],
            "0.4666667": [ 36.03949, 0, 0 ],
            "0.6": [ 0, 0, 0 ],
            "0.9666666": [ 0, 0, 0 ]
          },
          "scale": {
            "0.1333333": [ 1, 1, 1 ],
            "0.2333333": [ 1, 1, 1 ],
            "0.3333333": [ 1, 1, 1 ],
            "0.4666667": [ 1, 1, 1 ],
            "0.6": [ 1, 1, 1 ],
            "0.9666666": [ 1, 1, 1 ]
          }
        },
        "leg2": {
          "position": {
            "0.1333333": [ 0, 0, 0 ],
            "0.2333333": [ 0, 0, 0 ],
            "0.3333333": [ 0, 0, 0 ],
            "0.4333333": [ 0, 0, 0 ],
            "0.6": [ 0, 0, 0 ],
            "0.9666666": [ 0, 0, 0 ]
          },
          "rotation": {
            "0.1333333": [ 0, 0, 0 ],
            "0.2333333": [ 22.4171, 0, 0 ],
            "0.3333333": [ 19.52599, 0, 0 ],
            "0.4333333": [ -48.873, 0, 0 ],
            "0.6": [ 0, 0, 0 ],
            "0.9666666": [ 0, 0, 0 ]
          },
          "scale": {
            "0.1333333": [ 1, 1, 1 ],
            "0.2333333": [ 1, 1, 1 ],
            "0.3333333": [ 1, 1, 1 ],
            "0.4333333": [ 1, 1, 1 ],
            "0.6": [ 1, 1, 1 ],
            "0.9666666": [ 1, 1, 1 ]
          }
        },
        "leg3": {
          "position": {
            "0.1333333": [ 0, 0, 0 ],
            "0.2333333": [ 0, 0, 0 ],
            "0.3333333": [ 0, 0, 0 ],
            "0.4333333": [ 0, 0, 0 ],
            "0.6": [ 0, 0, 0 ],
            "0.9666666": [ 0, 0, 0 ]
          },
          "rotation": {
            "0.1333333": [ 0, 0, 0 ],
            "0.2333333": [ 22.4171, 0, 0 ],
            "0.3333333": [ 36.41092, 0, 0 ],
            "0.4333333": [ -67.03674, 0, 0 ],
            "0.6": [ 0, 0, 0 ],
            "0.9666666": [ 0, 0, 0 ]
          },
          "scale": {
            "0.1333333": [ 1, 1, 1 ],
            "0.2333333": [ 1, 1, 1 ],
            "0.3333333": [ 1, 1, 1 ],
            "0.4333333": [ 1, 1, 1 ],
            "0.6": [ 1, 1, 1 ],
            "0.9666666": [ 1, 1, 1 ]
          }
        },
        "body": {
          "position": {
            "0": [ 0, -1.064303, 0 ],
            "0.03333334": [ 0, -1.98661, 0 ],
            "0.1333333": [ 0, 4.6352, 0 ],
            "0.2333333": [ 0, 10.69872, 0 ],
            "0.3333333": [ 0, 13.64877, 0 ],
            "0.4333333": [ 0, 10.98727, 0 ],
            "0.5": [ 0, 3.00343, 0 ],
            "0.6": [ 0, -1.753936, 0 ],
            "0.6333333": [ 0, -1.752969, 0 ],
            "0.7333333": [ 0, 0.05503119, 0 ],
            "0.8": [ 0, 0.458865, 0 ],
            "0.8666667": [ 0, 0.05503119, 0 ],
            "0.9666666": [ 0, 0.05503119, 0 ]
          },
          "rotation": {
            "0.03333334": [ 0, 0, 0 ],
            "0.1333333": [ -19.32418, 0, 0 ],
            "0.2333333": [ -72.68234, 0, 0 ],
            "0.3333333": [ -157.3562, 0, 0 ],
            "0.4333333": [ -233.2466, 0, 0 ],
            "0.5": [ -294.0753, 0, 0 ],
            "0.6": [ -360, 0, 0 ],
            "0.6333333": [ -360, 0, 0 ],
            "0.7333333": [ -360, 0, 0 ],
            "0.8": [ -360, 0, 0 ],
            "0.8666667": [ -360, 0, 0 ],
            "0.9666666": [ -360, 0, 0 ]
          },
          "scale": {
            "0.03333334": [ 1, 0.8048776, 1 ],
            "0.1333333": [ 1, 1.123235, 1 ],
            "0.2333333": [ 1, 1, 1 ],
            "0.3333333": [ 1, 1, 1 ],
            "0.4333333": [ 1, 1, 1 ],
            "0.5": [ 1, 1, 1 ],
            "0.6": [ 1, 0.823268, 1 ],
            "0.6333333": [ 1, 0.823, 1 ],
            "0.7333333": [ 1, 1, 1 ],
            "0.8": [ 1, 1.030809, 1 ],
            "0.8666667": [ 1, 1, 1 ],
            "0.9666666": [ 1, 1, 1 ]
          }
        }
      }
    }
  }
}