{
  "format_version": "1.8.0",
  "animations": {
    "animation.pig_tappable_tap_1": {
      "loop": false,
      "bones": {
        "nose": {
          "position": {
            "0": [ 0, 0, 0 ]
          },
          "rotation": {
            "0": [ 0, 0, 0 ]
          },
          "scale": {
            "0": [ 1, 1, 1 ]
          }
        },
        "head": {
          "position": {
            "0": [ 0, 0, 0 ],
            "0.1": [ 0, 0, 0 ],
            "0.2": [ 0, 0, 0 ],
            "0.3": [ 0, 0, 0 ],
            "0.4333333": [ 0, 0, 0 ],
            "0.5333334": [ 0, 0, 0 ]
          },
          "rotation": {
            "0": [ -7.609907, 0, 0 ],
            "0.1": [ 2.563238, 0, 0 ],
            "0.2": [ -24.39554, 0, 0 ],
            "0.3": [ -25.03773, 0, 0 ],
            "0.4333333": [ 14.3105, 0, 0 ],
            "0.5333334": [ -12.96096, -18.13366, 0 ]
          },
          "scale": {
            "0": [ 1, 1, 1 ],
            "0.1": [ 1, 1, 1 ],
            "0.2": [ 1, 1, 1 ],
            "0.3": [ 1, 1, 1 ],
            "0.4333333": [ 1, 1, 1 ],
            "0.5333334": [ 1, 1, 1 ]
          }
        },
        "leg0": {
          "position": {
            "0": [ 0, 0, 0 ],
            "0.06666667": [ 0, 0, 0 ],
            "0.1666667": [ 0, 0, 0 ],
            "0.4": [ 0, 0, 0 ],
            "0.5": [ 0, 0, 0 ],
            "0.5333334": [ 0, 0, 0 ]
          },
          "rotation": {
            "0": [ 0, 0, 0 ],
            "0.06666667": [ 0, 0, 0 ],
            "0.1666667": [ 38.25013, 0, 0 ],
            "0.4": [ 0, 0, 0 ],
            "0.5": [ 0, 0, 0 ],
            "0.5333334": [ 0, 0, 0 ]
          },
          "scale": {
            "0": [ 1, 1, 1 ],
            "0.06666667": [ 1, 1, 1 ],
            "0.1666667": [ 1, 1, 1 ],
            "0.4": [ 1, 1, 1 ],
            "0.5": [ 1, 1, 1 ],
            "0.5333334": [ 1, 1, 1 ]
          }
        },
        "leg1": {
          "position": {
            "0": [ 0, 0, 0 ],
            "0.06666667": [ 0, 0, 0 ],
            "0.1666667": [ 0, 0, 0 ],
            "0.4": [ 0, 0, 0 ],
            "0.5": [ 0, 0, 0 ],
            "0.5333334": [ 0, 0, 0 ]
          },
          "rotation": {
            "0": [ 0, 0, 0 ],
            "0.06666667": [ 0, 0, 0 ],
            "0.1666667": [ 13.6008, 0, 0 ],
            "0.4": [ 0, 0, 0 ],
            "0.5": [ 0, 0, 0 ],
            "0.5333334": [ 0, 0, 0 ]
          },
          "scale": {
            "0": [ 1, 1, 1 ],
            "0.06666667": [ 1, 1, 1 ],
            "0.1666667": [ 1, 1, 1 ],
            "0.4": [ 1, 1, 1 ],
            "0.5": [ 1, 1, 1 ],
            "0.5333334": [ 1, 1, 1 ]
          }
        },
        "leg2": {
          "position": {
            "0": [ 0, 0, 0 ],
            "0.1": [ 0, 0, 0 ],
            "0.1666667": [ 0, 0, 0 ],
            "0.4": [ 0, 0, 0 ],
            "0.5": [ 0, 0, 0 ],
            "0.5333334": [ 0, 0, 0 ]
          },
          "rotation": {
            "0": [ 0, 0, 0 ],
            "0.1": [ 0, 0, 0 ],
            "0.1666667": [ -42.32743, 0, 0 ],
            "0.4": [ 0, 0, 0 ],
            "0.5": [ 0, 0, 0 ],
            "0.5333334": [ 0, 0, 0 ]
          },
          "scale": {
            "0": [ 1, 1, 1 ],
            "0.1": [ 1, 1, 1 ],
            "0.1666667": [ 1, 1, 1 ],
            "0.4": [ 1, 1, 1 ],
            "0.5": [ 1, 1, 1 ],
            "0.5333334": [ 1, 1, 1 ]
          }
        },
        "leg3": {
          "position": {
            "0": [ 0, 0, 0 ],
            "0.1": [ 0, 0, 0 ],
            "0.1666667": [ 0, 0, 0 ],
            "0.4": [ 0, 0, 0 ],
            "0.5": [ 0, 0, 0 ],
            "0.5333334": [ 0, 0, 0 ]
          },
          "rotation": {
            "0": [ 0, 0, 0 ],
            "0.1": [ 0, 0, 0 ],
            "0.1666667": [ -30.74091, 0, 0 ],
            "0.4": [ 0, 0, 0 ],
            "0.5": [ 0, 0, 0 ],
            "0.5333334": [ 0, 0, 0 ]
          },
          "scale": {
            "0": [ 1, 1, 1 ],
            "0.1": [ 1, 1, 1 ],
            "0.1666667": [ 1, 1, 1 ],
            "0.4": [ 1, 1, 1 ],
            "0.5": [ 1, 1, 1 ],
            "0.5333334": [ 1, 1, 1 ]
          }
        },
        "body": {
          "position": {
            "0": [ 0, 0.04791422, 0 ],
            "0.1": [ 0, -0.7154853, 0 ],
            "0.2": [ 0, 8.56307, 0 ],
            "0.2666667": [ 0, 9.313594, 0 ],
            "0.3333333": [ 0, 0.4308998, 0 ],
            "0.3666667": [ 0, -0.6668043, 0 ],
            "0.4": [ 0, -1.406934, 0 ],
            "0.4666667": [ 0, -0.7703797, 0 ],
            "0.5": [ 0, -0.1653184, 0 ],
            "0.5333334": [ 0, 0.05503119, 0 ]
          },
          "rotation": {
            "0": [ 0, -13.74302, 0 ],
            "0.1": [ 0, -13.74302, 0 ],
            "0.2": [ -3.610777, -13.74302, 0 ],
            "0.2666667": [ 0.1561748, -13.74302, 0 ],
            "0.3333333": [ 2.504416, -13.74302, 0 ],
            "0.3666667": [ -0.1925885, -13.74302, 0 ],
            "0.4": [ 0, -13.74302, 0 ],
            "0.4666667": [ 0, -13.74302, 0 ],
            "0.5": [ 0, -13.74302, 0 ],
            "0.5333334": [ 0, -13.743, 0 ]
          },
          "scale": {
            "0": [ 1, 1, 1 ],
            "0.1": [ 1, 0.8939609, 1 ],
            "0.2": [ 1, 1.117489, 1 ],
            "0.2666667": [ 1, 1, 1 ],
            "0.3333333": [ 1, 1, 1 ],
            "0.3666667": [ 1, 0.9227051, 1 ],
            "0.4": [ 1, 0.8454102, 1 ],
            "0.4666667": [ 1, 0.9227051, 1 ],
            "0.5": [ 1, 0.9710144, 1 ],
            "0.5333334": [ 1, 1, 1 ]
          }
        }
      }
    }
  }
}