{
  "format_version": "1.8.0",
  "animations": {
    "animation.pig_tappable_tap_4": {
      "loop": false,
      "bones": {
        "head": {
          "position": {
            "0": [ 0, 0, 0 ],
            "0.1333333": [ 0, 0, 0 ],
            "0.3": [ 0, 0, 0 ],
            "0.4": [ 0, 0, 0 ],
            "0.5333334": [ 0, 0, 0 ]
          },
          "rotation": {
            "0": [ -17.309, -28.40258, 0 ],
            "0.1333333": [ -1.235827, -7.70785, 0 ],
            "0.3": [ -17.1908, 18.77493, -10.37058 ],
            "0.4": [ -8.938961, -6.908843, 0 ],
            "0.4666667": [ 3.795118, -14.03929, 0 ],
            "0.5333334": [ -17.191, -16.17666, 0 ]
          },
          "scale": {
            "0": [ 1, 1, 1 ],
            "0.1333333": [ 1, 1, 1 ],
            "0.3": [ 1, 1, 1 ],
            "0.4": [ 1, 1, 1 ],
            "0.5333334": [ 1, 1, 1 ]
          }
        },
        "leg0": {
          "position": {
            "0.1333333": [ 0, 0, 0 ],
            "0.2333333": [ 0, 0, 0 ]
          },
          "rotation": {
            "0.1333333": [ 0, 0, 0 ],
            "0.2333333": [ 24.31354, 0, 0 ],
            "0.4": [ 0, 0, 0 ]
          },
          "scale": {
            "0.1333333": [ 1, 1, 1 ],
            "0.2333333": [ 1, 1, 1 ]
          }
        },
        "leg1": {
          "position": {
            "0.1333333": [ 0, 0, 0 ],
            "0.2333333": [ 0, 0, 0 ]
          },
          "rotation": {
            "0.1333333": [ 0, 0, 0 ],
            "0.2333333": [ 24.31354, 0, 0 ],
            "0.4": [ 0, 0, 0 ]
          },
          "scale": {
            "0.1333333": [ 1, 1, 1 ],
            "0.2333333": [ 1, 1, 1 ]
          }
        },
        "leg2": {
          "position": {
            "0.1333333": [ 0, 0, 0 ],
            "0.3": [ 0, 0, 0 ],
            "0.4": [ 0, 0, 0 ]
          },
          "rotation": {
            "0.1333333": [ 0, 0, 0 ],
            "0.2333333": [ -49.51095, 19.10123, 0 ],
            "0.3": [ -32.93843, 0, 0 ],
            "0.4": [ 0, 0, 0 ]
          },
          "scale": {
            "0.1333333": [ 1, 1, 1 ],
            "0.3": [ 1, 1, 1 ],
            "0.4": [ 1, 1, 1 ]
          }
        },
        "leg3": {
          "position": {
            "0.1333333": [ 0, 0, 0 ],
            "0.3": [ 0, 0, 0 ],
            "0.4": [ 0, 0, 0 ]
          },
          "rotation": {
            "0.1333333": [ -42.17565, -15.1809, 0 ],
            "0.2333333": [ -59.65939, -30.83701, 0 ],
            "0.3": [ -32.93843, 0, 0 ],
            "0.4": [ 0, 0, 0 ]
          },
          "scale": {
            "0.1333333": [ 1, 1, 1 ],
            "0.3": [ 1, 1, 1 ],
            "0.4": [ 1, 1, 1 ]
          }
        },
        "body": {
          "position": {
            "0.03333334": [ 0, -1.489353, 0 ],
            "0.1": [ 0, 2.241831, 0 ],
            "0.1666667": [ 0, 5.320469, 0 ],
            "0.2333333": [ 0, 6.817665, 0 ],
            "0.3": [ 0, 7.480419, 0 ],
            "0.4": [ 0, -1.333401, 0 ],
            "0.4666667": [ 0, 0.05503119, 0 ],
            "0.5333334": [ 0, 0.05503119, 0 ],
            "0.6333333": [ 0, 0.05503119, 0 ]
          },
          "rotation": {
            "0.03333334": [ 0, 0, 0 ],
            "0.1": [ -11.81603, 0, 0 ],
            "0.1666667": [ -12.182, -29.95867, 0 ],
            "0.2333333": [ -13.27074, -54.8968, 0 ],
            "0.3": [ 4.98595, -77.79606, 0 ],
            "0.3333333": [ 7.340778, -77.20779, 0 ],
            "0.4": [ 0, -75.52701, 0 ],
            "0.4666667": [ 0, -75.52701, 0 ],
            "0.5333334": [ 0, -75.52701, 0 ],
            "0.6333333": [ 0, -75.52701, 0 ]
          },
          "scale": {
            "0.03333334": [ 1, 0.8361773, 1 ],
            "0.1": [ 1, 1.070437, 1 ],
            "0.1666667": [ 1, 1, 1 ],
            "0.2333333": [ 1, 1, 1 ],
            "0.3": [ 1, 1, 1 ],
            "0.4": [ 1, 0.8863486, 1 ],
            "0.4666667": [ 1, 1, 1 ],
            "0.5333334": [ 1, 1, 1 ],
            "0.6333333": [ 1, 1, 1 ]
          }
        }
      }
    }
  }
}