{
  "format_version": "1.8.0",
  "animations": {
    "animation.pig_tappable_award": {
      "loop": false,
      "bones": {
        "head": {
          "position": {
            "0": [ 0, 0, 0 ],
            "0.1": [ 0, 0, 0 ],
            "0.1666667": [ 0, 0, 0 ],
            "0.3": [ 0, 0, 0 ],
            "0.3666667": [ 0, 0, 0 ]
          },
          "rotation": {
            "0": [ -17.309, 0, 0 ],
            "0.1": [ 22.44306, 0, 0 ],
            "0.1666667": [ 31.47043, 0, 0 ],
            "0.3": [ -2.281097, 0, 0 ],
            "0.3666667": [ 9.641748, 0, 0 ]
          },
          "scale": {
            "0": [ 1, 1, 1 ],
            "0.1": [ 1, 1, 1 ],
            "0.1666667": [ 1, 1, 1 ],
            "0.3": [ 1, 1, 1 ],
            "0.3666667": [ 1, 1, 1 ]
          }
        },
        "leg0": {
          "position": {
            "0.1": [ 0, 0, 0 ],
            "0.1666667": [ 0, 0, 0 ],
            "0.2666667": [ 0, 0, 0 ]
          },
          "rotation": {
            "0.1": [ 0, 0, 0 ],
            "0.1666667": [ -10.46088, 0, 0 ],
            "0.2666667": [ -4.757721, 0, 0 ]
          },
          "scale": {
            "0.1": [ 1, 1, 1 ],
            "0.1666667": [ 1, 1, 1 ],
            "0.2666667": [ 1, 1, 1 ]
          }
        },
        "leg1": {
          "position": {
            "0.1666667": [ 0, 0, 0 ],
            "0.2666667": [ 0, 0, 0 ]
          },
          "rotation": {
            "0.1666667": [ -9.551284, 0, 0 ],
            "0.2666667": [ -3.75478, 0, 0 ]
          },
          "scale": {
            "0.1666667": [ 1, 1, 1 ],
            "0.2666667": [ 1, 1, 1 ]
          }
        },
        "leg2": {
          "position": {
            "0": [ 0, 0, 0 ],
            "0.1": [ 0, 0, 0 ],
            "0.1666667": [ 0, 0, 0 ],
            "0.2333333": [ 0, 0, 0 ],
            "0.3": [ 0, 0, 0 ]
          },
          "rotation": {
            "0": [ 0, 0, 0 ],
            "0.1": [ 0, 0, 0 ],
            "0.1666667": [ -54.89659, 0, 0 ],
            "0.2333333": [ -50.39371, 0, 0 ],
            "0.3": [ 8.474511, 0, 0 ],
            "0.3666667": [ -62.19722, 0, 24.24093 ]
          },
          "scale": {
            "0": [ 1, 1, 1 ],
            "0.1": [ 1, 1, 1 ],
            "0.1666667": [ 1, 1, 1 ],
            "0.2333333": [ 1, 1, 1 ],
            "0.3": [ 1, 1, 1 ]
          }
        },
        "leg3": {
          "position": {
            "0": [ 0, 0, 0 ],
            "0.1": [ 0, 0, 0 ],
            "0.1666667": [ 0, 0, 0 ],
            "0.2333333": [ 0, 0, 0 ],
            "0.3": [ 0, 0, 0 ]
          },
          "rotation": {
            "0": [ 0, 0, 0 ],
            "0.1": [ 0, 0, 0 ],
            "0.1666667": [ -54.89659, 0, 0 ],
            "0.2333333": [ -50.39371, 0, 0 ],
            "0.3": [ 8.474511, 0, 0 ],
            "0.3666667": [ -51.91502, 0, -26.49001 ]
          },
          "scale": {
            "0": [ 1, 1, 1 ],
            "0.1": [ 1, 1, 1 ],
            "0.1666667": [ 1, 1, 1 ],
            "0.2333333": [ 1, 1, 1 ],
            "0.3": [ 1, 1, 1 ]
          }
        },
        "body": {
          "position": {
            "0": [ 0, 0, 0 ],
            "0.1": [ 0, -1.5088, 0 ],
            "0.1666667": [ 0, 0, 0 ],
            "0.2666667": [ 0, 0, 0 ],
            "0.3333333": [ 14.06714, 18.2916, -14.06714 ]
          },
          "rotation": {
            "0": [ 0, -45, 0 ],
            "0.03333334": [ 0, -45, 0 ],
            "0.1": [ 0, -45, 0 ],
            "0.1333333": [ 9.218719, -45, 0 ],
            "0.1666667": [ 18.43744, -45, 0 ],
            "0.2666667": [ -17.87726, -45, 0 ],
            "0.3333333": [ -24.52206, -45, 0 ],
            "0.3666667": [ -25.94703, -45, 0 ]
          },
          "scale": {
            "0": [ 1, 1, 1 ],
            "0.1": [ 1, 0.8425565, 1 ],
            "0.1666667": [ 1, 0.8425565, 1 ],
            "0.2666667": [ 1, 1, 1 ],
            "0.3333333": [ 1.211227, 1.273291, 1.211227 ]
          }
        }
      }
    }
  }
}