{
  "format_version": "1.8.0",
  "animations": {
    "animation.pig_tappable_tap_6": {
      "loop": false,
      "bones": {
        "head": {
          "position": {
            "0.03333334": [ 0, 0, 0 ],
            "0.1": [ 0, 0, 0 ],
            "0.3": [ 0, 0, 0 ],
            "0.3666667": [ 0, 0, 0 ]
          },
          "rotation": {
            "0.03333334": [ -20.14048, -14.6141, 0 ],
            "0.1": [ 1.227213, -14.6141, 0 ],
            "0.3": [ -21.96992, -14.6141, 0 ],
            "0.3666667": [ -25.67448, -14.6141, 0 ]
          },
          "scale": {
            "0.03333334": [ 1, 1, 1 ],
            "0.1": [ 1, 1, 1 ],
            "0.3": [ 1, 1, 1 ],
            "0.3666667": [ 1, 1, 1 ]
          }
        },
        "leg0": {
          "position": {
            "0.06666667": [ 0, 0, 0 ],
            "0.3": [ 0, 0, 0 ]
          },
          "rotation": {
            "0.06666667": [ 0, 0, 0 ],
            "0.2": [ 41.05902, 0, 0 ],
            "0.3": [ 28.06769, 0, 0 ],
            "0.3666667": [ 0, 0, 0 ]
          },
          "scale": {
            "0.06666667": [ 1, 1, 1 ],
            "0.3": [ 1, 1, 1 ]
          }
        },
        "leg1": {
          "position": {
            "0.06666667": [ 0, 0, 0 ],
            "0.3": [ 0, 0, 0 ]
          },
          "rotation": {
            "0.06666667": [ 0, 0, 0 ],
            "0.2": [ 30.11327, 0, 0 ],
            "0.3": [ 43.21019, 0, 0 ],
            "0.3666667": [ 0, 0, 0 ]
          },
          "scale": {
            "0.06666667": [ 1, 1, 1 ],
            "0.3": [ 1, 1, 1 ]
          }
        },
        "leg2": {
          "position": {
            "0.06666667": [ 0, 0, 0 ],
            "0.3": [ 0, 0, 0 ]
          },
          "rotation": {
            "0.06666667": [ 0, 0, 0 ],
            "0.2": [ -12.21654, 0, 0 ],
            "0.3": [ -20.69203, 0, 0 ],
            "0.3666667": [ 0, 0, 0 ]
          },
          "scale": {
            "0.06666667": [ 1, 1, 1 ],
            "0.3": [ 1, 1, 1 ]
          }
        },
        "leg3": {
          "position": {
            "0.03333334": [ 0, 0, 0 ],
            "0.2333333": [ 0, 0, 0 ]
          },
          "rotation": {
            "0.03333334": [ 0, 0, 0 ],
            "0.1333333": [ -51.47233, 0, 0 ],
            "0.2333333": [ -62.95314, 0, 0 ],
            "0.3666667": [ 0, 0, 0 ]
          },
          "scale": {
            "0.03333334": [ 1, 1, 1 ],
            "0.2333333": [ 1, 1, 1 ]
          }
        },
        "body": {
          "position": {
            "0.03333334": [ 0, -2.165344, 0 ],
            "0.1": [ 0, 8.029684, 0 ],
            "0.1666667": [ 0, 10.53715, 0 ],
            "0.2333333": [ 0, 11.10871, 0 ],
            "0.3": [ 0, 6.585215, 0 ],
            "0.3666667": [ 0, -0.0797051, 0 ]
          },
          "rotation": {
            "0.03333334": [ 0, 0, 0 ],
            "0.1": [ 0, 0, 0 ],
            "0.1666667": [ 0, 0, 0 ],
            "0.3": [ 0, 0, 0 ],
            "0.3666667": [ 0, 0, 0 ]
          },
          "scale": {
            "0.03333334": [ 1, 0.8054606, 1 ],
            "0.1": [ 1, 1.094107, 1 ],
            "0.1666667": [ 1, 1, 1 ],
            "0.2333333": [ 1, 1, 1 ],
            "0.3": [ 1, 1, 1 ],
            "0.3666667": [ 1, 1, 1 ]
          }
        }
      }
    }
  }
}