{
  "format_version": "1.8.0",
  "animations": {
    "animation.jolly_llama.prance": {
      "loop": true,
      "sound_effects": {
        "0.0": { "effect": "prance" }
      },
      "bones": {
        "leg3": {
          "position": {
            "0": [ 0, 0, 0 ],
            "0.06666667": [ 0, 0.4708872, 0 ],
            "0.1333333": [ 0, 0.5165898, 0 ],
            "0.2": [ 0, 0.4708872, 0 ],
            "0.3333333": [ 0, 0, 0 ],
            "0.5333334": [ 0, 0, 0 ],
            "0.6": [ 0, 0.4709045, 0 ],
            "0.6666667": [ 0, 0.5236381, 0 ],
            "0.8": [ 0, 0.4709045, 0 ],
            "0.8666667": [ 0, 0, 0 ]
          },
          "rotation": {
            "0": [ 0, 0, 0 ],
            "0.06666667": [ 6.113747, 0, 0 ],
            "0.1333333": [ 14.17597, 0, 0 ],
            "0.2": [ 19.14466, 0, 0 ],
            "0.3333333": [ 21.28863, 0, 0 ],
            "0.4": [ 14.09452, 0, 0 ],
            "0.4666667": [ 1.702161, 0, 0 ],
            "0.5333334": [ -16.13387, 0, 0 ],
            "0.6": [ -26.32255, 0, 0 ],
            "0.6666667": [ -28.28159, 0, 0 ],
            "0.8": [ -21.08972, 0, 0 ],
            "0.8666667": [ -6.983445, 0, 0 ]
          },
          "scale": {
            "0": [ 1, 1, 1 ],
            "0.8666667": [ 1, 1, 1 ]
          }
        },
        "leg2": {
          "position": {
            "0": [ 0, 0, 0 ],
            "0.06666667": [ 0, 0.4708872, 0 ],
            "0.1333333": [ 0, 0.5165898, 0 ],
            "0.2": [ 0, 0.4708872, 0 ],
            "0.3333333": [ 0, 0, 0 ],
            "0.5333334": [ 0, 0, 0 ],
            "0.6": [ 0, 0.4709045, 0 ],
            "0.6666667": [ 0, 0.5236381, 0 ],
            "0.8": [ 0, 0.4709045, 0 ],
            "0.8666667": [ 0, 0, 0 ]
          },
          "rotation": {
            "0": [ -2.250489E-08, 0, 0 ],
            "0.06666667": [ -11.64215, 0, 0 ],
            "0.1333333": [ -21.76833, 0, 0 ],
            "0.2": [ -23.69663, 0, 0 ],
            "0.3333333": [ -21.76833, 0, 0 ],
            "0.4": [ -12.36542, 0, 0 ],
            "0.4666667": [ -2.250489E-08, 0, 0 ],
            "0.5333334": [ 11.70278, 0, 0 ],
            "0.6": [ 19.63417, 0, 0 ],
            "0.6666667": [ 21.83669, 0, 0 ],
            "0.8": [ 19.63417, 0, 0 ],
            "0.8666667": [ 10.43101, 0, 0 ]
          },
          "scale": {
            "0": [ 1, 1, 1 ],
            "0.8666667": [ 1, 1, 1 ]
          }
        },
        "leg1": {
          "position": {
            "0": [ 0, 0, 0 ],
            "0.06666667": [ 0, 0.4708872, 0 ],
            "0.1333333": [ 0, 0.5165898, 0 ],
            "0.2": [ 0, 0.4708872, 0 ],
            "0.3333333": [ 0, 0, 0 ],
            "0.5333334": [ 0, 0, 0 ],
            "0.6": [ 0, 0.4709045, 0 ],
            "0.6666667": [ 0, 0.5236381, 0 ],
            "0.8": [ 0, 0.4709045, 0 ],
            "0.8666667": [ 0, 0, 0 ]
          },
          "rotation": {
            "0": [ -3.165687E-08, 0, 0 ],
            "0.06666667": [ -7.271867, 0, 0 ],
            "0.1333333": [ -13.59683, 0, 0 ],
            "0.2": [ -14.80128, 0, 0 ],
            "0.3333333": [ -13.59683, 0, 0 ],
            "0.4": [ -7.723632, 0, 0 ],
            "0.4666667": [ -3.165687E-08, 0, 0 ],
            "0.5333334": [ 7.309733, 0, 0 ],
            "0.6": [ 12.2638, 0, 0 ],
            "0.6666667": [ 13.63953, 0, 0 ],
            "0.8": [ 12.2638, 0, 0 ],
            "0.8666667": [ 6.515366, 0, 0 ]
          },
          "scale": {
            "0": [ 1, 1, 1 ],
            "0.8666667": [ 1, 1, 1 ]
          }
        },
        "leg0": {
          "position": {
            "0": [ 0, 0, 0 ],
            "0.06666667": [ 0, 0.4708872, 0 ],
            "0.1333333": [ 0, 0.5165898, 0 ],
            "0.2": [ 0, 0.4708872, 0 ],
            "0.3333333": [ 0, 0, 0 ],
            "0.5333334": [ 0, 0, 0 ],
            "0.6": [ 0, 0.4709045, 0 ],
            "0.6666667": [ 0, 0.5236381, 0 ],
            "0.8": [ 0, 0.4709045, 0 ],
            "0.8666667": [ 0, 0, 0 ]
          },
          "rotation": {
            "0": [ 3.913625E-08, 0, 0 ],
            "0.06666667": [ 2.445499, 0, 0 ],
            "0.1333333": [ 5.670389, 0, 0 ],
            "0.2": [ 7.657865, 0, 0 ],
            "0.3333333": [ 8.515452, 0, 0 ],
            "0.4": [ 5.637809, 0, 0 ],
            "0.4666667": [ 0.6808644, 0, 0 ],
            "0.5333334": [ -6.453549, 0, 0 ],
            "0.6": [ -10.52902, 0, 0 ],
            "0.6666667": [ -11.31264, 0, 0 ],
            "0.8": [ -8.435888, 0, 0 ],
            "0.8666667": [ -2.793378, 0, 0 ]
          },
          "scale": {
            "0": [ 1, 1, 1 ],
            "0.8666667": [ 1, 1, 1 ]
          }
        },
        "body": {
          "position": {
            "0": [ 0, 0, 3.027448E-06 ],
            "0.06666667": [ 0, -0.2668378, 2.97285E-06 ],
            "0.1333333": [ 0, 0.665176, 3.745701E-06 ],
            "0.2": [ 0, 1.484224, 2.517734E-06 ],
            "0.3333333": [ 0, 1.370216, 4.670309E-07 ],
            "0.4": [ 0, 0.9046367, -1.190718E-06 ],
            "0.4666667": [ 0, 0, 2.546972E-06 ],
            "0.5333334": [ 0, -0.3349836, 2.541143E-06 ],
            "0.6": [ 0, 0.5835776, 3.719549E-06 ],
            "0.6666667": [ 0, 1.456968, 1.183716E-06 ],
            "0.8": [ 0, 1.360723, -8.595602E-07 ],
            "0.8666667": [ 0, 0.8719396, -4.222631E-08 ]
          },
          "rotation": {
            "0": [ 0, 0, 0 ],
            "0.06666667": [ 0, 0, -0.5209944 ],
            "0.1333333": [ 0, 0, -1.5931 ],
            "0.2": [ 0, 0, -2.095685 ],
            "0.3333333": [ 0, 0, -2.143099 ],
            "0.4": [ 0, 0, -1.289652 ],
            "0.4666667": [ 0, 0, 0 ],
            "0.5333334": [ 0, 0, 1.412928 ],
            "0.6": [ 0, 0, 2.04353 ],
            "0.6666667": [ 0, 0, 2.162064 ],
            "0.8": [ 0, 0, 1.849134 ],
            "0.8666667": [ 0, 0, 0.5499988 ]
          },
          "scale": {
            "0": [ 1, 1, 1 ],
            "0.8666667": [ 1, 1, 1 ]
          }
        },
        "head": {
          "position": {
            "0": [ 0, -0.03685221, 3.027448E-06 ],
            "0.06666667": [ 0, -0.2129651, 2.97285E-06 ],
            "0.1333333": [ 0, 1.225452, 3.745701E-06 ],
            "0.2": [ 0, 2.031705, 2.517734E-06 ],
            "0.3333333": [ 0, 1.543694, 4.670309E-07 ],
            "0.4": [ 0, 0.636219, -1.190718E-06 ],
            "0.4666667": [ 0, -0.4518562, 2.546972E-06 ],
            "0.5333334": [ 0, -0.2579414, 2.541143E-06 ],
            "0.6": [ 0, 1.002621, 3.719549E-06 ],
            "0.6666667": [ 0, 2.183904, 1.183716E-06 ],
            "0.8": [ 0, 1.871843, -8.595602E-07 ],
            "0.8666667": [ 0, 0.6146389, -4.222631E-08 ]
          },
          "rotation": {
            "0": [ 0, 0, 0 ],
            "0.06666667": [ 0, 0, 1.050392 ],
            "0.1333333": [ 0, 0, 3.211895 ],
            "0.2": [ 0, 0, 4.225171 ],
            "0.3333333": [ 0, 0, 4.320763 ],
            "0.4": [ 0, 0, 2.600105 ],
            "0.4666667": [ 0, 0, 0 ],
            "0.5333334": [ 0, 0, -2.848645 ],
            "0.6": [ 0, 0, -4.12002 ],
            "0.6666667": [ 0, 0, -4.359 ],
            "0.8": [ 0, 0, -3.728092 ],
            "0.8666667": [ 0, 0, -1.108868 ]
          },
          "scale": {
            "0": [ 1, 1, 1 ],
            "0.8666667": [ 1, 1, 1 ]
          }
        }
      }
    }
  }
}