{
  "format_version": "1.8.0",
  "animations": {
    "animation.jolly_llama.detectfern": {
      "loop": false,
      "sound_effects": {
        "0.0": { "effect": "detect" }
      },
      "bones": {
        "leg3": {
          "position": {
            "0": [ 0, 0, 0 ],
            "1.866667": [ 0, 0, 0 ],
            "1.933333": [ 0, 3.743261, 0 ],
            "2.066667": [ 0, 4.055021, 0 ],
            "2.2": [ 0, 0, 0 ],
            "2.3": [ 0, 0, 0 ]
          },
          "rotation": {
            "0": [ 0, 0, 0 ],
            "1.866667": [ 0, 0, 0 ],
            "1.933333": [ -4.202663, 0, -7.974088 ],
            "2.066667": [ -4.202663, 0, -7.974088 ],
            "2.2": [ 0, 0, 0 ],
            "2.3": [ 0, 0, 0 ]
          },
          "scale": {
            "0": [ 1, 1, 1 ],
            "2.3": [ 1, 1, 1 ]
          }
        },
        "leg2": {
          "position": {
            "0": [ 0, 0, 0 ],
            "1.866667": [ 0, 0, 0 ],
            "1.933333": [ 0, 3.743261, 0 ],
            "2.066667": [ 0, 4.055021, 0 ],
            "2.2": [ 0, 0, 0 ],
            "2.3": [ 0, 0, 0 ]
          },
          "rotation": {
            "0": [ 0, 0, 0 ],
            "1.866667": [ 0, 0, 0 ],
            "1.933333": [ -2.771159, 0, 7.655125 ],
            "2.066667": [ -2.771159, 0, 7.655125 ],
            "2.2": [ 0, 0, 0 ],
            "2.3": [ 0, 0, 0 ]
          },
          "scale": {
            "0": [ 1, 1, 1 ],
            "2.3": [ 1, 1, 1 ]
          }
        },
        "leg1": {
          "position": {
            "0": [ 0, 0, 0 ],
            "1.866667": [ 0, 0, 0 ],
            "1.933333": [ 0, 3.743261, 0 ],
            "2.066667": [ 0, 4.055021, 0 ],
            "2.2": [ 0, 0, 0 ],
            "2.3": [ 0, 0, 0 ]
          },
          "rotation": {
            "0": [ 0, 0, 0 ],
            "1.866667": [ 0, 0, 0 ],
            "1.933333": [ 5.910851, 0, -6.280252 ],
            "2.066667": [ 5.910851, 0, -6.280252 ],
            "2.2": [ 0, 0, 0 ],
            "2.3": [ 0, 0, 0 ]
          },
          "scale": {
            "0": [ 1, 1, 1 ],
            "2.3": [ 1, 1, 1 ]
          }
        },
        "leg0": {
          "position": {
            "0": [ 0, 0, 0 ],
            "1.866667": [ 0, 0, 0 ],
            "1.933333": [ 0, 3.743261, 0 ],
            "2.066667": [ 0, 4.055021, 0 ],
            "2.2": [ 0, 0, 0 ],
            "2.3": [ 0, 0, 0 ]
          },
          "rotation": {
            "0": [ 0, 0, 0 ],
            "1.866667": [ 0, 0, 0 ],
            "1.933333": [ 4.197448, 0, 6.482152 ],
            "2.066667": [ 4.197448, 0, 6.482152 ],
            "2.2": [ 0, 0, 0 ],
            "2.3": [ 0, 0, 0 ]
          },
          "scale": {
            "0": [ 1, 1, 1 ],
            "2.3": [ 1, 1, 1 ]
          }
        },
        "body": {
          "position": {
            "0": [ 0, 0, 0 ],
            "0.1333333": [ 0, 0, 0 ],
            "0.2333333": [ 0, 1.058218, 0 ],
            "1.633333": [ 0, 1.058218, 0 ],
            "1.733333": [ 0, -0.4434744, 0 ],
            "1.8": [ 0, -0.4434744, 0 ],
            "1.866667": [ 0, 0, 0 ],
            "1.933333": [ 0, 3.674456, 0 ],
            "2.066667": [ 0, 3.876297, 0 ],
            "2.2": [ 0, -0.4084514, 0 ],
            "2.3": [ 0, 0, 0 ]
          },
          "rotation": {
            "0": [ 0, 0, 0 ],
            "0.1333333": [ 0, 0, 0 ],
            "0.2333333": [ -3.426873, 0, 0 ],
            "1.633333": [ -3.426873, 0, 0 ],
            "1.733333": [ 0, 0, 0 ],
            "2.3": [ 0, 0, 0 ]
          },
          "scale": {
            "0": [ 1, 1, 1 ],
            "2.3": [ 1, 1, 1 ]
          }
        },
        "antler_1": {
          "position": {
            "0": [ 0, 0, 0 ],
            "2.3": [ 0, 0, 0 ]
          },
          "rotation": {
            "0": [ 0, 0, 0 ],
            "0.6": [ 0, 0, 0 ],
            "0.6666667": [ 0, 0, -1.28007 ],
            "0.7": [ 0, 0, 0 ],
            "1.133333": [ 0, 0, 0 ],
            "1.233333": [ 0, 0, 1.168637 ],
            "1.3": [ 0, 0, 0 ],
            "1.866667": [ 0, 0, 0 ],
            "1.9": [ 0, 0, 1.893022 ],
            "1.933333": [ 0, 0, 0 ],
            "2.3": [ 0, 0, 0 ]
          },
          "scale": {
            "0": [ 1, 1, 1 ],
            "2.3": [ 1, 1, 1 ]
          }
        },
        "antler_0": {
          "position": {
            "0": [ 0, 0, 0 ],
            "2.3": [ 0, 0, 0 ]
          },
          "rotation": {
            "0": [ 0, 0, 0 ],
            "0.6": [ 0, 0, 0 ],
            "0.6666667": [ 0, 0, -1.28007 ],
            "0.7": [ 0, 0, 0 ],
            "1.133333": [ 0, 0, 0 ],
            "1.233333": [ 0, 0, 1.168637 ],
            "1.3": [ 0, 0, 0 ],
            "1.866667": [ 0, 0, 0 ],
            "1.9": [ 0, 0, 1.893022 ],
            "1.933333": [ 0, 0, 0 ],
            "2.3": [ 0, 0, 0 ]
          },
          "scale": {
            "0": [ 1, 1, 1 ],
            "2.3": [ 1, 1, 1 ]
          }
        },
        "ear_1": {
          "position": {
            "0": [ 0, 0, 0 ],
            "0.1333333": [ 0, 0, 0 ],
            "0.2333333": [ 0.02608085, -0.1794619, 0 ],
            "1.133333": [ 0.02608085, -0.1794619, 0 ],
            "1.733333": [ 0.03368585, -0.2317917, 0 ],
            "1.8": [ 0.03368585, -0.2317917, 0 ],
            "1.966667": [ 0, 0, 0 ],
            "2.3": [ 0, 0, 0 ]
          },
          "rotation": {
            "0": [ 0, 0, 0 ],
            "0.1333333": [ 0, 0, 0 ],
            "0.2333333": [ 0, 5.876239, -6.402013 ],
            "1.133333": [ 0, 5.876239, -6.402013 ],
            "1.733333": [ 0, 7.58971, -8.268797 ],
            "1.8": [ 0, 7.58971, -8.268797 ],
            "1.966667": [ 0, 0, 0 ],
            "2.3": [ 0, 0, 0 ]
          },
          "scale": {
            "0": [ 1, 1, 1 ],
            "2.3": [ 1, 1, 1 ]
          }
        },
        "ear_0": {
          "position": {
            "0": [ 0, 0, 0 ],
            "0.1333333": [ 0, 0, 0 ],
            "0.2333333": [ -0.03849025, -0.2525627, 0 ],
            "1.133333": [ -0.03849025, -0.2525627, 0 ],
            "1.733333": [ -0.04971375, -0.3262083, 0 ],
            "1.8": [ -0.04971375, -0.3262083, 0 ],
            "1.966667": [ 0, 0, 0 ],
            "2.3": [ 0, 0, 0 ]
          },
          "rotation": {
            "0": [ 0, 0, 0 ],
            "0.1333333": [ 0, 0, 0 ],
            "0.2333333": [ 0, -3.964019, 6.708873 ],
            "1.133333": [ 0, -3.964019, 6.708873 ],
            "1.733333": [ 0, -5.1199, 8.665134 ],
            "1.8": [ 0, -5.1199, 8.665134 ],
            "1.966667": [ 0, 0, 0 ],
            "2.3": [ 0, 0, 0 ]
          },
          "scale": {
            "0": [ 1, 1, 1 ],
            "2.3": [ 1, 1, 1 ]
          }
        },
        "head": {
          "position": {
            "0": [ 0, 0, 0 ],
            "0.1333333": [ 0, 0, 0 ],
            "0.2333333": [ 0, 1.91474, 0 ],
            "1.133333": [ 0, 1.91474, 0 ],
            "1.633333": [ 0, 1.913121, 0 ],
            "1.733333": [ 0, -0.2533126, 0 ],
            "1.8": [ 0, -0.2533126, 0 ],
            "1.933333": [ 0, 3.16554, 0 ],
            "2.066667": [ 0, 3.338191, 0 ],
            "2.2": [ 0, -0.9327878, 0 ],
            "2.3": [ 0, 0, 0 ]
          },
          "rotation": {
            "0": [ 0, 0, 0 ],
            "0.1333333": [ 0, 0, 0 ],
            "0.2333333": [ -5.598732, -1.010987, -4.999857 ],
            "0.6": [ -5.598732, -1.010987, -4.999857 ],
            "0.6666667": [ -4.79987, -29.57689, -0.3019706 ],
            "0.7": [ -6.620562, -39.68328, 1.358816 ],
            "1.133333": [ -6.697403, -40.4656, 1.478172 ],
            "1.233333": [ -3.624192, 9.858456, 1.978921 ],
            "1.3": [ -2.76452, 27.12763, 1.088863 ],
            "1.633333": [ -2.922464, 27.11231, 0.7423862 ],
            "1.733333": [ -2.834509, 29.59168, 0.5553266 ],
            "1.8": [ -2.834509, 29.59168, 0.5553266 ],
            "1.933333": [ -5.04288, 0, 0 ],