{
  "format_version": "1.8.0",
  "animations": {
    "animation.jolly_llama.graze": {
      "loop": true,
      "sound_effects": {
        "0.0": { "effect": "graze" }
      },
      "bones": {
        "leg3": {
          "position": {
            "0": [ 0, 0, 0 ],
            "0.1666667": [ 0, 0.1495369, 0 ],
            "0.2": [ 0, 0.1431115, -0.1028066 ],
            "0.4333333": [ 0, 0, -2.392591 ],
            "1.3": [ 0, 0, -2.392591 ],
            "1.766667": [ 0, 0.1288575, -1.251153 ],
            "1.9": [ 0, 0.1494552, -0.8277377 ],
            "2": [ 0, 0, 0 ]
          },
          "rotation": {
            "0": [ 0, 0, 0 ],
            "0.1666667": [ -10.29789, 0, 0 ],
            "0.2": [ -9.8554, 0, 0 ],
            "0.4333333": [ 0, 0, 0 ],
            "1.3": [ 0, 0, 0 ],
            "1.766667": [ -5.005153, 0, 0 ],
            "1.9": [ 3.525955, 0, 0 ],
            "2": [ 0, 0, 0 ]
          },
          "scale": {
            "0": [ 1, 1, 1 ],
            "2": [ 1, 1, 1 ]
          }
        },
        "leg2": {
          "position": {
            "0": [ 0, 0, 0 ],
            "0.1666667": [ 0, 0, 0 ],
            "0.2": [ 0, 0.006425415, -0.1177993 ],
            "0.4333333": [ 0, 0.1495369, -2.74151 ],
            "1.3": [ 0, 0.1495369, -2.74151 ],
            "1.766667": [ 0, 0.1586643, -1.421222 ],
            "2": [ 0, 0, 0 ]
          },
          "rotation": {
            "0": [ 0, 0, 0 ],
            "0.1666667": [ 0, 0, 0 ],
            "0.2": [ 0.4837, 0, 0 ],
            "0.4333333": [ 11.25702, 0, 0 ],
            "1.3": [ 11.25702, 0, 0 ],
            "1.766667": [ 5.731845, 0, 0 ],
            "2": [ 0, 0, 0 ]
          },
          "scale": {
            "0": [ 1, 1, 1 ],
            "2": [ 1, 1, 1 ]
          }
        },
        "leg1": {
          "position": {
            "0": [ 0, 0, 0 ],
            "0.1666667": [ 0, 0, 0 ],
            "0.2": [ 0, 0.006425415, -0.09209762 ],
            "0.4333333": [ 0, 0.1495369, -2.143363 ],
            "0.5666667": [ 0, 0, -2.143363 ],
            "1.166667": [ 0, 0, -2.143363 ],
            "1.3": [ 0, 0, -2.192 ],
            "1.766667": [ 0, 0.05481313, -1.564504 ],
            "1.9": [ 0, 0.1497898, -0.5078784 ],
            "2": [ 0, 0, 0 ]
          },
          "rotation": {
            "0": [ 0, 0, 0 ],
            "0.1666667": [ 0, 0, 0 ],
            "0.2": [ 0.3749331, 0, 0 ],
            "0.4333333": [ 8.725715, 0, 0 ],
            "0.5666667": [ 0, 0, 0 ],
            "1.3": [ 0, 0, 0 ],
            "1.766667": [ -2.600458, 0, 0 ],
            "1.9": [ -6.953309, 0, 0 ],
            "2": [ 0, 0, 0 ]
          },
          "scale": {
            "0": [ 1, 1, 1 ],
            "2": [ 1, 1, 1 ]
          }
        },
        "leg0": {
          "position": {
            "0": [ 0, 0, 0 ],
            "0.1666667": [ 0, 0, 0 ],
            "0.2": [ 0, 0.006425415, -0.09209762 ],
            "0.4333333": [ 0, 0.1495369, -2.143363 ],
            "0.5666667": [ 0, 0.1495369, -2.143363 ],
            "0.6666667": [ 0, 0, -2.192 ],
            "1.3": [ 0, 0, -2.192 ],
            "1.5": [ 0, 0.05950807, -1.265705 ],
            "1.766667": [ 0, 0.05950807, -1.265705 ],
            "2": [ 0, 0, 0 ]
          },
          "rotation": {
            "0": [ 0, 0, 0 ],
            "0.1666667": [ 0, 0, 0 ],
            "0.2": [ 0.3749331, 0, 0 ],
            "0.4333333": [ 8.725715, 0, 0 ],
            "0.5666667": [ 8.725715, 0, 0 ],
            "0.6666667": [ 0, 0, 0 ],
            "1.3": [ 0, 0, 0 ],
            "1.5": [ 5.073344, 0, 0 ],
            "1.766667": [ 5.073344, 0, 0 ],
            "2": [ 0, 0, 0 ]
          },
          "scale": {
            "0": [ 1, 1, 1 ],
            "2": [ 1, 1, 1 ]
          }
        },
        "body": {
          "position": {
            "0": [ 0, 0, 0 ],
            "0.2": [ 0, 0, -0.2978522 ],
            "0.4666667": [ 0, 0, -2.193208 ],
            "0.6666667": [ 0, -0.6439543, -2.192604 ],
            "0.7666667": [ 0, -1.010064, -2.192 ],
            "0.9": [ 0, -0.9772203, -2.192 ],
            "1.033333": [ 0, -1.010064, -2.192 ],
            "1.166667": [ 0, -0.9772203, -2.192 ],
            "1.3": [ 0, -1.010064, -2.192 ],
            "1.766667": [ 0, 0, -1.040038 ],
            "2": [ 0, 0, 0 ]
          },
          "rotation": {
            "0": [ 0, 0, 0 ],
            "0.4666667": [ 0, 0, 0 ],
            "0.6666667": [ 2.360162, 0, 0 ],
            "0.7666667": [ 3.972657, 0, 0 ],
            "0.9": [ 3.693878, 0, 0 ],
            "1.033333": [ 3.972657, 0, 0 ],
            "1.166667": [ 3.693878, 0, 0 ],
            "1.3": [ 3.972657, 0, 0 ],
            "1.766667": [ 0, 0, 0 ],
            "2": [ 0, 0, 0 ]
          },
          "scale": {
            "0": [ 1, 1, 1 ],
            "2": [ 1, 1, 1 ]
          }
        },
        "antler_1": {
          "position": {
            "0": [ 0, 0, 0 ],
            "1.9": [ 0, 0, 0 ]
          },
          "rotation": {
            "0": [ 0, 0, 0 ],
            "0.2": [ 0, 0, 0 ],
            "0.4": [ -4.291044, 0, 0 ],
            "0.5666667": [ 0, 0, 0 ],
            "1.3": [ 0, 0, 0 ],
            "1.466667": [ 1.654239, 0, 0 ],
            "1.633333": [ 0, 0, 0 ],
            "1.9": [ 0, 0, 0 ]
          },
          "scale": {
            "0": [ 1, 1, 1 ],
            "1.9": [ 1, 1, 1 ]
          }
        },
        "antler_0": {
          "position": {
            "0": [ 0, 0, 0 ],
            "1.9": [ 0, 0, 0 ]
          },
          "rotation": {
            "0": [ 0, 0, 0 ],
            "0.2": [ 0, 0, 0 ],
            "0.4": [ -4.291044, 0, 0 ],
            "0.5666667": [ 0, 0, 0 ],
            "1.3": [ 0, 0, 0 ],
            "1.466667": [ 1.654239, 0, 0 ],
            "1.633333": [ 0, 0, 0 ],
            "1.9": [ 0, 0, 0 ]
          },
          "scale": {
            "0": [ 1, 1, 1 ],
            "1.9": [ 1, 1, 1 ]
          }
        },
        "head": {
          "position": {
            "0": [ 0, 0, 0 ],
            "0.1666667": [ 0, 0, 0 ],
            "0.2": [ 0, 0, -0.09423942 ],
            "0.4333333": [ 0, 0, -2.193208 ],
            "0.6666667": [ 0, 1.781424, -0.9139247 ],
            "0.7666667": [ 0, 1.665384, -1.110894 ],
            "0.9": [ 0, 1.779955, -1.235206 ],
            "1.033333": [ 0, 1.665384, -1.110894 ],
            "1.166667": [ 0, 1.779955, -1.235206 ],
            "1.3": [ 0, 1.665384, -1.110894 ],
            "1.766667": [ 0, 0, -1.040038 ],
            "2": [ 0, 0, 0 ]
          },
          "rotation": {
            "0": [ 0, 0, 0 ],
            "0.1666667": [ 0, 0, 0 ],
            "0.2": [ 0.2031807, 0, 0 ],
            "0.4333333": [ 16.03834, 0, 0 ],
            "0.6666667": [ 66.64686, 0, 0 ],
            "0.7666667": [ 77.35033, 0, 0 ],
            "0.9": [ 72.76148, 0, 0 ],
            "1.033333": [ 77.35033, 0, 0 ],
            "1.166667": [ 72.76148, 0, 0 ],
            "1.3": [ 77.35033, 0, 0 ],
            "1.766667": [ 0, 0, 0 ],
            "2": [ 0, 0, 0 ]
          },
          "scale": {
            "0": [ 1, 1, 1 ],
            "2": [ 1, 1, 1 ]
          }
        },
        "root": {
          "position": {
            "0": [ 0, 0, 0 ],
            "1.9": [ 0, 0, 0 ]
          },
          "rotation": {
            "0": [ 0, 0, 0 ],
            "1.9": [ 0, 0, 0 ]
          },
          "scale": {
            "0": [ 1, 1, 1 ],
            "1.9": [ 1, 1, 1 ]
          }
        }
      }
    }
  }
}