{
  "format_version": "1.8.0",
  "animations": {
    "animation.tree.tappable.mapSpawn": {
      "loop": false,
      "bones": {
        "root": {
          "position": {
            "0": [ 0, 0, 0 ],
            "0.03333334": [ 0, 11.51845, 0 ],
            "0.06666667": [ 0, 24.15536, 0 ],
            "0.1": [ 0, 36.23304, 0 ],
            "0.1333333": [ 0, 46.07381, 0 ],
            "0.1666667": [ 0, 52, 0 ],
            "0.2": [ 0, 55.1518, 0 ],
            "0.2333333": [ 0, 57.77832, 0 ],
            "0.2666667": [ 0, 59.86522, 0 ],
            "0.3": [ 0, 61.39816, 0 ],
            "0.3333333": [ 0, 62.36283, 0 ],
            "0.3666667": [ 0, 62.7449, 0 ],
            "0.4": [ 0, 62.53002, 0 ],
            "0.4333333": [ 0, 61.70387, 0 ],
            "0.4666667": [ 0, 60.25213, 0 ],
            "0.5": [ 0, 58.16045, 0 ],
            "0.5333334": [ 0, 55.41452, 0 ],
            "0.5666667": [ 0, 52, 0 ],
            "0.6": [ 0, 40.70211, 0 ],
            "0.6333333": [ 0, 20.35105, 0 ],
            "0.6666667": [ 0, 0, 0 ],
            "0.7": [ 0, 0, 0 ],
            "0.7333333": [ 0, 0, 0 ],
            "0.7666667": [ 0, 0, 0 ],
            "0.8": [ 0, 0, 0 ],
            "0.8333333": [ 0, 0, 0 ],
            "0.8666667": [ 0, 0, 0 ]
          },
          "rotation": {
            "0": [ 0, 0, 0 ],
            "0.03333334": [ 0, 0, 0 ],
            "0.06666667": [ 0, 0, 0 ],
            "0.1": [ 0, 0, 0 ],
            "0.1333333": [ 0, 0, 0 ],
            "0.1666667": [ 0, 0, 0 ],
            "0.2": [ 0, 0, 0 ],
            "0.2333333": [ 0, 0, 0 ],
            "0.2666667": [ 0, 0, 0 ],
            "0.3": [ 0, 0, 0 ],
            "0.3333333": [ 0, 0, 0 ],
            "0.3666667": [ 0, 0, 0 ],
            "0.4": [ 0, 0, 0 ],
            "0.4333333": [ 0, 0, 0 ],
            "0.4666667": [ 0, 0, 0 ],
            "0.5": [ 0, 0, 0 ],
            "0.5333334": [ 0, 0, 0 ],
            "0.5666667": [ 0, 0, 0 ],
            "0.6": [ 0, 0, 0 ],
            "0.6333333": [ 0, 0, 0 ],
            "0.6666667": [ 0, 0, 0 ],
            "0.7": [ 0, 0, 0 ],
            "0.7333333": [ 0, 0, 0 ],
            "0.7666667": [ 0, 0, 0 ],
            "0.8": [ 0, 0, 0 ],
            "0.8333333": [ 0, 0, 0 ],
            "0.8666667": [ 0, 0, 0 ]
          },
          "scale": {
            "0": [ 0.1, 0.1, 0.1 ],
            "0.03333334": [ 0.1239207, 0.1239207, 0.1239207 ],
            "0.06666667": [ 0.2001264, 0.2001264, 0.2001264 ],
            "0.1": [ 0.3254657, 0.3254657, 0.3254657 ],
            "0.1333333": [ 0.4781584, 0.4781584, 0.4781584 ],
            "0.1666667": [ 0.6279024, 0.6279024, 0.6279024 ],
            "0.2": [ 0.7546375, 0.7546375, 0.7546375 ],
            "0.2333333": [ 0.8522081, 0.8522081, 0.8522081 ],
            "0.2666667": [ 0.9219133, 0.9219133, 0.9219133 ],
            "0.3": [ 0.9673625, 0.9673625, 0.9673625 ],
            "0.3333333": [ 0.9923075, 0.9923075, 0.9923075 ],
            "0.3666667": [ 1, 1, 1 ],
            "0.4": [ 1, 1, 1 ],
            "0.4333333": [ 1, 1, 1 ],
            "0.4666667": [ 1, 1, 1 ],
            "0.5": [ 1, 1, 1 ],
            "0.5333334": [ 1, 1, 1 ],
            "0.5666667": [ 1, 1, 1 ],
            "0.6": [ 1, 1, 1 ],
            "0.6333333": [ 1, 1, 1 ],
            "0.6666667": [ 1, 1, 1 ],
            "0.7": [ 0.9065673, 0.9065673, 0.9065673 ],
            "0.7333333": [ 0.8779492, 0.8779492, 0.8779492 ],
            "0.7666667": [ 0.8727999, 0.8727999, 0.8727999 ],
            "0.8": [ 0.8843201, 0.8843201, 0.8843201 ],
            "0.8333333": [ 0.9410322, 0.9410322, 0.9410322 ],
            "0.8666667": [ 1, 1, 1 ]
          }
        }
      }
    }
  }
}