{
  "format_version": "1.8.0",
  "animations": {
    "animation.chest_tappable_award": {
      "loop": false,
      "bones": {
        "world": {
          "position": {
            "0": [ 0, 0, 0 ],
            "0.03333334": [ 0, 0, 0 ],
            "0.06666667": [ 0, 0, 0 ],
            "0.1": [ 0, 0, 0 ],
            "0.1333333": [ 0, 0, 0 ],
            "0.1666667": [ 0, 0, 0 ],
            "0.2": [ 0, 0, 0 ],
            "0.2333333": [ 0, 0, 0 ],
            "0.2666667": [ 0, 0, 0 ],
            "0.3": [ 0, 0, 0 ],
            "0.3333333": [ 0, 0, 0 ]
          },
          "rotation": {
            "0": [ 0, 0, 0 ],
            "0.03333334": [ 0, 0, 0 ],
            "0.06666667": [ 0, 0, 0 ],
            "0.1": [ 0, 0, 0 ],
            "0.1333333": [ 0, 0, 0 ],
            "0.1666667": [ 0, 0, 0 ],
            "0.2": [ 0, 0, 0 ],
            "0.2333333": [ 0, 0, 0 ],
            "0.2666667": [ 0, 0, 0 ],
            "0.3": [ 0, 0, 0 ],
            "0.3333333": [ 0, 0, 0 ]
          },
          "scale": {
            "0": [ 1, 1, 1 ],
            "0.03333334": [ 1, 1, 1 ],
            "0.06666667": [ 1, 1, 1 ],
            "0.1": [ 1, 1, 1 ],
            "0.1333333": [ 1, 1, 1 ],
            "0.1666667": [ 1, 1, 1 ],
            "0.2": [ 1, 1, 1 ],
            "0.2333333": [ 1, 1, 1 ],
            "0.2666667": [ 1, 1, 1 ],
            "0.3": [ 1, 1, 1 ],
            "0.3333333": [ 1, 1, 1 ]
          }
        },
        "chest_top": {
          "position": {
            "0": [ 0, 0, 0 ],
            "0.03333334": [ 0, 0, 0 ],
            "0.06666667": [ 0, 0, 0 ],
            "0.1": [ 0, 0, 0 ],
            "0.1333333": [ 0, 0, 0 ],
            "0.1666667": [ 0, 0, 0 ],
            "0.2": [ 0, 0, 0 ],
            "0.2333333": [ 0, 0, 0 ],
            "0.2666667": [ 0, 0, 0 ],
            "0.3": [ 0, 0, 0 ],
            "0.3333333": [ 0, 0, 0 ]
          },
          "rotation": {
            "0": [ 0, 0, 0 ],
            "0.03333334": [ 0, 0, 0 ],
            "0.06666667": [ 0, 0, 0 ],
            "0.1": [ 0, 0, 0 ],
            "0.1333333": [ 0, 0, 0 ],
            "0.1666667": [ 0, 0, 0 ],
            "0.2": [ 0, 0, 0 ],
            "0.2333333": [ 0, 0, 0 ],
            "0.2666667": [ -48.13065, 0, 0 ],
            "0.3": [ -125.2043, 0, 0 ],
            "0.3333333": [ -151.2016, 0, 0 ]
          },
          "scale": {
            "0": [ 1, 1, 1 ],
            "0.03333334": [ 1, 1, 1 ],
            "0.06666667": [ 1, 1, 1 ],
            "0.1": [ 1, 1, 1 ],
            "0.1333333": [ 1, 1, 1 ],
            "0.1666667": [ 1, 1, 1 ],
            "0.2": [ 1, 1, 1 ],
            "0.2333333": [ 1, 1, 1 ],
            "0.2666667": [ 1, 1, 1 ],
            "0.3": [ 1, 1, 1 ],
            "0.3333333": [ 1, 1, 1 ]
          }
        },
        "chest_bottom": {
          "position": {
            "0": [ 0, 0, 0 ],
            "0.03333334": [ 0, 0, 0 ],
            "0.06666667": [ 0, 0, 0 ],
            "0.1": [ 0, 0, 0 ],
            "0.1333333": [ 0, 0, 0 ],
            "0.1666667": [ 0, 0, 0 ],
            "0.2": [ 0, 0, 0 ],
            "0.2333333": [ 0, 0, 0 ],
            "0.2666667": [ 0, 0, 0 ],
            "0.3": [ 0, 0, 0 ],
            "0.3333333": [ 0, 0, 0 ]
          },
          "rotation": {
            "0": [ -17.027, -18.116, 1.01 ],
            "0.03333334": [ -11.459, -18.116, 1.01 ],
            "0.06666667": [ -7.213289, -18.116, 1.01 ],
            "0.1": [ -2.519489, -18.116, 1.01 ],
            "0.1333333": [ 2.078329, -18.116, 1.01 ],
            "0.1666667": [ 6.036095, -18.116, 1.01 ],
            "0.2": [ 8.809739, -18.116, 1.01 ],
            "0.2333333": [ 9.855191, -18.116, 1.01 ],
            "0.2666667": [ 1.919497, -18.116, 1.01 ],
            "0.3": [ -11.69672, -18.116, 1.01 ],
            "0.3333333": [ -17.39215, -18.116, 1.01 ]
          },
          "scale": {
            "0": [ 1, 1, 1 ],
            "0.03333334": [ 0.9001529, 0.8885047, 0.9001529 ],
            "0.06666667": [ 0.6685466, 0.6299038, 0.6685466 ],
            "0.1": [ 0.4344795, 0.3688881, 0.4344795 ],
            "0.1333333": [ 0.3361979, 0.2611013, 0.3361979 ],
            "0.1666667": [ 0.3148368, 0.2396412, 0.3148368 ],
            "0.2": [ 0.3160245, 0.2410254, 0.3160245 ],
            "0.2333333": [ 0.3361979, 0.2611013, 0.3361979 ],
            "0.2666667": [ 0.6370623, 0.5896838, 0.6370623 ],
            "0.3": [ 1.156102, 1.156102, 1.156102 ],
            "0.3333333": [ 1.217713, 1.217713, 1.217713 ]
          }
        },
        "root": {
          "position": {
            "0": [ 0, 30.74077, 0 ],
            "0.03333334": [ -13.97602, 22.32421, -13.47204 ],
            "0.06666667": [ -11.94189, 17.40724, -11.51126 ],
            "0.1": [ -5.589528, 7.650401, -5.387968 ],
            "0.1333333": [ -2.354839, 3.157136, -2.269923 ],
            "0.1666667": [ -0.8571836, 1.137101, -0.8262732 ],
            "0.2": [ -0.1838696, 0.2422146, -0.1772392 ],
            "0.2333333": [ 0, 0, 0 ],
            "0.2666667": [ 0, 0, 0 ],
            "0.3": [ 0, 0, 0 ],
            "0.3333333": [ 0, 0, 0 ]
          },
          "rotation": {
            "0": [ 0, 0, 0 ],
            "0.03333334": [ 0, 0, 0 ],
            "0.06666667": [ 0, 0, 0 ],
            "0.1": [ 0, 0, 0 ],
            "0.1333333": [ 0, 0, 0 ],
            "0.1666667": [ 0, 0, 0 ],
            "0.2": [ 0, 0, 0 ],
            "0.2333333": [ 0, 0, 0 ],
            "0.2666667": [ 0, 0, 0 ],
            "0.3": [ 0, 0, 0 ],
            "0.3333333": [ 0, 0, 0 ]
          },
          "scale": {
            "0": [ 1, 1, 1 ],
            "0.03333334": [ 1, 1, 1 ],
            "0.06666667": [ 1, 1, 1 ],
            "0.1": [ 1, 1, 1 ],
            "0.1333333": [ 1, 1, 1 ],
            "0.1666667": [ 1, 1, 1 ],
            "0.2": [ 1, 1, 1 ],
            "0.2333333": [ 1, 1, 1 ],
            "0.2666667": [ 1, 1, 1 ],
            "0.3": [ 1, 1, 1 ],
            "0.3333333": [ 1, 1, 1 ]
          }
        }
      }
    }
  }
}