{
  "format_version": "1.8.0",
  "animations": {
    "animation.chest_tappable_tap_2": {
      "loop": false,
      "bones": {
        "world": {
          "position": {
            "0": [ 0, 0, 0 ],
            "0.03333334": [ 0, 0, 0 ],
            "0.06666667": [ 0, 0, 0 ],
            "0.1": [ 0, 0, 0 ],
            "0.1333333": [ 0, 0, 0 ],
            "0.1666667": [ 0, 0, 0 ],
            "0.2": [ 0, 0, 0 ],
            "0.2333333": [ 0, 0, 0 ],
            "0.2666667": [ 0, 0, 0 ],
            "0.3": [ 0, 0, 0 ]
          },
          "rotation": {
            "0": [ 0, 0, 0 ],
            "0.03333334": [ 0, 0, 0 ],
            "0.06666667": [ 0, 0, 0 ],
            "0.1": [ 0, 0, 0 ],
            "0.1333333": [ 0, 0, 0 ],
            "0.1666667": [ 0, 0, 0 ],
            "0.2": [ 0, 0, 0 ],
            "0.2333333": [ 0, 0, 0 ],
            "0.2666667": [ 0, 0, 0 ],
            "0.3": [ 0, 0, 0 ]
          },
          "scale": {
            "0": [ 1, 1, 1 ],
            "0.03333334": [ 1, 1, 1 ],
            "0.06666667": [ 1, 1, 1 ],
            "0.1": [ 1, 1, 1 ],
            "0.1333333": [ 1, 1, 1 ],
            "0.1666667": [ 1, 1, 1 ],
            "0.2": [ 1, 1, 1 ],
            "0.2333333": [ 1, 1, 1 ],
            "0.2666667": [ 1, 1, 1 ],
            "0.3": [ 1, 1, 1 ]
          }
        },
        "chest_top": {
          "position": {
            "0": [ 0, 0, 0 ],
            "0.03333334": [ 0, 0, 0 ],
            "0.06666667": [ 0, 0, 0 ],
            "0.1": [ 0, 0, 0 ],
            "0.1333333": [ 0, 0, 0 ],
            "0.1666667": [ 0, 0, 0 ],
            "0.2": [ 0, 0, 0 ],
            "0.2333333": [ 0, 0, 0 ],
            "0.2666667": [ 0, 0, 0 ],
            "0.3": [ 0, 0, 0 ]
          },
          "rotation": {
            "0": [ 0, 0, 0 ],
            "0.03333334": [ 0, 0, 0 ],
            "0.06666667": [ 0, 0, 0 ],
            "0.1": [ 0, 0, 0 ],
            "0.1333333": [ 0, 0, 0 ],
            "0.1666667": [ 0, 0, 0 ],
            "0.2": [ 0, 0, 0 ],
            "0.2333333": [ 0, 0, 0 ],
            "0.2666667": [ 0, 0, 0 ],
            "0.3": [ 0, 0, 0 ]
          },
          "scale": {
            "0": [ 1, 1, 1 ],
            "0.03333334": [ 1, 1, 1 ],
            "0.06666667": [ 1, 1, 1 ],
            "0.1": [ 1, 1, 1 ],
            "0.1333333": [ 1, 1, 1 ],
            "0.1666667": [ 1, 1, 1 ],
            "0.2": [ 1, 1, 1 ],
            "0.2333333": [ 1, 1, 1 ],
            "0.2666667": [ 1, 1, 1 ],
            "0.3": [ 1, 1, 1 ]
          }
        },
        "chest_bottom": {
          "position": {
            "0": [ 0, 0, 0 ],
            "0.03333334": [ 0, 0, 0 ],
            "0.06666667": [ 0, 0, 0 ],
            "0.1": [ 0, 0, 0 ],
            "0.1333333": [ 0, 0, 0 ],
            "0.1666667": [ 0, 0, 0 ],
            "0.2": [ 0, 0, 0 ],
            "0.2333333": [ 0, 0, 0 ],
            "0.2666667": [ 0, 0, 0 ],
            "0.3": [ 0, 0, 0 ]
          },
          "rotation": {
            "0": [ -0.3326054, -0.03595941, 0.8263531 ],
            "0.03333334": [ -1.241727, -0.1342485, 1.691045 ],
            "0.06666667": [ -2.594322, -0.2804834, 2.592562 ],
            "0.1": [ -4.257349, -0.4602805, 3.525479 ],
            "0.1333333": [ -6.097766, -0.6592559, 4.479664 ],
            "0.1666667": [ -7.98253, -0.8630259, 5.440965 ],
            "0.2": [ -9.778599, -1.057207, 6.393717 ],
            "0.2333333": [ -11.35293, -1.227415, 7.324062 ],
            "0.2666667": [ -7.095582, -0.7671341, 4.577539 ],
            "0.3": [ 0, 0, 0 ]
          },
          "scale": {
            "0": [ 1, 1, 1 ],
            "0.03333334": [ 1, 1, 1 ],
            "0.06666667": [ 1, 1, 1 ],
            "0.1": [ 1, 1, 1 ],
            "0.1333333": [ 1, 1, 1 ],
            "0.1666667": [ 1, 1, 1 ],
            "0.2": [ 1, 1, 1 ],
            "0.2333333": [ 1, 1, 1 ],
            "0.2666667": [ 1, 1, 1 ],
            "0.3": [ 1, 1, 1 ]
          }
        },
        "root": {
          "position": {
            "0": [ 0, 3.385492, 0 ],
            "0.03333334": [ 0, 6.960425, 0 ],
            "0.06666667": [ 0, 8.455862, 0 ],
            "0.1": [ 0, 8.807142, 0 ],
            "0.1333333": [ 0, 8.645481, 0 ],
            "0.1666667": [ 0, 7.99247, 0 ],
            "0.2": [ 0, 6.347695, 0 ],
            "0.2333333": [ 0, 3.457254, 0 ],
            "0.2666667": [ 0, 1.728627, 0 ],
            "0.3": [ 0, 0, 0 ]
          },
          "rotation": {
            "0": [ 0, 0, 0 ],
            "0.03333334": [ 0, 0, 0 ],
            "0.06666667": [ 0, 0, 0 ],
            "0.1": [ 0, 0, 0 ],
            "0.1333333": [ 0, 0, 0 ],
            "0.1666667": [ 0, 0, 0 ],
            "0.2": [ 0, 0, 0 ],
            "0.2333333": [ 0, 0, 0 ],
            "0.2666667": [ 0, 0, 0 ],
            "0.3": [ 0, 0, 0 ]
          },
          "scale": {
            "0": [ 1, 1, 1 ],
            "0.03333334": [ 1, 1, 1 ],
            "0.06666667": [ 1, 1, 1 ],
            "0.1": [ 1, 1, 1 ],
            "0.1333333": [ 1, 1, 1 ],
            "0.1666667": [ 1, 1, 1 ],
            "0.2": [ 1, 1, 1 ],
            "0.2333333": [ 1, 1, 1 ],
            "0.2666667": [ 1, 1, 1 ],
            "0.3": [ 1, 1, 1 ]
          }
        }
      }
    }
  }
}