{
  "format_version": "1.8.0",
  "animations": {
    "animation.chest_tappable_award_loop": {
      "loop": true,
      "bones": {
        "world": {
          "position": {
            "0": [ 0, 0, 0 ],
            "0.03333334": [ 0, 0, 0 ],
            "0.06666667": [ 0, 0, 0 ],
            "0.1": [ 0, 0, 0 ],
            "0.1333333": [ 0, 0, 0 ],
            "0.1666667": [ 0, 0, 0 ],
            "0.2": [ 0, 0, 0 ],
            "0.2333333": [ 0, 0, 0 ],
            "0.2666667": [ 0, 0, 0 ],
            "0.3": [ 0, 0, 0 ],
            "0.3333333": [ 0, 0, 0 ],
            "0.3666667": [ 0, 0, 0 ],
            "0.4": [ 0, 0, 0 ],
            "0.4333333": [ 0, 0, 0 ]
          },
          "rotation": {
            "0": [ 0, 0, 0 ],
            "0.03333334": [ 0, 0, 0 ],
            "0.06666667": [ 0, 0, 0 ],
            "0.1": [ 0, 0, 0 ],
            "0.1333333": [ 0, 0, 0 ],
            "0.1666667": [ 0, 0, 0 ],
            "0.2": [ 0, 0, 0 ],
            "0.2333333": [ 0, 0, 0 ],
            "0.2666667": [ 0, 0, 0 ],
            "0.3": [ 0, 0, 0 ],
            "0.3333333": [ 0, 0, 0 ],
            "0.3666667": [ 0, 0, 0 ],
            "0.4": [ 0, 0, 0 ],
            "0.4333333": [ 0, 0, 0 ]
          },
          "scale": {
            "0": [ 1, 1, 1 ],
            "0.03333334": [ 1, 1, 1 ],
            "0.06666667": [ 1, 1, 1 ],
            "0.1": [ 1, 1, 1 ],
            "0.1333333": [ 1, 1, 1 ],
            "0.1666667": [ 1, 1, 1 ],
            "0.2": [ 1, 1, 1 ],
            "0.2333333": [ 1, 1, 1 ],
            "0.2666667": [ 1, 1, 1 ],
            "0.3": [ 1, 1, 1 ],
            "0.3333333": [ 1, 1, 1 ],
            "0.3666667": [ 1, 1, 1 ],
            "0.4": [ 1, 1, 1 ],
            "0.4333333": [ 1, 1, 1 ]
          }
        },
        "chest_top": {
          "position": {
            "0": [ 0, 0, 0 ],
            "0.03333334": [ 0, 0, 0 ],
            "0.06666667": [ 0, 0, 0 ],
            "0.1": [ 0, 0, 0 ],
            "0.1333333": [ 0, 0, 0 ],
            "0.1666667": [ 0, 0, 0 ],
            "0.2": [ 0, 0, 0 ],
            "0.2333333": [ 0, 0, 0 ],
            "0.2666667": [ 0, 0, 0 ],
            "0.3": [ 0, 0, 0 ],
            "0.3333333": [ 0, 0, 0 ],
            "0.3666667": [ 0, 0, 0 ],
            "0.4": [ 0, 0, 0 ],
            "0.4333333": [ 0, 0, 0 ]
          },
          "rotation": {
            "0": [ 0, 0, 0 ],
            "0.03333334": [ 0, 0, 0 ],
            "0.06666667": [ 0, 0, 0 ],
            "0.1": [ 0, 0, 0 ],
            "0.1333333": [ 0, 0, 0 ],
            "0.1666667": [ 0, 0, 0 ],
            "0.2": [ 0, 0, 0 ],
            "0.2333333": [ 0, 0, 0 ],
            "0.2666667": [ 0, 0, 0 ],
            "0.3": [ 0, 0, 0 ],
            "0.3333333": [ 0, 0, 0 ],
            "0.3666667": [ 0, 0, 0 ],
            "0.4": [ 0, 0, 0 ],
            "0.4333333": [ 0, 0, 0 ]
          },
          "scale": {
            "0": [ 1, 1, 1 ],
            "0.03333334": [ 1, 1, 1 ],
            "0.06666667": [ 1, 1, 1 ],
            "0.1": [ 1, 1, 1 ],
            "0.1333333": [ 1, 1, 1 ],
            "0.1666667": [ 1, 1, 1 ],
            "0.2": [ 1, 1, 1 ],
            "0.2333333": [ 1, 1, 1 ],
            "0.2666667": [ 1, 1, 1 ],
            "0.3": [ 1, 1, 1 ],
            "0.3333333": [ 1, 1, 1 ],
            "0.3666667": [ 1, 1, 1 ],
            "0.4": [ 1, 1, 1 ],
            "0.4333333": [ 1, 1, 1 ]
          }
        },
        "chest_bottom": {
          "position": {
            "0": [ 0, 0, 0 ],
            "0.03333334": [ 0, 0, 0 ],
            "0.06666667": [ 0, 0, 0 ],
            "0.1": [ 0, 0, 0 ],
            "0.1333333": [ 0, 0, 0 ],
            "0.1666667": [ 0, 0, 0 ],
            "0.2": [ 0, 0, 0 ],
            "0.2333333": [ 0, 0, 0 ],
            "0.2666667": [ 0, 0, 0 ],
            "0.3": [ 0, 0, 0 ],
            "0.3333333": [ 0, 0, 0 ],
            "0.3666667": [ 0, 0, 0 ],
            "0.4": [ 0, 0, 0 ],
            "0.4333333": [ 0, 0, 0 ]
          },
          "rotation": {
            "0": [ -17.027, -18.116, 1.01 ],
            "0.03333334": [ -17.027, -18.116, 1.01 ],
            "0.06666667": [ -17.027, -18.116, 1.01 ],
            "0.1": [ -17.027, -18.116, 1.01 ],
            "0.1333333": [ -17.027, -18.116, 1.01 ],
            "0.1666667": [ -17.027, -18.116, 1.01 ],
            "0.2": [ -17.027, -18.116, 1.01 ],
            "0.2333333": [ -17.027, -18.116, 1.01 ],
            "0.2666667": [ -17.027, -18.116, 1.01 ],
            "0.3": [ -17.027, -18.116, 1.01 ],
            "0.3333333": [ -17.027, -18.116, 1.01 ],
            "0.3666667": [ -17.027, -18.116, 1.01 ],
            "0.4": [ -17.027, -18.116, 1.01 ],
            "0.4333333": [ -17.027, -18.116, 1.01 ]
          },
          "scale": {
            "0": [ 1, 1, 1 ],
            "0.03333334": [ 1, 1, 1 ],
            "0.06666667": [ 1, 1, 1 ],
            "0.1": [ 1, 1, 1 ],
            "0.1333333": [ 1, 1, 1 ],
            "0.1666667": [ 1, 1, 1 ],
            "0.2": [ 1, 1, 1 ],
            "0.2333333": [ 1, 1, 1 ],
            "0.2666667": [ 1, 1, 1 ],
            "0.3": [ 1, 1, 1 ],
            "0.3333333": [ 1, 1, 1 ],
            "0.3666667": [ 1, 1, 1 ],
            "0.4": [ 1, 1, 1 ],
            "0.4333333": [ 1, 1, 1 ]
          }
        },
        "root": {
          "position": {
            "0": [ 0, 30.736, 0 ],
            "0.03333334": [ -8.379786, 24.13271, -3.616753 ],
            "0.06666667": [ -12.50415, 19.70609, -4.650953 ],
            "0.1": [ -7.503807, 22.07645, -2.107692 ],
            "0.1333333": [ 1.782536, 26.47856, 2.615509 ],
            "0.1666667": [ 6.782874, 28.84892, 5.158772 ],
            "0.2": [ -4.832392, 25.49255, 2.019603 ],
            "0.2333333": [ -16.44766, 22.13618, -1.119566 ],
            "0.2666667": [ -6.748393, 27.39959, 1.048565 ],
            "0.3": [ 2.950872, 32.663, 3.216695 ],
            "0.3333333": [ -3.072382, 28.49822, -0.2504056 ],
            "0.3666667": [ -9.095637, 24.33344, -3.717506 ],
            "0.4": [ -0.9655067, 28.95998, 1.447428 ],
            "0.4333333": [ 7.164624, 33.58652, 6.612361 ]
          },
          "rotation": {
            "0": [ 0, 0, 0 ],
            "0.03333334": [ 0, 0, 0 ],
            "0.06666667": [ 0, 0, 0 ],
            "0.1": [ 0, 0, 0 ],
            "0.1333333": [ 0, 0, 0 ],
            "0.1666667": [ 0, 0, 0 ],
            "0.2": [ 0, 0, 0 ],
            "0.2333333": [ 0, 0, 0 ],
            "0.2666667": [ 0, 0, 0 ],
            "0.3": [ 0, 0, 0 ],
            "0.3333333": [ 0, 0, 0 ],
            "0.3666667": [ 0, 0, 0 ],
            "0.4": [ 0, 0, 0 ],
            "0.4333333": [ 0, 0, 0 ]
          },
          "scale": {
            "0": [ 1, 1, 1 ],
            "0.03333334": [ 1, 1, 1 ],
            "0.06666667": [ 1, 1, 1 ],
            "0.1": [ 1, 1, 1 ],
            "0.1333333": [ 1, 1, 1 ],
            "0.1666667": [ 1, 1, 1 ],
            "0.2": [ 1, 1, 1 ],
            "0.2333333": [ 1, 1, 1 ],
            "0.2666667": [ 1, 1, 1 ],
            "0.3": [ 1, 1, 1 ],
            "0.3333333": [ 1, 1, 1 ],
            "0.3666667": [ 1, 1, 1 ],
            "0.4": [ 1, 1, 1 ],
            "0.4333333": [ 1, 1, 1 ]
          }
        }
      }
    }
  }
}