{
  "format_version": "1.8.0",
  "animations": {
    "animation.cow.tappable.mapIdle": {
      "loop": true,
      "bones": {
        "head": {
          "position": {
            "0": [ 0, 0, 0 ],
            "15.96667": [ 0, 0, 0 ]
          },
          "rotation": {
            "0": [ -11.18447, 0, 0 ],
            "0.6333333": [ -8, 0, 0 ],
            "1.3": [ -11.18447, 0, 0 ],
            "1.966667": [ -8, 0, 0 ],
            "2.633333": [ -11.18447, 0, 0 ],
            "3.133333": [ -11.18447, 0, -14.12188 ],
            "3.3": [ -11.18447, 0, 11.23933 ],
            "3.466667": [ -4.458185, 0, -20.506 ],
            "3.633333": [ 2.184148, 0, 14.72993 ],
            "3.8": [ 4.936831, 0, -15.11119 ],
            "3.966667": [ 6.343096, 0, 14.1874 ],
            "4.133333": [ 6.918963, 0, -17.85176 ],
            "4.3": [ 6.511783, 0, 14.187 ],
            "4.466667": [ 5.407495, 0, -15.21793 ],
            "5.166667": [ -11.184, 0, 0 ],
            "5.633333": [ -10.4414, 0, 2.36141 ],
            "6.133333": [ -8, 0, 0 ],
            "6.633333": [ -11.184, 0, 0 ],
            "7.3": [ -8, 0, 0 ],
            "7.966667": [ -11.184, 0, 0 ],
            "8.633333": [ -8, 0, 0 ],
            "9.3": [ -11.184, 0, 0 ],
            "9.966666": [ -11.184, 34.61489, 0 ],
            "10.63333": [ -11.184, 34.61489, 0 ],
            "11.3": [ -11.184, -61.69197, 0 ],
            "11.96667": [ -11.184, -68.82581, 0 ],
            "12.63333": [ -11.184, -12.94406, 0 ],
            "13.3": [ -11.184, -21.0487, 0 ],
            "13.96667": [ -11.184, 0.1346536, 0 ],
            "14.63333": [ -11.184, -15.516, 0 ],
            "15.3": [ -11.184, -27.02598, 0 ],
            "15.96667": [ -11.184, 0, 0 ]
          },
          "scale": {
            "0": [ 1, 1, 1 ],
            "15.96667": [ 1, 1, 1 ]
          }
        },
        "leg0": {
          "position": {
            "0": [ 0, 0, 0 ],
            "15.96667": [ 0, 0, 0 ]
          },
          "rotation": {
            "0": [ 0, 0, 0 ],
            "7.966667": [ 0, 0, 0 ],
            "8.3": [ 19.42543, 0, 0 ],
            "8.633333": [ -18.76755, 0, 0 ],
            "8.966666": [ 21.32503, 0, 0 ],
            "9.3": [ -14.46503, 0, 0 ],
            "9.633333": [ 21.22856, 0, 0 ],
            "9.966666": [ 0, 0, 0 ],
            "10.63333": [ 0, 0, 0 ],
            "10.96667": [ -16.12565, 0, 0 ],
            "11.3": [ 6.461493, 0, 0 ],
            "11.63333": [ -23.28173, 0, 0 ],
            "11.96667": [ 0, 0, 0 ],
            "12.63333": [ 0, 0, 0 ],
            "12.96667": [ -25.00317, 0, 0 ],
            "13.3": [ 15.46849, 0, 0 ],
            "13.63333": [ -22.73617, 0, 0 ],
            "13.96667": [ 23.08437, 0, 0 ],
            "14.3": [ -17.88347, 0, 0 ],
            "14.63333": [ 0, 0, 0 ],
            "14.96667": [ 12.81346, 0, 0 ],
            "15.3": [ -23.04185, 0, 0 ],
            "15.63333": [ 10.54003, 0, 0 ],
            "15.96667": [ 0, 0, 0 ]
          },
          "scale": {
            "0": [ 1, 1, 1 ],
            "15.96667": [ 1, 1, 1 ]
          }
        },
        "leg1": {
          "position": {
            "0": [ 0, 0, 0 ],
            "15.96667": [ 0, 0, 0 ]
          },
          "rotation": {
            "0": [ 0, 0, 0 ],
            "7.966667": [ 0, 0, 0 ],
            "8.3": [ -14.14063, 0, 0 ],
            "8.633333": [ 15.16254, 0, 0 ],
            "8.966666": [ -10.14585, 0, 0 ],
            "9.3": [ 18.0642, 0, 0 ],
            "9.633333": [ -12.87634, 0, 0 ],
            "9.966666": [ 0, 0, 0 ],
            "10.63333": [ 0, 0, 0 ],
            "10.96667": [ 17.53079, 0, 0 ],
            "11.3": [ -18.85297, 0, 0 ],
            "11.63333": [ 15.07428, 0, 0 ],
            "11.96667": [ 0, 0, 0 ],
            "12.63333": [ 0, 0, 0 ],
            "12.96667": [ 14.09921, 0, 0 ],
            "13.3": [ -21.10179, 0, 0 ],
            "13.63333": [ 12.48373, 0, 0 ],
            "13.96667": [ -17.82043, 0, 0 ],
            "14.3": [ 19.5398, 0, 0 ],
            "14.63333": [ 0, 0, 0 ],
            "14.96667": [ -27.43577, 0, 0 ],
            "15.3": [ 12.58025, 0, 0 ],
            "15.63333": [ -27.71764, 0, 0 ],
            "15.96667": [ 0, 0, 0 ]
          },
          "scale": {
            "0": [ 1, 1, 1 ],
            "15.96667": [ 1, 1, 1 ]
          }
        },
        "leg2": {
          "position": {
            "0": [ 0, 0, 0 ],
            "15.96667": [ 0, 0, 0 ]
          },
          "rotation": {
            "0": [ 0, 0, 0 ],
            "7.966667": [ 0, 0, 0 ],
            "8.3": [ -14.14063, 0, 0 ],
            "8.633333": [ 15.16254, 0, 0 ],
            "8.966666": [ -15.01798, 0, 0 ],
            "9.3": [ 18.0642, 0, 0 ],
            "9.633333": [ -12.52833, 0, 0 ],
            "9.966666": [ 0, 0, 0 ],
            "10.63333": [ 0, 0, 0 ],
            "10.96667": [ 17.53079, 0, 0 ],
            "11.3": [ -18.85297, 0, 0 ],
            "11.63333": [ 15.07428, 0, 0 ],
            "11.96667": [ 0, 0, 0 ],
            "12.63333": [ 0, 0, 0 ],
            "12.96667": [ 14.09921, 0, 0 ],
            "13.3": [ -21.10179, 0, 0 ],
            "13.63333": [ 12.48373, 0, 0 ],
            "13.96667": [ -17.82043, 0, 0 ],
            "14.3": [ 19.5398, 0, 0 ],
            "14.63333": [ 0, 0, 0 ],
            "14.96667": [ -27.43577, 0, 0 ],
            "15.3": [ 12.58025, 0, 0 ],
            "15.63333": [ -27.71764, 0, 0 ],
            "15.96667": [ 0, 0, 0 ]
          },
          "scale": {
            "0": [ 1, 1, 1 ],
            "15.96667": [ 1, 1, 1 ]
          }
        },
        "leg3": {
          "position": {
            "0": [ 0, 0, 0 ],
            "15.96667": [ 0, 0, 0 ]
          },
          "rotation": {
            "0": [ 0, 0, 0 ],
            "7.966667": [ 0, 0, 0 ],
            "8.3": [ 19.42543, 0, 0 ],
            "8.633333": [ -18.76755, 0, 0 ],
            "8.966666": [ 21.32503, 0, 0 ],
            "9.3": [ -14.46503, 0, 0 ],
            "9.633333": [ 21.22856, 0, 0 ],
            "9.966666": [ 0, 0, 0 ],
            "10.63333": [ 0, 0, 0 ],
            "10.96667": [ -16.12565, 0, 0 ],
            "11.3": [ 6.461493, 0, 0 ],
            "11.63333": [ -23.28173, 0, 0 ],
            "11.96667": [ 0, 0, 0 ],
            "12.63333": [ 0, 0, 0 ],
            "12.96667": [ -25.00317, 0, 0 ],
            "13.3": [ 15.46849, 0, 0 ],
            "13.63333": [ -22.73617, 0, 0 ],
            "13.96667": [ 23.08437, 0, 0 ],
            "14.3": [ -17.88347, 0, 0 ],
            "14.63333": [ 0, 0, 0 ],
            "14.96667": [ 12.81346, 0, 0 ],
            "15.3": [ -23.04185, 0, 0 ],
            "15.63333": [ 10.54003, 0, 0 ],
            "15.96667": [ 0, 0, 0 ]
          },
          "scale": {
            "0": [ 1, 1, 1 ],
            "15.96667": [ 1, 1, 1 ]
          }
        },
        "body": {
          "position": {
            "0": [ 0, 0, 0 ],
            "7.966667": [ 0, 0, 0 ],
            "8.633333": [ 0, 0, -6.649607 ],
            "9.3": [ 0, 0, -13.8619 ],
            "9.966666": [ 0, 0, -16.86711 ],
            "10.63333": [ 0, 0, -16.90551 ],
            "13.3": [ 0, 0, -16.90551 ],
            "13.96667": [ 0, 0, -7.299048 ],
            "14.63333": [ 0, 0, 0 ],
            "15.3": [ 0, 0, -0.6984128 ],
            "15.96667": [ 0, 0, 0 ]
          },
          "rotation": {
            "0": [ 0, 0, 0 ],
            "8.633333": [ 0, 0, 0 ],
            "9.3": [ 0, 13.94982, 0 ],
            "9.966666": [ 0, 17.59531, 0 ],
            "10.63333": [ 0, 17.59531, 0 ],
            "11.63333": [ 0, -55.44849, 0 ],
            "11.96667": [ 0, -62.84373, 0 ],
            "12.63333": [ 0, -62.84373, 0 ],
            "13.3": [ 0, -128.9303, 0 ],
            "13.96667": [ 0, -180, 0 ],
            "14.63333": [ 0, -180, 0 ],
            "15.3": [ 0, -270, 0 ],
            "15.96667": [ 0, -360, 0 ]
          },
          "scale": {
            "0": [ 1, 1, 1 ],