{
  "format_version": "1.8.0",
  "animations": {
    "animation.grass.tappable.mapDespawn": {
      "loop": false,
      "bones": {
        "grass": {
          "position": {
            "0": [ 0, 0, 0 ],
            "0.03333334": [ 0, -2.854563, 0 ],
            "0.06666667": [ 0, -3.270211, 0 ],
            "0.1": [ 0, -3.202694, 0 ],
            "0.1333333": [ 0, -2.94237, 0 ],
            "0.1666667": [ 0, -2.381882, 0 ],
            "0.2": [ 0, -1.5988, 0 ],
            "0.2333333": [ 0, -0.9469455, 0 ],
            "0.2666667": [ 0, -0.5209234, 0 ],
            "0.3": [ 0, -0.2572122, 0 ],
            "0.3333333": [ 0, -0.1021924, 0 ],
            "0.3666667": [ 0, -0.02316643, 0 ],
            "0.4": [ 0, 0, 0 ],
            "0.4333333": [ 0, -0.01865027, 0 ],
            "0.4666667": [ 0, -0.08059723, 0 ],
            "0.5": [ 0, -0.1974902, 0 ],
            "0.5333334": [ 0, -0.3857831, 0 ],
            "0.5666667": [ 0, -0.667907, 0 ],
            "0.6": [ 0, -1.067347, 0 ],
            "0.6333333": [ 0, -1.572587, 0 ],
            "0.6666667": [ 0, -2.055872, 0 ],
            "0.7": [ 0, -2.348476, 0 ],
            "0.7333333": [ 0, -2.432619, 0 ]
          },
          "rotation": {
            "0": [ 0, 0, 0 ],
            "0.03333334": [ 0, 0, 0 ],
            "0.06666667": [ 0, 0, 0 ],
            "0.1": [ 0, 0, 0 ],
            "0.1333333": [ 0, 0, 0 ],
            "0.1666667": [ 0, 0, 0 ],
            "0.2": [ 0, 0, 0 ],
            "0.2333333": [ 0, 0, 0 ],
            "0.2666667": [ 0, 0, 0 ],
            "0.3": [ 0, 0, 0 ],
            "0.3333333": [ 0, 0, 0 ],
            "0.3666667": [ 0, 0, 0 ],
            "0.4": [ 0, 0, 0 ],
            "0.4333333": [ 0, 0, 0 ],
            "0.4666667": [ 0, 0, 0 ],
            "0.5": [ 0, 0, 0 ],
            "0.5333334": [ 0, 0, 0 ],
            "0.5666667": [ 0, 0, 0 ],
            "0.6": [ 0, 0, 0 ],
            "0.6333333": [ 0, 0, 0 ],
            "0.6666667": [ 0, 0, 0 ],
            "0.7": [ 0, 0, 0 ],
            "0.7333333": [ 0, 0, 0 ]
          },
          "scale": {
            "0": [ 1, 1, 1 ],
            "0.03333334": [ 1, 1, 1 ],
            "0.06666667": [ 1, 1, 1 ],
            "0.1": [ 1, 1, 1 ],
            "0.1333333": [ 1, 1, 1 ],
            "0.1666667": [ 1, 1, 1 ],
            "0.2": [ 1, 1, 1 ],
            "0.2333333": [ 1, 1, 1 ],
            "0.2666667": [ 1, 1, 1 ],
            "0.3": [ 1, 1, 1 ],
            "0.3333333": [ 1, 1, 1 ],
            "0.3666667": [ 1, 1, 1 ],
            "0.4": [ 1, 1, 1 ],
            "0.4333333": [ 1, 1, 1 ],
            "0.4666667": [ 1, 1, 1 ],
            "0.5": [ 1, 1, 1 ],
            "0.5333334": [ 1, 1, 1 ],
            "0.5666667": [ 1, 1, 1 ],
            "0.6": [ 1, 1, 1 ],
            "0.6333333": [ 1, 1, 1 ],
            "0.6666667": [ 1, 1, 1 ],
            "0.7": [ 1, 1, 1 ],
            "0.7333333": [ 1, 1, 1 ]
          }
        },
        "root": {
          "position": {
            "0": [ 0, 0, 0 ],
            "0.03333334": [ 0, 14.69521, 0 ],
            "0.06666667": [ 0, 30.52056, 0 ],
            "0.1": [ 0, 44.08563, 0 ],
            "0.1333333": [ 0, 52, 0 ],
            "0.1666667": [ 0, 55.65098, 0 ],
            "0.2": [ 0, 58.67816, 0 ],
            "0.2333333": [ 0, 61.06953, 0 ],
            "0.2666667": [ 0, 62.8131, 0 ],
            "0.3": [ 0, 63.89685, 0 ],
            "0.3333333": [ 0, 64.30878, 0 ],
            "0.3666667": [ 0, 64.0369, 0 ],
            "0.4": [ 0, 63.06918, 0 ],
            "0.4333333": [ 0, 61.39364, 0 ],
            "0.4666667": [ 0, 58.99827, 0 ],
            "0.5": [ 0, 55.87106, 0 ],
            "0.5333334": [ 0, 52, 0 ],
            "0.5666667": [ 0, 43.92358, 0 ],
            "0.6": [ 0, 30.37651, 0 ],
            "0.6333333": [ 0, 14.64119, 0 ],
            "0.6666667": [ 0, 0, 0 ],
            "0.7": [ 0, 0, 0 ],
            "0.7333333": [ 0, 0, 0 ]
          },
          "rotation": {
            "0": [ 0, 0, 0 ],
            "0.03333334": [ 0, 0, 0 ],
            "0.06666667": [ 0, 0, 0 ],
            "0.1": [ 0, 0, 0 ],
            "0.1333333": [ 0, 0, 0 ],
            "0.1666667": [ 0, 0, 0 ],
            "0.2": [ 0, 0, 0 ],
            "0.2333333": [ 0, 0, 0 ],
            "0.2666667": [ 0, 0, 0 ],
            "0.3": [ 0, 0, 0 ],
            "0.3333333": [ 0, 0, 0 ],
            "0.3666667": [ 0, 0, 0 ],
            "0.4": [ 0, 0, 0 ],
            "0.4333333": [ 0, 0, 0 ],
            "0.4666667": [ 0, 0, 0 ],
            "0.5": [ 0, 0, 0 ],
            "0.5333334": [ 0, 0, 0 ],
            "0.5666667": [ 0, 0, 0 ],
            "0.6": [ 0, 0, 0 ],
            "0.6333333": [ 0, 0, 0 ],
            "0.6666667": [ 0, 0, 0 ],
            "0.7": [ 0, 0, 0 ],
            "0.7333333": [ 0, 0, 0 ]
          },
          "scale": {
            "0": [ 1, 1, 1 ],
            "0.03333334": [ 1, 1, 1 ],
            "0.06666667": [ 1, 1, 1 ],
            "0.1": [ 1, 1, 1 ],
            "0.1333333": [ 1, 1, 1 ],
            "0.1666667": [ 1, 1, 1 ],
            "0.2": [ 1, 1, 1 ],
            "0.2333333": [ 1, 1, 1 ],
            "0.2666667": [ 1, 1, 1 ],
            "0.3": [ 1, 1, 1 ],
            "0.3333333": [ 1, 1, 1 ],
            "0.3666667": [ 0.9957141, 0.9957141, 0.9957141 ],
            "0.4": [ 0.9814082, 0.9814082, 0.9814082 ],
            "0.4333333": [ 0.9541395, 0.9541395, 0.9541395 ],
            "0.4666667": [ 0.9093084, 0.9093084, 0.9093084 ],
            "0.5": [ 0.8391277, 0.8391277, 0.8391277 ],
            "0.5333334": [ 0.7290478, 0.7290478, 0.7290478 ],
            "0.5666667": [ 0.5507718, 0.5507718, 0.5507718 ],
            "0.6": [ 0.2967479, 0.2967479, 0.2967479 ],
            "0.6333333": [ 0.1360284, 0.1360284, 0.1360284 ],
            "0.6666667": [ 0.1, 0.1, 0.1 ],
            "0.7": [ 0.1, 0.1, 0.1 ],
            "0.7333333": [ 0.1, 0.1, 0.1 ]
          }
        }
      }
    }
  }
}